filename,text,embedding
3418528.pdf,"18Control Communication Co-Design for Wide Area
Cyber-Physical Systems
LAKSHBHATIA,IVANATOMIĆ,ANQIFU,MICHAELBREZA,andJULIEA.MCCANN,
ImperialCollege London
WideAreaCyber-PhysicalSystems(WA-CPSs)areaclassofcontrolsystemsthatintegratelow-poweredsen-
sors, heterogeneous actuators, and computer controllers into large infrastructure that span multi-kilometre
distances. Current wireless communication technologies are incapable of meeting the communication re-
quirementsofrangeandboundeddelaysneededforthecontrolofWA-CPSs.Tosolvethisproblem,weusea
Control Communication Co-design approach for WA-CPSs, that we refer to as the C3approach, to design a
novelLow-PowerWideArea(LPWA)MACprotocolcalled Ctrl-MAC anditsassociatedevent-triggeredcon-
troller that can guarantee the closed-loop stability of a WA-CPS. This is the first article to show that LPWA
wirelesscommunicationtechnologiescansupportthecontrolofWA-CPSs.LPWAtechnologiesaredesigned
tosupportone-waycommunicationformonitoringandarenotappropriateforcontrol.Wepresentthiswork
usinganexampleofawaterdistributionnetworkapplication,whichweevaluateboththroughaco-simulator
(modeling both physical and cyber subsystems) and testbed deployments. Our evaluation demonstrates full
control stability, with up to 50% better packet delivery ratios and 80% less average end-to-end delays when
compared to a state-of-the-art LPWA technology. We also evaluate our scheme against an idealised, wired,
centralised,controlarchitecture,andshowthatthecontrollermaintainsstabilityandtheovershootsremain
withinbounds.
CCS Concepts: • Computer systems organization →Embedded systems ;Sensors and actuators ;•Net-
works→Link-layer protocols ;Cyber-physical networks ;
Additional Key Words and Phrases: Wireless sensors and actuators, event-based control, wide area systems,
LPWA networks
ACM Reference format:
LakshBhatia,IvanaTomić,AnqiFu,MichaelBreza,andJulieA.McCann.2021.ControlCommunicationCo-
Design for Wide Area Cyber-Physical Systems. ACM Trans. Cyber-Phys. Syst. 5, 2, Article 18 (January 2021),
27 pages.
https://doi.org/10.1145/3418528
1 INTRODUCTION
WideAreaCyber-PhysicalSystems(WA-CPSs)areaconfluenceofemergingcommunicationand
control technologies. WA-CPSs enable the reliable operation of large-scale infrastructure such as
solarfarms,precisionagriculture,offshoreoilfacilities,gaspipelines,andwater/wastedistribution
Authors’addresses:L.Bhatia,I.Tomić,A.Fu,M.Breza,andJ.McCann,ImperialCollegeLondon,SouthKensingtonCam-
pus,London,SW72AZ,UnitedKingdom;emails:laksh.bhatia16@imperial.ac.uk,i.tomic@greenwich.ac.uk,a.fu@imperial.
ac.uk,michael.breza04@imperial.ac.uk,j.mccann@imperial.ac.uk.
Permission to make digital or hard copies of all or part of this work for personal or classroom use is granted without fee
provided that copies are not made or distributed for profit or commercial advantage and that copies bear this notice and
the full citation on the first page. Copyrights for components of this work owned by others than the author(s) must be
honored.Abstractingwithcreditispermitted.Tocopyotherwise,orrepublish,topostonserversortoredistributetolists,
requires prior specific permission and/or a fee.Request permissions from permissions@acm.org .
© 2021Copyright held bytheowner/author(s). Publicationrights licensed toACM.
2378-962X/2021/01-ART18$15.00
https://doi.org/10.1145/3418528
ACMTransactions on Cyber-Physical Systems, Vol. 5,No.2,Article 18.Publicationdate:January 2021.

18:2 L.Bhatiaet al.
networks.Alloftheseexamplesaregeographicallydistributedbeyondthesizeofasinglebuilding.
For the most part, dynamics of these systems are relatively slow; pumps and motors can have
long start-up times, and a change in valve levels can take a few seconds [ 3]. The challenge of
engineering WA-CPSs is the tight coupling between the requirements of the physical system’s
controller and the sensor/actuator/controller communication system. This relationship is typical
ofallcontrolsystems.Weargueinthisworkthatifweembedthiscouplinginadeeperwaythan
justunderstandingabstractnotionsofdelay,i.e.,weinformtheparametersofthecommunication
systemdirectly,thenwe canachievewhatwashithertonotreadily possible.
Low Power Wide Area (LPWA) technologies [ 25] create the potential for the development of
WA-CPSs. They feature low energy consumption and long-range wireless communication. The
problemwiththeuseofcurrentLPWAtechnologiesincontrolapplicationsisthattheyhavebeen
designed for monitoring, supporting sensor to gateway traffic only. Control applications also re-
quire communication from the gateway to the actuator. Current LPWA technologies have large
non-deterministic communication delays, which makes stabilising a control system problematic
[29].
Communication for smaller scale controlled systems commonly uses wired connections be-
tweenthesensors,actuators,andthecontroller.Thecostofwiredcommunicationincreaseswith
thesizeofthesystem.Awirelessapproachwouldreducethecostofthewiresandlowerthecostto
install,maintain,andscaleasthesystemgrows.CurrentwirelesstechnologieslikeWirelessHART,
ISA 100.11a, IEEE 802.11 are incapable of meeting the communication requirements of range and
boundedcommunicationdelaysneededforthecontrolof largearea infrastructure.Industrialwire-
less control protocols, such as WirelessHART [ 27], only support control for ranges up to 100m.
Multi-hopnetworkprotocols,suchas6TiSCH,canbeusedtoextendcommunicationrangeatthe
cost of reliability [ 31]. The lack of reliability manifests itself as non-deterministic complexity and
delays making WirelessHART and 6TiSCH unsuitable for WA-CPS [ 16]. LPWA technologies can
solvetheproblemofunreliablewirelesscommunicationoverdistanceandareacandidatesolution
to theWA-CPSchallenge—but withsomeadjustments.
Thecontrolrequirements oflarge-scaleinfrastructurearesimilartocurrentcontrolsystemsthat
use supervisory control and data acquisition (SCADA). Both need to guarantee system stability.
SCADA systems accommodate continuous or periodic sensing to exchange potentially large vol-
umes of data between the sensors, controller, and actuators at a constant rate. This approach to
control is energy inefficient and requires high communication bandwidth and reliability. The re-
quirement of energy-efficient, low bandwidth sensing for control has led to a new control theory
approachcalledEventTriggeredControl(ETC).InETC,thesensorstransmitreadingsonlywhen
required, not constantly or with a fixed period as in SCADA systems. ETC schemes have been
designed and tested with success on small-scale systems like the Double tank system [ 2] and the
WaterBox[ 13].ETCisastrongcandidatetoenablecontroloverWA-CPSusinglow-poweredsen-
sorsystems.But,ETChasyettobeevaluatedforlarger-scalesystemswherethesamplingintervals
are larger,andthedelays canbe longerthanfor theDoubletanksystemorWaterBox.
Inthisarticle,weemploya ControlCommunicationCo-designapproach ,whichwerefertoasthe
C3approach, a novel co-design approach for the control and communication systems at design-
timeandduringruntime.Atdesigntime,wetakeintoaccounttheeffectofthecontrolandcommu-
nication parameters on the performance of each other. We determine these parameters to ensure
that the system is globally exponentially stable when used at runtime and do not require further
updating.Atruntime,thegatewayschedulescommunicationaccesstothesensorsonlyuponneed.
TheC3approach reduces delays, improves reliability, and enables the system to scale beyond the
currentstate-of-the-artLoRaWAN.
ACM Transactions on Cyber-Physical Systems,Vol. 5,No. 2,Article 18.Publicationdate:January 2021.
Control Communication Co-Design for WideArea Cyber-Physical Systems 18:3
A co-design approach is essential to be able to guarantee the robustness and fault-tolerance of
a WA-CPS because of the influence of the communication system and control system upon each
other[21].Thecoreofourapproachisthatwespecifythecontrolandcommunicationparameters
anddefinesystemconstraintsspecificallyforWA-CPS.Weusethe C3approachtoengineeraWA-
CPSdistributedfeedbackcontrolsystem,whichdependsuponLPWAcommunicationtechnology
and solves the challenges arising from the tight coupling between communication reliability and
itseffectonthestabilityguaranteesofthecontroller.Asanoutcomeofthe C3approach,wepresent
Ctrl-MAC , a new link-layer protocol and its associated event-based control model. Ctrl-MAC ad-
dresses the imperfections of single-hop LPWA networks, not designed for control purposes, in
terms of delay bounds, message loss, two-way traffic, and duty cycling. The associated event-
basedcontrolmodelanditsparametersarethefirsttodemonstrateaprovable,workablesolution
for controlin WA-CPSusingresourceconstrainedsensorand actuatornodes.
We evaluate Ctrl-MAC and its controller, with a simulated large-scale water supply network
parameterised with real-world data, and in controlled deployments. Our C3approach is purpose-
fully generic, supporting many WA-CPS application classes over most current LPWA network
technologies.Inthiswork,we useLoRa,an LPWAtechnology,to implement Ctrl-MAC .
Contributions. We providethefollowing contributions:
—Wearethe first to practically demonstrate that LPWA technologies like LoRa can satisfy the
requirementsofWA-CPScontrol .Usingour C3approach,wedesignCtrl-MACandtheasso-
ciated controller. Ctrl-MAC is the first to provide a backbone for guaranteed simultaneous
control of multiple physical processes that require bidirectional data communication. Ctrl-
MACalsoaccountsforaperiodicandburstytrafficpatterns.Theperformanceof Ctrl-MAC
achieves up to 50% better packet delivery ratio and five times lower average round-trip
times than LoRaWAN [ 6], an LPWA MAC protocol. We also compare our solution to an
ideal, wired, centralised control architecture and show that our controller can maintain
stability and the overshoots remain within bounds. The results are validated by a test-bed
deployment,whichshowsthatoursystemmaintainsperformanceandoperationalbounds.
—We extend the current state-of-the-art research in ETC systems for large-scale geographi-
cally distributed systems. By extending our existing work on general event-based control,
we derive a control model, formally analysed to guarantee the closed-loop stability of large-
scale waterdistributionscenarios .
—Toevaluateourapproach,webuilta cyber-physicalco-simulationenvironment thatconnects
Matlab/SimulinkandOMNeT++.Wecouldfindnoothersimulationenvironmentthatcould
fullymodelaLoRanetworkwhilealsoprovidinganaccuratewaterprocessmodel.Thelack
of a suitable simulation environment motivated us to produce a new one to evaluate our
work.
Roadmap. Section2presents the system architectureand defines the co-design constraints.Sec-
tion3presents Ctrl-MAC , which enables the stable operation of the large-scale control system
presented in Section 4. Section 5presents the evaluation of Ctrl-MAC and its controller via a
co-simulation environment and a real testbed. Section 6gives an overview of the related work.
Section7discussesthelimitations ofour approach,andwe concludethearticlein Section 8.
2 SYSTEM OVERVIEW
Inthissection,weexplainourWA-CPSspecific C3approach.Wefirstpresentthearchitectureand
amodelofWA-CPSs.Then,wedescribethesetofkeydesignparametersfromthecontrolsystem
and thecommunicationsystemthatwe mapinto theco-designconstraints.
ACMTransactions on Cyber-Physical Systems, Vol. 5,No.2,Article 18.Publicationdate:January 2021.
18:4 L.Bhatiaet al.
Fig.1. The architectureof WA-CPS.
2.1 System Architecture
OurC3approachfocusesonWA-CPS withan architecturesuchas thatshowninFigure 1.
Physical System and Controller. A WA-CPS physical system consists of Nsubsystems, each
labeledi,w h e r ei∈{1,...,N}. Each subsystem consists of a single plant and a single controller,
and both are labeled with the same ias their subsystem. We describe the ith subsystem’s plant
usinga lineartime-invariantmodel:
˙ξi(t)=Aiξi(t)+Bivi(t). (1)
The vectors ξi(t)∈Rniandvi(t)∈Rmiare the state and control input vectors of subsystem i,
respectively. niandmicorrespond to the number of sensors and actuators of the subsystem i,
respectively. AiandBiarethematricesappropriateto theapplication.
Theplant iisinstrumentedwithsensors {si1,si2,...,sini}tomeasureitsphysicalprocesses(in-
dividualstatesof ξi(t)).Thecontrollerreceivesthesemeasurementsandprocessesthemaccording
toanunderlyingcontrolscheme.Thegoalofthecontrolleristomaintainthevaluesinvector ξi(t)
in Equation ( 1) at a certain fixed value, a reference, or a set-point. We use a linear input-to-state
feedbackcontrollergiven as:
vi(t)=Kiˆξi(t), (2)
whereˆξi(t)∈Rniarethemeasuredvaluesofstatestransmittedtothecontroller. Kiisadesigned
controlgain forwhichtheclosed-loopmatrix Ai+BiKiis aHurwitzmatrix.
The output of the controller is an action sent to actuators {ai1,ai2,...,aimi}to influence the
dynamics of the plant. The communication between the plant and the controller forms a single
feedbackcontrolloopand spanspotentiallykilometres.
ThefeedbackcontrolloopsinWA-CPSsystemshavedynamicswherechangesoccurontheor-
deroftensofsecondsratherthanmilliseconds.Weuseatwo-stepprocesstoengineeracontroller
that can achieve and maintain the stable operation of a subsystem. First, we design the control
gainKiin Equation ( 2)s ot h a tt h ec o n t r o l l e rh a sas l o wr e s p o n s et os y s t e mc h a n g e s .T h es l o w
response reduces the overshoot (deviation from the reference or set-point) of the system’s state.
Second,wechooseanevent-basedcontrolsystembecauseitminimisestheoverallnumberofdata
transmissions,savingbandwidth,whicharerequirementsofourLPWAnetworks.Wepresentthe
definitionofevent-basedcontrolinSection 4.Thesetofparametersthatguaranteethestabilityof
thesubsystem i(basedon theCorollary 4.1inSection 4.3)ar e:
—Sampling interval, hi—The time between individual samples. We address systems whose
dynamics change slowly. The sampling time supported by the controller is in the order of
tensofseconds(from1to 50seconds).
ACM Transactions on Cyber-Physical Systems,Vol. 5,No. 2,Article 18.Publicationdate:January 2021.
Control Communication Co-Design for WideArea Cyber-Physical Systems 18:5
—Maximum allowable transmission delay, τdi—The maximum interval between sensor node
statemeasurementandthetimetheactuatornodesreceiveupdatedcontrolleractions.The
delay supportedby the C3approachis intheorder ofseconds(from0to 15seconds).
—Eventtriggerparameter, σi—Itdefinesthesizeoftheerrorbetweentheestimatedandmea-
sured states. A small σiis more sensitive to change and triggers new control inputs at a
fasterrate,whichleadstoalargernumberofevents.Wechosetousethelargest σithatcan
stillguaranteestablesystemoperationtominimise energyconsumption.
—Convergence rate of the control system, ρi—WA-CPSs do not have strict restrictions on con-
vergence speedaslongas theycanmeet thedelaytolerances;hence, ρi=0.001forall i.
These parameters are core to our C3approach as they are shared with and influence the commu-
nicationsystembehavioursdescribednext.
In this work, we assume that sensor actuator nodes are not collocated. We assume that all of
the sensors are low-power embedded devices and battery-powered (either primary or secondary
batteries).Actuatorsarebatteryormainspoweredwhentheactuationfunctionrequiresrelatively
highpower.However,ourapproachisdirectlyapplicabletowirelessnetworkswherethesensors
and the actuators harvest energy for energy-neutral operation, which is relatively deterministic
andappropriate[ 7].
Wireless Communication System. We focus on LPWA networks because they are designed
as low-power one-hop wireless solutions for long-distance communication. Low Power Wide
Area Network (LPWAN) enable communication between the sensors, the actuators, and the
controllerovermulti-kilometredistances.Single-hopwirelessnetworksarebetterthanmulti-hop
wirelessnetworksforcontrol-basedsystemsduetotheirincreasedreliabilityandlower(easierto
determine)communication delays[ 16,31].
AllNsubsystemsin Figure 1, and therefore Nfeedbackcontrolloops,arecoupledthroughthe
shared LPWA communication network and use a single gateway. We use the term gateway and
controllerinterchangeablyandtreatthemasonedevice.Thegatewayandthecontrollerscommu-
nicate via wired communication, which is instantaneous and reliable. In practice, the controller
andgatewaymayresideondifferentdevices,thecontrolleronaserveralongwithotherprocesses
(loggingandmanagement)andthegatewayinapositionfavourabletoreceiveradiocommunica-
tion(on a rooftop).
Weassumethatpacketlossoccursonlyasaresultofmessagecollisionswhentwopacketsarrive
at the same time. Sensors always send up-to-date information and retransmit if no acknowledge-
mentisreceived.Ifinformationisdelayedduetoretransmissionandanewmessageisgenerated,
theoriginalinformationis replacedby themost up-to-dateinformation.
WespecifytheparametersoftheLPWAnetworkthataffectthefunctionofthenetworkandthe
controller:
—Channelaccesstime, tca—Themaximumtimethatasensornodetakestoaccessthechannel
to send, dependent on the channel access scheme used. The goal of our C3approach is to
minimise tcaandanyotherwaitingtimes(delays)duetothetime-criticalityofinformation
in controlledsystems.
—Timetocompletethetransmission, tt— Themaximumtimethatitwilltakeforasensornode
totransmititsdatatothecontroller(assumingitaccessedthechannelbeforehand)andfor
the controller to update and transmit its action to an actuator node. We assume reliable
communication, so a lost packet triggers a resend. If newer information is available on the
sensornode,thentheold information isreplacedby thenewer informationfor sending.
ACMTransactions on Cyber-Physical Systems, Vol. 5,No.2,Article 18.Publicationdate:January 2021.
18:6 L.Bhatiaet al.
—Duty cycle, DC—The maximum percentage of time spent in communication per node per
channelforagiventimeinterval.Forinstance,a1%dutycycleallowsasensornodetosend
for 1 second out of every 100 seconds. We assume that any communication network that
weusewillhave afair usepolicyenforcedonthesystemtoallow multiple users.
Inthenextsection,wewilldiscusshowthekeyparametersforthecontrolsystemandcommu-
nication system influence each other. The design of the system by the selection of their values is
thecor eofour C3approach.
2.2 Co-design Constraints
C3mapsanevent-basedcontrolschemetoanLPWAprotocol,andviceversa,throughtheircoupled
parameters. The set of key design parameters from the event-based controller is {hi,τdi,σi,ρi}
and the parameters for the communication are {tca,tt,DC}. The coupling between two sets of
parametersistwofold and given via twoco-design constraints.Theseare:
C1The control parameter τdiis directly affected by the communication parameters: tca,tt,
andDC. The stability can be guaranteed (based on Corollary 4.1in Section 4.3)o n l yi ft h e
service time for each event is less than τdi(0 to 15 seconds) while complying with the DC
restriction.We definetheservicetimeas thesumof delays dueto tcaandtt.
C2Thechoiceofcontrolparameters hi,σi,andρideterminethenumberofevents,whichcause
transmissions.Theseconstitutetheloadonthecommunicationnetwork.Thenetworkload
cannot be larger than the maximum network capacity. Again, the choice of these param-
eters is dependent upon C1, and stability has to be guaranteed (based on Corollary 4.1in
Section4.3).
OurC3approach focuses upon these co-design constraints to enable the design of the WA-
CPS. The next two sections will focus on the two sides of our C3approach separately. First, we
focus upon the design of a communication protocol for WA-CPSs; then, we look at the design of
a controller for WA-CPSs. We show how the use of C3ensures that the resulting communication
and controlsystemsmeet theaboveco-design constraintsand guaranteestability.
3 AN LPWA COMMUNICATION INFRASTRUCTURE FOR CONTROL
In this section, we present a novel LPWA MAC protocol called Ctrl-MAC .Ctrl-MAC is the result
oftheapplicationofour C3approachandisagnostictospecificLPWAtechnologiessuchasLoRa,
Narrowband-IoT(NB-IoT),orSigfox[ 25].First,wepresenttheoperatingprincipleandtheimple-
mentation details of Ctrl-MAC . Then, we present a delay analysis to show that Ctrl-MAC bounds
communication delays and adds guarantees to the low data rates and unreliable communication
typical of all of the current, major LPWA technologies. In doing this, Ctrl-MAC ensures that the
communication requirement of control systems (the co-design constraint C1) is met. Finally, we
evaluateCtrl-MAC againstLoRaWAN,astate-of-the-artLPWAMACprotocol.Ourresultsconfirm
thatCtrl-MAC achieveslower,boundedcommunicationdelays,reliabletwo-waycommunication,
and higherthroughputwhencomparedtoLoRaWAN.
3.1 Ctrl-MAC Operating Principle
Ctrl-MAC operatesintwophases:(1)Sensinganddatatransmissionphase;(2)Controlupdateand
actuationphase.Thesearegiven next.
Phase 1: Sensing and Data Transmission. In the sensing and data transmission phase, each
sensornode(withineachsubsystem)goes throughthreestages.
ACM Transactions on Cyber-Physical Systems,Vol. 5,No. 2,Article 18.Publicationdate:January 2021.
Control Communication Co-Design for WideArea Cyber-Physical Systems 18:7
Fig. 2. TheRRMstructurefor k=3,MD=3,which implies that size(C2)=log2MD,l=16.
Thefirststageiswhenthe sensornodesensesthephysicalphenomenon .Thisdataisinterrogated
to identify if a significant event has occurred. It is transmitted if a significant event is identified.
Thesensorsleepsuntilthenext sensingperiodif nosignificant eventis identified.
Upon the identification of an event, the sensor synchronises to the start of the request period.
Thesensorupdatesitslocaldeviceclocktothestarttimeofarequestreplymessage(RRM)—shown
inFigure 2—receivedfromthegateway.ThegatewaysendsRRMsperiodically.Synchronisationis
required to correct the clock drift caused after the sensor node resumes from power-saving deep
sleepmode.Thesensornodealsolearnsthenumberofrequestslots k,thedurationofeachrequest
slottslotfromtheRRM.
Thesecondstageiswhenthe sensornodetransmitsitsdatatransmissionrequest .Oncethesensor
node is synchronised to the request period, it randomly chooses which slot to transmit in. The
sensorchoosesusingauniformrandomdistributionofallavailablerequestslotsinsteadofafixed
slot or following a round-robin slot scheduling scheme. This is done to manage the case where
there are more sensor nodes than available request slots where no fixed schedule is possible. The
sensor makes a data transmission request by transmitting its ID during its chosen time slot. If
thesensoristheonlyonerequestingatransmissionslot,itsrequestwillbesuccessful;otherwise,
therewillbea collision(aresultof slot contention)and therequestforbothsensorswillfail.
Thesensornodeisinformedaboutthesuccessorfailureofitsdatatransmissionrequestinthe
next RRM. An example of an RRM for a system with k=3 transmission request slots and l=16
data slots is shown in Figure 2. The RRM contains three fields for each transmission request slot.
Theseare:
(1) Thestateoftherequestslot, C0∈{0,1,2},whereC0=0indicatesthatnosensornodesent
arequestinthisrequestslot; C0=1indicatesthattherewasnocontentioninthisrequest
slotandC0=2 indicatesthata collisionoccurredin thisrequestslot.
(2) Thedataslotcounter, C1∈{1,...,l},wher elis thenumberof dataslots.
(3) The data channel counter, C2∈{1,...,MD},w h e r eMD=M−2 is the number of data
channelsand Mis theoverallnumberof channels.
The last value of an RRM is called the failed transmission request ( FTR).FTRcontains the cu-
mulative sum of all contentions that have not been resolved until now. This includes the current
failed andpreviousfailed transmissionrequests.The FTRisdecrementedby 1aftereachRRM.
A sensor node checks the value of C0in the request slot that it used to transmit its data trans-
mission request. If C0=1, that sensor node can proceed to stage three and send data. If C0=2,
the data transmission request fails. The sensor node must return to stage two and send another
transmission request at the time defined by the value of FTR.I fFTR>1, the sensor node counts
all of the other request slots that have C0equal to 2. This value is denoted as r. The sensor node
determines the position of its request slot compared to other r−1 request slots. This value is de-
notedasp.Thesensornodewaitsforthe (FTR+r−p)thRRMtoretransmititsdatatransmission
requestchoosingtheslot krandomly.
In stage three, the sensor node transmits data . The RRM contains information to partition data
transmissions into (M−2)channels and ldata slots. The gateway allocates channel/slot pairs to
ACMTransactions on Cyber-Physical Systems, Vol. 5,No.2,Article 18.Publicationdate:January 2021.
18:8 L.Bhatiaet al.
requesting sensors on a first-come-first-served basis. When a sensor node receives an RRM with
C0=1, it changes to the channel given in C2and transmits its data in the slot given by C1.I ft h e
sensor node senses new data during the time that it is requesting a transmission slot, it will send
the new data and discard the old. This is because the controller requires the newest information
to keepthesystemstable.
Phase 2: Control Update and Actuation. The second phase of Ctrl-MAC is the control and ac-
tuation phase. After the controller receives sampled information from the sensor node, it uses it
tocalculatethecontrolactionthatshouldbesentdownstreamtoactuatornodes.Thisconstitutes
one of the challenges met by our co-design approach. Current LPWA protocols such as LoRa and
NB-IoT prioritise upstream communication only and are therefore ill-suited to meet the timing
requirements of control systems with feedback loops. Instead, Ctrl-MAC adds bidirectional capa-
bility to current LPWA protocols where the downstream communication is as important as the
upstreamcommunication.
Thegatewaysendsactuationinformationtotheactuatornodesinthedownlinkmessage.These
messagesaresentperiodicallysono DCregulationsareviolated.Thesizeofeachdownlinkmes-
sage can change depending on how many actuator nodes need to be updated. The sending time
of this message will depend on the size of the previous downlink message (such that it complies
withtheDC regulation).
Next, wegive thedetails ofthe Ctrl-MAC implementationand design choices.
3.2 Ctrl-MAC Implementation
We implemented Ctrl-MAC as a proof of concept on top of LoRa. We use LoRa’s physical layer
becauseitisrobust,hasopen-sourcelibraries,andusesinexpensivelow-poweredhardware.LoRa
operates in the unlicensed spectrum and is subject to fair usage policies mandated by legislation.
Fairusagetakestheformofaself-imposedDCof1%and10%time-on-airfortransmissionswhen
operating in the EU region. As Ctrl-MAC is implemented on top of LoRaPHY, it is important that
weexplainourmotivationfornotusingLoRaWAN,aLoRaMACprotocol,andthedifferencesbe-
tweenthetwo.ThesearegiveninSection 3.4.Ourreferenceimplementationof Ctrl-MAC hasroom
forsignificantperformanceimprovement.ItpurposefullydoesnotexploitanyLoRaperformance
enhancingfeatures,suchastheuseofdifferentspreadingfactors,tobegeneraltoLPWAcommu-
nicationschemessuchasNB-IoTorSigFox.Further,inallsimulationsandexperiments, Ctrl-MAC
maintains a constant spreading factor of 7, which gives low transmission time and achieves dis-
tancesofupto2km[ 1] inurbanareas.
Ctrl-MAC assumesthattherearefourchannelsavailablebasedontheEUrecommendation[ 6].
Therearethreeuplinkchannelsof125kHzwith1%DCandonedownlinkchannelof250kHzwith
10% DC. The current LoRaWAN implementation uses only half (125kHz) of the allocated down-
link bandwidth for the acknowledgments. Ctrl-MAC exploits this feature and uses the remaining
125kHz to send the actuation signals to actuator nodes. The actuation signals are periodically
transmitted while complying with the 10% DC regulation. The size of the downlink message de-
pends on the number of actuator nodes in the network and how many bytes of information are
usedperanactuator.Forexample,foranetworkwith10actuatornodesand2Bytesofinformation
withthe10% DCregulation,theactuationmessagescan betransmittedevery0.5seconds.
Ourimplementationusesonlyasinglechannelfordatarequesttransmissions(with10%DC)and
the remaining three channels for data transmission. The results in Figure 3(left) show that when
only a single channel is used for data request transmissions (with 10% DC) and the remaining
three channels for data transmission, Ctrl-MAC achieves lower delays and higher packet deliv-
ery ratios (PDRs) than when all four channels are used for both. This happens because the data
ACM Transactions on Cyber-Physical Systems,Vol. 5,No. 2,Article 18.Publicationdate:January 2021.
Control Communication Co-Design for WideArea Cyber-Physical Systems 18:9
Fig.3. (left) Ctrl-MAC channel disciplines comparison;(right) Ctrl-MAC request slotscomparison.
transmissionrequestsandactualdatatransmissionsoperateconcurrentlyunlikethecasewhenthe
data transmission requests and actual data transmissions happen on the same channel one after
the other. Our implementation allows more requests to be sent, the contention is resolved faster,
anddataloadisdistributedevenlyoverthreedatachannels,andthereforemoredatacanbesent.
Ctrl-MAC usesk=5requestslotswiththedurationof tslot=0.1seconds.Thevalueof kcannot
besmallerthan5andtherequestslotscannotbeoflesstimetoaccountforthe10%DCregulation.
TheresultsinFigure 3(right)showthedegradationofthecommunicationdelaysandPDRsforall
klarger than5 andallpopulationsof sensornodes.
Next, we model Ctrl-MAC to analyse its performance in terms of the guarantees and achieved
communicationdelays.
3.3 Ctrl-MAC Delay Analysis
In this section, we analyse the communication delays identified by the co-design constraint C1
fromSection 2.2,usingaqueue-basedapproach.Weshowthatthecommunicationdelaysof Ctrl-
MAC,dueto{tca,tt,DC},areboundedanddonotviolatethemaximumallowabletransmissionde-
layderivedfromthecontrolsystem.Themaximumallowabletransmissiondelayforeachsubsys-
temiisτdi=τd,whichisfrom0to15seconds.Ouranalysisobtainstheboundsof {tca,tt}byderiv-
ing the delays of different stages of Ctrl-MAC ,{tsync,treq,tsend,tupdate},w h e r etca=tsync+treq
andtt=tsend+tupdatewhile complying with the DC regulation. We show that Ctrl-MAC can
operate within the communication constraints and keep the total delays less than the maximum
allowable transmissiondelay (i.e., tsync+treq+tsend+tupdate<τd).
Sensing and Data Transmission Phase Delay. Wemodelthedelaysincurredinthethreestages
of theSensingand DataTransmissionPhaseandderive theirmaximum bounds.
Thefirststageofthefirstphaseisthesynchronisationprocess.Thisoccurswhenasensornode
has data to send and uses information in the RRM received from the gateway. The RRM message
issentperiodicallyandofafixedsizesuchthatthetimeonairofthemessageanditssendingrate
never violate the DC regulation. Therefore, the synchronisation process includes a fixed delay,
denoted as tsync, which is in the range [0 ,tslot×k]. In our system, tsync∈[0,0.5] seconds (based
on theimplementation in Section 3.2thatuses k=5 requestslotsof tslot=0.1seconds).
Afterthedelayof tsync,thesensornodeneedingtotransmitentersthenexttwostagesofphase
one. Delays of the next two stages are denoted as treqandtsend. Their bounds are analysed by
modelingthetwo stagesastwo queues:
—M/M/1 queue, or queue one —The second stage of the first phase is the data transmission
request process. We model this process as an M/M/1 queue. We use a queue to analyse the
ACMTransactions on Cyber-Physical Systems, Vol. 5,No.2,Article 18.Publicationdate:January 2021.
18:10 L.Bhatiaet al.
Fig. 4. Theprobabilityof achieving treq≤xfor M/M/1queue.
delay,treq,anditsboundsasitallowsustoreasonabouttheoccurrenceofsensoreventsand
the waiting time for a sensor node to receive a transmit slot for data communication. We
definetreqasthemeantimeforasensornodetosuccessfullyrequestandreceiveadataslot
andisestimatedby1 /(μreq−λ)whereλisthesystemload,lessthanorequaltothenumber
ofsensornodes,and μreq=ln(1/(1−e(−λ/k)))istheservicerate.Weassumethattheinter-
arrival of sensor events and time to get a transmit slot are exponentially distributed (these
assumptionsarebasedonthetrafficpatternofanevent-basedcontrolsystemaspresented
inSection 4.4).Forthesystemtobestable λ/μreq<1.Thedelay treqisnon-deterministic.In
thebestcasescenario,whenthesensornodeimmediatelysuccessfullyrequestsandreceives
ad a t as l o t treq=0.2 seconds. Otherwise, we can analyse that the probability of treqis
less than a given delay, which we denote as x. We show through numerical simulation
the probability P[treq≤x]=1−e(−(μ−λ)x)for various data loads. Results are presented in
Figure4. Our results show a very high probability (more than 99%) of meeting the delay
bounds of 5 seconds for a communication capacity of up to 136 packets per minute and up
to150packetsperminuteofmeetingthedelayboundsof10seconds.Thepacketsizesand
timeon airof packetsat thisratedo not violatetheDC regulation.
—M/D/nqueue,orqueuetwo —Thethirdstageofphaseoneisthedatatransmissionstage.We
model the delay of this stage, tsend,a sa nM / D / nqueue. The term nis the number of data
transmissionchannelsavailableto Ctrl-MAC .W edefine tsendasthetimeforasensornode
tosenditsdatatothegateway.Thequeueisdeterministicbecauseasensornodereceivesthe
dataslotandchannelexclusivelyreservedforitstransmissionfromthegatewayduringthe
datatransmissionrequeststage.Theexclusivedataslotandchannelreservationensurethat
the DC regulation is met, and that the time to send is bounded. The delay tsendis equal to
1/n+(λdt/(2n×(n−λdt)))whereλdtis the output of the M/M/1 queue given above and
the input to the M/D/ nqueue described here. Based on the input rate, λdt, is in the range
of[12,150]packets/minutebasedon Figure 4,thetime to completionis tsend∈[0.3,0.45].
Control Update and Actuation Phase Delay. The final delay that we need to consider is the
timeforphasetwo, tupdate,whenthecontrollersendsthecontrolinputtotheactuatornode.The
gatewaytransmitsonaseparatedownlinkchannelreservedforcommunicationfromthegateway
to the actuator. The use of a reserved channel ensures that the DCregulation is met and that the
timeoftupdateisdeterministic.ThedelayisdependentuponthespecificLPWANtechnologyand
the size of the last actuation update sent. In our LoRa implementation, the maximum packet size
that the controller can send is 222 bytes. Each actuation update is 2 bytes per actuator node, 1
byte for control input and 1 byte for addressing. The maximum number of actuator nodes that
can be updated with a single packet is 111. The delay tupdateis in the range of [0 .4,3.6] seconds
dependingonthesize ofthelast actuationupdate.
ACM Transactions on Cyber-Physical Systems,Vol. 5,No. 2,Article 18.Publicationdate:January 2021.
Control Communication Co-Design for WideArea Cyber-Physical Systems 18:11
Therefore,thetotaldelay introducedby Ctrl-MAC ,tMACis:
tMAC=tsync+treq+tsend+tupdate. (3)
According to the co-design constraint C1from Section 2.2, the system stability is dependent
upontheconditionthat τd>tca+ttwheretca=tsync+treqandtt=tsend+tupdate.Wederived
theindividualboundsfor tsync,treq,tsend,andtupdatewhiletakingtheDCregulationintoaccount.
A simple sum of all of our bounds shows that the total delay, tMACis in the range of [0 .9,14.55]
seconds with a very high probability of more than 99%. The communication delays of Ctrl-MAC
do notviolate themaximum allowable transmissiondelay of thesystem(i.e., τd>tUpper
MAC).
3.4 Ctrl-MAC and LoRaWAN
Inthissection,wemotivatetheneedfor Ctrl-MAC ,weexplainthedifferencesbetween Ctrl-MAC
andLoRaWAN,andshowhowLoRaWANisunabletomeetcommunicationrequirementsforcon-
trol systems that are reliable communication, two-way communication, and bounded communi-
cationdelays.We evaluate Ctrl-MAC againsttwoversionsof LoRaWAN:
—Version one: LoRaWAN —This is a baseline version that represents the typical use case for
LPWA technology such as data collection from sensors or smart meters. It exploits a pure
ALOHA channel access scheme. The sensor nodes are the Class A devices [ 6]t h a tu s eu n -
confirmed (unacknowledged) messages, i.e., the sensor nodes do not request an acknowl-
edgment for their uplink transmissions and, hence, there is no guarantee for successful
deliveryofthemessage.TheactuatornodesaremodeledasClassCdevices.Asmentioned
in the LoRaWAN specification [ 6], Class C devices are always listening on the downlink
channel unless they are transmitting data. Our actuation messages are sent on this down-
link channeltotheactuators.
—Version two: LoRaWAN++ —This is an improved version of LoRaWAN that enables reliable
data communication to the gateway. It uses the ALOHA channel access scheme with an
acknowledgment message from the gateway for every uplink transmission, as described
in the LoRaWAN specification [ 6]. If no acknowledgment is received, the transmitted data
is resent up to eight times, after which it is dropped. Acknowledgments are sent on the
LoRaWANdownlinkchannel.Inthisversion,wealsoaddadedicateddownlinkchannelfor
actuationtomake thisschemecomparableto Ctrl-MAC .
We evaluateMAC protocolsuitabilityfor controlapplicationswiththreemetrics:
(1)End-to-End Packet Delivery Ratio (E2E PDR in %)—E2E PDR is the ratio of the number
of unique actuation updates received by the actuator node over the number of unique
events generated by the corresponding sensor node. This metric indicates the suitability
of the MAC protocols for control applications in terms of two-way communication. The
downstreamcommunication isas importantasupstreamcommunication.
(2)End-to-EndDelay (E2EDelayinseconds)—E2EDelayisdefinedasthedifferencebetween
the time that an actuator node receives the actuation update and the time that an event
is generated at the sensor node. We assume the computation delays to be zero when cal-
culatingthismetric.ThismetricindicatesthesuitabilityoftheMACprotocolsforcontrol
applicationsinterms ofboundedcommunication delays.
(3) Uplink (UL) Reliability (UL Reliability in %)—UL Reliability is the ratio of the number of
eventssuccessfullyacknowledgedbythegatewayoverthenumberofeventssuccessfully
delivered at the actuator nodes. This metric gives the guarantees that the controller has
complete and up-to-date information to maintain system stability. For example, a 10%
ACMTransactions on Cyber-Physical Systems, Vol. 5,No.2,Article 18.Publicationdate:January 2021.
18:12 L.Bhatiaet al.
Table 1. E2E PDR (%) of Ctrl-MAC /LoRaWAN/LoRaWAN++ under Different
DataLoads andData Distributions
Ctrl-MAC LoRaWAN LoRaWAN++
Size 10 50 100 150 200 10 50 100 150 200 10 50 100 150 200
P(10s)99.99 67.72 33.62 22.34 16.86 99.98 64.32 39.82 30.26 23.22 80.85 40.31 31.39 25.89 20.24
P(30s)99.9999.9998.23 67.20 50.77 99.98 80.23 72.64 57.6 48.14 99.96 86.71 40.11 27.56 21.04
P(50s)99.9999.9999.9999.99 83.74 99.9993.13 85.56 65.18 62.95 99.9993.06 63.37 45.31 34.50
E(10s)99.9897.59 52.73 35.27 26.43 84.42 66.44 51.32 41.45 33.44 86.31 38.54 21.34 14.66 10.94
E(30s)99.9996.0191.79 79.84 60.38 93.22 83.52 72.71 64.08 55.95 98.31 72.95 45.80 32.22 24.46
E(50s)99.9997.7697.3195.6793.0095.81 88.58 81.13 73.96 68.23 99.18 89.28 64.86 47.77 37.46
P=periodical, E =exponential.
Table 2. E2E Delays (s)of Ctrl-MAC /LoRaWAN/LoRaWAN++under
Different Data Loads andData Distributions
Ctrl-MAC LoRaWAN++
Size 10 50 100 150 200 10 50 100 150 200
P(10s) 1.389.17 23.37 37.66 52.77 4.1514.39 15.68 15.56 14.84
P(30s) 1.281.485.85 26.31 36.02 3.3211.92 15.26 15.60 15.40
P(50s) 1.271.411.662.8 25.54 0.338.5414.52 15.57 15.26
E(10s) 1.352.81 17.29 31.96 46.65 3.5813.41 15.52 15.63 15.03
E(30s) 1.301.482.9114.99 27.03 1.639.5114.33 15.56 15.38
E(50s) 1.291.371.592.457.731.166.3612.2814.62 15.46
LoRaWAN E2EDelays are0.15secondsfor allsimulationscenarios.
P=periodical, E =exponential.
Table 3. UL Reliability (%) of Ctrl-MAC /LoRaWAN/LoRaWAN++ for 10 and 200 Nodes
P(10s) P(30s) P(50s) E(10s) E(30s) E(50s)
Protocol 10 200 10 200 10 200 10 200 10 200 10 200
LoRaWAN ULReliabilityis 0%for allsimulationscenarios.
LoRaWAN++ 98.76 34.62 99.92 37.81 99.99 39.41 99.46 35.36 99.96 41.91 99.99 50.81
Ctrl-MAC ULReliabilityis 100%for allsimulationscenarios.
P=periodical, E =exponential.
uplink reliability would indicate that only 10% of the delivered messages from sensor
nodes were reliably acknowledged. The sensor nodes may or may not have information
abouttheremaining90%,whichintroducesuncertaintiesinthesystem.
We compare the E2E PDR, E2E Delay, and UL Reliability of Ctrl-MAC , LoRaWAN, and Lo-
RaWAN++assumingfourchannels,avariednumberofnodes(10 ,50,100,150,200),andtwotrans-
missionpatterns.First,wechoseconstantperiodictransmissionstorepresenttheworst-casesce-
nariooftheevent-triggeredcontrol(i.e.,ateverysamplingperiod,thetransmissionistriggered—in
reality, there would be periods of no events). Each sensor periodically sends data with an inter-
val of 10 ,30,50 seconds. Second, we chose exponential transmissions with a mean of 10 ,30,50
seconds to represent aperiodic and bursty traffic patterns specific to the event-triggered control.
Thisrangeofsendingrates(inter-arrivaltimes)correspondstothesamplingintervalofslow-loop
controlsystemsasit isshownin Section 4.4.Resultsare presentedin Tables 1,2,and3.
ACM Transactions on Cyber-Physical Systems,Vol. 5,No. 2,Article 18.Publicationdate:January 2021.
Control Communication Co-Design for WideArea Cyber-Physical Systems 18:13
TheresultsclearlydemonstratethatLoRaWANisnotsuitableforcontrolsystemsasitstands;it
wasnotdesignedforthis.ItachievesverylowE2EPDRs(lessthan90%),exceptinthecaseofvery
small network sizes and low data rates. This implies failing to support two-way communication.
LoRaWANdoesnotsupportacknowledgmentmessages,whichpreventsreliabledatatransmission
tothegateway.TheE2EDelaysareconstantandlowasLoRaWANusespureALOHA.Thisimplies
that any contention-free transmission will have the same E2E delays, which would be a sum of
the uplink and downlink time on airs, which equals 0.15 seconds; however, the percentages of
contention-freetransmissionsareverylowasperTable 1.Stablecontrolledsystemoperationthat
we derivein Section 4.3can notbeguaranteedasit isshownin Ref.[ 29]withLoRaWAN.
SimilartoLoRaWAN,LoRaWAN++isalsounabletomeetthecommunicationrequirementsfor
wide area control systems. LoRaWAN++ achieves good E2E PDRs (more than 90%) for small net-
work sizes and low data rates. However, for larger network sizes and higher data rates, there is
a network performance deterioration; E2E PDRs are even lower than in the case of LoRaWAN.
These results align with the results in Ref. [ 24], which shows that if 100% of the nodes request
an acknowledgment, the network can barely operate at 15% of its capacity compared to the sce-
nario when no one requests an acknowledgment. LoRaWAN++ E2E Delays are always less than
20 seconds as it allows eight retransmissions, after which the packet is dropped. This means that
LoRaWAN++canprovideguaranteesofboundedcommunicationdelays.However,itfailstoguar-
antee reliable and two-way communication. Not all delivered messages are acknowledged (based
on the results in Table 3) and this discrepancy increases with the number of nodes adding uncer-
taintyto aclosed-loopsystem.
Finally, the results show that Ctrl-MAC is able to meet all communication requirements for
control systems for the networks of up to 150 nodes with a maximum data rate of 1 packet per
50seconds.Higherratescanbesupportedforthenetworkswithlessthan150nodes(seeTable 1).
Thispracticallimitationof Ctrl-MAC fornetworkslargerthan150nodespergatewayisreasonable
andaspergeneralLoRarecommendations.Toincreasethescaleofsuchasingle-hopnetwork,one
wouldincludemoregatewaystohavegatewaydiversityratherthantryingtohandlemorenodes
per gateway. Ctrl-MAC achieves high E2E PDRs for a much larger number of scenarios when
compared to LoRaWAN and LoRaWAN++. It achieves bounded E2E Delays and is also able to
guaranteeULreliabilityof 100%for allsimulated scenarios.ThisULreliability canbe guaranteed
becausealldata transmissionsarescheduled;hence,thereis nopossibilityofdata collisions.
4 CONTROL MODEL FOR A WATER DISTRIBUTION NETWORK
Inthissection,wepresentasystemmodelforourlarge-infrastructurereferenceexample,awater
distribution network. We demonstrate how we use our C3approach to influence the controller
design to meet the co-design constraint C2in Section 2.2and enable safe and reliable system op-
eration.Thecommunicationrequirementsofthecontroller(basedonthechoiceof {hi,τdi,σi,ρi})
cannot be larger than the maximum communication network capacity. At the same time, the pa-
rameters{hi,τdi,σi,ρi}have tobechosensotheyguaranteethesystemstability.
4.1 System Model and Controller Design
Thewaterdistributionnetworkmodelconsideredinthisarticleis showninFigure 5.
ItconsistsofseveralDistrictMeterAreas(DMAs).EachDMAhasthreeorfourwatertanksthat
supply on average 10–30 customer connections via a set of pressurised pipes, pumping stations,
and valves. Their dynamics are complex, non-linear, and difficult to model and analyse. If the
complexity of the water network is reduced to a problem of stabilising the tank water level to a
pre-definedsetpoint,thenon-linearmodelcan belinearisedasin Ref.[ 13].
ACMTransactions on Cyber-Physical Systems, Vol. 5,No.2,Article 18.Publicationdate:January 2021.
18:14 L.Bhatiaet al.
Fig. 5. Thewater distributionnetwork.
EachDMA(orplant,ingeneralterms)isinstrumentedwith nisensornodes(formeasuringthe
water level in the tanks) and mivalves for actuation. Each DMA is modeled by the linear time-
invariant model in Equation ( 1). In the state vector ξi(t), each state is the difference between the
current water level and set point reference water level for a tank. The control input vector vi(t)
representsthedegreeto whichthein-valves are opento filleachtank.
The system states are measured with water level sensor nodes for each DMA supply tank. The
statesarecommunicatedtothelinearinput-to-statecontrollergiveninEquation( 2).Thevaluesin
ˆξi(t)containeitherthepreviousmeasuredvaluesornewmeasuredvaluesof ξi(t).Anewmeasured
value for a tank is used if the measured value violates the event condition (defined in the next
section). Otherwise, the previous measurement of the water level in the DMA tanks is used. The
combination of previous and new values creates an estimation of ξi(t). The error, or difference,
betweentheestimatedlevels andthemeasuredlevels is
εi(t)=ˆξi(t)−ξi(t). (4)
From a control system point of view, we can view the water tank levels in ξi(t)as those on the
sensornodes,andthevaluesin ˆξi(t)asthevalueson thecontroller.
It is the task of Ctrl-MAC to send the new values from the sensors to the controller when re-
quired. We refer to this process as the sample-and-update of ξi(t). The speed at which updates
occur determines the system stability and the congestion of the communication network, which
relatestotheco-designconstraint C2.Thespeedisregulatedbytheupdatemechanismgivennext.
4.2 Updating the Control Input
Thetraditionalwayofchoosingwhentoupdate ˆξi(t)isperiodic,orTime-TriggeredControl(TTC).
In TTC, all of the sensors send updates at a fixed interval. This method wastes energy when no
changestothewaterlevelswarrantsendingandcancausenetworkcongestion.Instead,wefocus
on Decentralised Periodic Event-Triggered Control (DPETC) from Ref. [ 11]. DPETC reduces both
the communication from the sensor nodes to the controllers and the energy consumption of the
sensornodes[ 13].
WesummariseDPETCfromRef.[ 11]withmodificationsforourinput-to-statefeedbackcontrol
system(toaccommodatetheco-design constraint C2). Theequation
Tk:={tk|tk:=kh,k∈N} (5)
denotes the periodic sampling sequence of the sensor nodes in time. The term h>0i st h et i m e
between samples, and kis the sample number. The sensor sijof DMAi,w h e r ej∈{1,...,ni}
ACM Transactions on Cyber-Physical Systems,Vol. 5,No. 2,Article 18.Publicationdate:January 2021.
Control Communication Co-Design for WideArea Cyber-Physical Systems 18:15
updatesitsstate, ˆξij(t),on thecontrolleras
ˆξij(t)=⎧⎪⎨⎪⎩ξij(tk),whenCij(ξij(tk),ˆξij(tk))>0
ˆξij(tk),whenCij(ξij(tk),ˆξij(tk))≤0(6)
fortimes t∈(tk,tk+1].Thequadraticevent-triggercondition Cij(ξij(t),ˆξij(t))defineswhenthere
isaneventandasensorneedstosenditsvalue( ξij(t))toupdate ˆξij(t).Theeventcondition Cijis
Cij(ξij(t),ˆξij(t))=|ˆξij(t)−ξij(t)|−σij|ξij(t)|. (7)
Based on Equation ( 7), smallσijtriggers new events faster, which for us means that the load
to our communication network will be higher. With this in mind, we choose to use a σijthat
triggers the least number of events but still guarantees stable system operation as per the co-
design constraint C2. In doing so, we perform stability analysis for our DPETC based on Ref. [ 4].
Thegoaloftheanalysisistodefinethemaximumallowabledelay τdandσij=σforalli,forwhich
thecontrolsystemis stable.Thestabilityanalysisis presentednext.
Forourstabilityanalysis,wedefine Jtobeasetthatcontainsthestatestransmittedattime tk
andJctobeasetofthestatesnottransmittedattime tk.W edefine Γjasadiagonalmatrixwhere
thejthdiagonal element equals1 andtherestof diagonal elements equal0.
4.3 Stability Analysis
Thefollowingstabilityanalysisdeterminesthemaximumallowabledelay τdforthechosenvalues
ofh,σ,a n dρthat renders the controlled system stable. Please note that we dropped denoting
subsystemsby iforthesakeofclarity.However,theanalysisreferstoanindividualsubsystem(or
DMA)given inEquation( 1)and itscontrollerin Equation( 2).
Theconditionforhavingagloballyexponentiallystable(GES)systemisthatthereexistscalars
c>0andρ>0suchthatforall ξ(0)∈Rnsforallt∈R+,thefollowingholds: |ξ(t)|≤ce−ρt|ξ(0)|.
ThestabilityprooffollowsfromtheCorollaryIII.3andTheoremV.2ofRef.[ 11],andTheoremIV.1
of Ref.[4],and itis brieflysummarisedin thefollowing corollary.
Corollary 4.1. Consider plant in Equation ( 1), controller in Equation ( 2), sampling sequence in
Equation ( 5), event-triggered mechanism in Equation ( 6), and event-triggered condition in Equa-
tion (7). Letτdbe a given maximum allowable delay and ρbe a given convergence rate. Assume
there exist matrices P0h/follows0andP1d/follows0, and scalars ´μj
J≥0,´μj
Jc≥0,˜μj
J≥0,˜μj
Jc≥0,ˆμj
J≥0,
ˆμj
Jc≥0,wherej∈{1,...,ns},suchthat
⎡⎢⎢⎢⎢⎣e−2ρτdP0h+G1´JT
Je¯ATτdP1d
(´JT
Je¯ATτdP1d)TP1d⎤⎥⎥⎥⎥⎦/follows0
⎡⎢⎢⎢⎢⎣e−2ρ(h−τd)P1d+G2˜JT
Je¯AT(h−τd)P0h
(˜JT
Je¯AT(h−τd)P0h)TP0h⎤⎥⎥⎥⎥⎦/follows0,(8)
ACMTransactions on Cyber-Physical Systems, Vol. 5,No.2,Article 18.Publicationdate:January 2021.
18:16 L.Bhatiaet al.
Fig.6. (left)Systemresponsetoconstantcustomerdemand;(right)Distributionofinter-arrivaltimesofthe
events.
whereG1=/summationtext
j∈{1,... ,ns}(−´μj
J´Qj+´μj
Jc´Qj−˜μj
J˜Qj+˜μj
Jc˜Qj),G2=/summationtext
j∈{1,... ,ns}(−ˆμj
JˆQj+ˆμj
JcˆQj)
and
¯A=⎡⎢⎢⎢⎢⎢⎣AB K 0
000
000⎤⎥⎥⎥⎥⎥⎦´Qj=⎡⎢⎢⎢⎢⎢⎣(1−σ2)Γj0−Γj
00 0
−Γj0Γj⎤⎥⎥⎥⎥⎥⎦
˜Qj=⎡⎢⎢⎢⎢⎢⎣(1−σ2)Γj−Γj0
−ΓjΓj0
00 0⎤⎥⎥⎥⎥⎥⎦ˆQj=⎡⎢⎢⎢⎢⎢⎣00 0
0Γj−Γj
0−Γj(1−σ2)Γj⎤⎥⎥⎥⎥⎥⎦
´JJ=⎡⎢⎢⎢⎢⎢⎣I00
0I0
ΓJ0I−ΓJ⎤⎥⎥⎥⎥⎥⎦˜JJ=⎡⎢⎢⎢⎢⎢⎣I00
0I−ΓJΓJ
00 I⎤⎥⎥⎥⎥⎥⎦
Then,thesystemisGES withdecayrate ρ.
The proof of Corollary 4.1 is given in Appendix A.1. Based on Corollary 4.1and its proof, the
feasiblesolutionofEquation( 8)forourwaterdistributionnetworkcanbefoundwhen h∈[1,50]
seconds,τd∈[0,15] seconds, and σ∈[0.01,0.3]. We chose the set of parameters that guarantees
stable system operation and also meets the co-design constraint C2. It ensures that the network
load is lessthanthemaximum networkcapacity,whichwe shownext.
4.4 System Operation
Wedemonstratethestartandsteady-state(orthesystem’sresponse)ofourmodelwaterdistribu-
tion network in Figure 6(left). The model is implemented and simulated using Matlab/Simulink,
the Simscape toolbox, and the Fluids toolbox. The parameters of the physical components of the
DMA(pipesdiameters,valvetypes,tanksizes)aretakenfromthespecificationsheetsofthesame
make and modelvalves,pumps,and tanksasthoseusedbywatercompanies.
We simulate an ideal case scenario with one DMA (with three tanks) and no packet drops or
delays.Thecontrolsystemparametersweusearesamplingtimeof h=4.5secondsandtheevent
trigger parameter of σ=0.01.σregulates the rate at which events occur. For example, σ=0.01
leadstoanaverageof22.36eventsperminuteandincreasingitto0.1reducestheeventrateto13.87
eventsperminute.Theeventrateforbothcases(whichistheloadtothecommunicationnetwork)
ismuchlessthanthenetworkcapacityof136packets/minute,whichisneededtoensurethatthe
delays are bounded within a given threshold. This is presented in detail in Section 3.3. Therefore,
our controldesign meetstheco-designconstraint C2.
We then plot the number of occurrences of the inter-arrival times as shown in Figure 6(right).
By using the curve-fitting toolbox, this inter-arrival time can be approximated to an exponential
distribution with a mean of 4.5 seconds (equivalent to sampling time). This supports our claim in
ACM Transactions on Cyber-Physical Systems,Vol. 5,No. 2,Article 18.Publicationdate:January 2021.
Control Communication Co-Design for WideArea Cyber-Physical Systems 18:17
choosing the M/M/1 queue with exponentially distributed inter-arrival times to model the input
operationof Ctrl-MAC .Additionally,multipleexponentiallydistributedeventtraces(asinthecase
ofmorethanoneDMA)modelsaperiodicandburstytraffic[ 5],whichistherealityofevent-based
systems. In the next section, we evaluate the performance of our controller and communication
protocol,orsystem,thatwe designusingour C3approach.
5 EVALUATION
In this section, we evaluate a system designed using our C3approach that consists of a controller
andcommunicationprotocol.Wereferto Ctrl-MAC anditsassociatedcontrollerasthe C3system.
Theevaluationisbasedonaco-simulationenvironmentandreal-worldexperiments.Wemeasure
four system parameters to evaluate the success of the C3system with respect to the co-design
constraintsdefinedin Section 2.2.Theparametersare:
—End-to-End Delay (E2E Delay in seconds)—The time that starts when a sensor node senses
aneventandendswhentheactuationupdateissuccessfullydeliveredtotheactuator.This
metric measuresthesuccessoftheconstraint C1.
—End-to-End Packet Delivery Ratio (E2E PDR in %)—The number of event messages received
at the actuator over the number of messages generated by the sensor. For Ctrl-MAC ,t h i s
metricmeasuresthesuccessofthecontentionresolutionandsuccessfulactuationupdates,
and thisrelatestotheconstraint C1.
—Systemovershootpercentage (OvShin%)—Thepercentageoftheovershootabovetherefer-
encevalue.Itiscalculatedasthedifferencebetweentheabsolutevalueandreferencevalue
ofthewaterleveldividedbythereferencevalue.Weusethismetrictodescribethestability
ofoursystemthathasto holdin bothconstraints, C1andC2.
—Average number of events per minute (Events/minute)—The average number of events per
minute; measures the system load per minute. The more events, the more communication
Ctrl-MAC needsto handle.Thismetric measuresthesuccessof theconstraint C2.
We measure these parameters for various sampling intervals, h, and different event trigger pa-
rameters σas defined in Section 2.1. We vary the size of the system, including different numbers
of DMAs and sensor nodes. We conduct co-simulation and compare our results with real-world
experiments to verify the success of the C3system. In the following sections, we present our ex-
perimentsand discusstheresults.
5.1 Evaluation via Co-Simulation
Weperformthefirststageoftheevaluationofthe C3systemonacustomco-simulationenviron-
ment. This environment consists of a physical system simulator using MATLAB/Simulink and a
communication simulator using the OMNeT++ network simulator. We run both Matlab and OM-
NeT++ on the same computer. We enable inter-process communication between Matlab and OM-
NeT++usingUserDatagramProtocol(UDP).
WecompareourapproachtoawiredcentralisednetworkandLoRaWAN++intheco-simulation
environment. The wired network represents the best-case scenario of a periodic centralised con-
troller with no packet drops or transmission delays. LoRaWAN++ uses the ALOHA contention
schemewithacknowledgmentmessagesandaretrylimitofeightmessages.Thisistheonlycon-
figurationofLoRaWANthatcanprovidepartialguaranteesinmessagedeliveryrequiredbycontrol
applications, as mentioned in Section 3.4. We use a spreading factor of seven and the default four
channels specified in the LoRaWAN specification. We simulate the network with 3 DMAs and 10
sensor and actuator nodes. The goal of the control system is to maintain the DMA tank water
levels to a reference point of 3m as the time evolves. With the definition of overshoot percentage
ACMTransactions on Cyber-Physical Systems, Vol. 5,No.2,Article 18.Publicationdate:January 2021.
18:18 L.Bhatiaet al.
Table 4. The Evaluation of the C3Systemfor Constant CustomerDemand inComparison
with an IdealisticWiredControl andLoRaWAN++ for Control
C3system Events/minute OvSh (%) E2E PDR (%) E2E Delay (s)
h=1s,σ=0.1 113.15 20.59 77.33 1.849
h=4.5s,σ=0.01 61.17 32.11 87.03 2.161
h=4.5s,σ=0.1 40.32 3.1 88.74 2.194
h=4.5s,σ=0.3 22.56 4.39 88.01 1.861
h=10s,σ=0.1 14.91 16.25 89.27 1.919
Wired Control Events/minute OvSh (%) E2E PDR (%) E2E Delay (s)
h=−1s* inf 2.73 100 0
h=1s 600 2.73 100 0
h=4.5s 133.33 2.75 100 0
h=10s 60 2.75 100 0
LoRaWAN++ Events/minute OvSh (%) E2E PDR (%) E2E Delay (s)
h=1s,σ=0.1 115.8 3.15 31.4 6.143
h=4.5s,σ=0.01 63.35 29.04 51.04 9.859
h=4.5s,σ=0.1 35.34 6.38 52.4 9.725
h=4.5s,σ=0.3 20.26 5.37 59.01 8.089
h=10s,σ=0.1 15.03 16.63 81.22 8.759
*thesystem is continuous in time.
given above, a 4.5m high water tank with a 3m reference point overflows, or critically fails, with
an overshoot above 50%. The customer demand is expressed as the degree that the out-valve of
thetankis open.Themaximum is 100%,and theminimum, 0%, iswhenthevalve isclosed.
Study 1: Matching Constant Customer Demand. Inthisco-simulation,wekeepthecustomer
demand constantat100%.All experimentswere runfor 9 ,000seconds.
The results in Table 4show that the C3system and LoRaWAN++ both maintain the stability of
thesystemwithsimilarovershoots.Itisbecauseboth Ctrl-MAC andLoRaWAN++alwayssendthe
latest reading, and discard any messages that were not sent successfully. However, the E2E PDR
ofCtrl-MAC is on average 30% higher, and more consistent than the E2E PDR of LoRaWAN++.
TheE2EDelayswasboundedinallcasesbelow2.2secondsforCtrl-MAC.TheLoRaWAN++E2E
Delays are on average greater than 6 seconds. With the C3system the events/minute are always
lessthan136packets/minute,indicatingthattheco-designconstraint C2fromSection 2.2isbeing
met, andthenetworkload remains withinthenetworkcapacity.
Study 2: Matching Dynamical Customer Demand. In this co-simulation, we model customer
demand from actual traces of daily domestic water consumption inspired by Refs [ 10] and [20].
Figure7shows the typical demand of a water network over 24 hours in an urban environment.
It is a tri-modal curve in which the demands are highest during the mornings and evenings and
a small bump during the day time with the lowest demand at night. This demand is simulated by
controllingthedegree towhichtheout-valve is open.
The results in Table 5show that the C3system and LoRaWAN++ can both maintain systems
stability through keeping small overshoots. The events per minute for the C3system are half of
thoseforLoRaWAN++with σ=0.3andarewithinthemaximumloadthatthesystemcanhandle
asdescribedinSection 3.3.TheC3systemalsohasnearlytwicetheE2EPDRand75%smallerE2E
DelayscomparedtoLoRaWAN++.The C3system’sE2EDelaysareboundedbyamaximumof2.1
seconds. The E2E Delays for LoRaWAN++ are 8 seconds on average. The increase in E2E Delays
ACM Transactions on Cyber-Physical Systems,Vol. 5,No. 2,Article 18.Publicationdate:January 2021.
Control Communication Co-Design for WideArea Cyber-Physical Systems 18:19
Fig. 7. Dailycustomer demand (24hours).
Table 5. Evaluation of the C3System forDynamic Customer Demand Compared
toIdealisticWired ControlandLoRaWAN++ forControl
C3system Events/minute OvSh (%) E2E PDR (%) E2E Delays (s)
h=4.5s,σ=0.1 50.33 6.67 87.3 2.043
h=4.5s,σ=0.3 34.80 6.0039 88.88 1.825
Wired Control Events/minute OvSh (%) E2E PDR (%) E2E Delays (s)
h=4.5s 133.33 3.44 100 0
LoRaWAN++ Events/minute OvSh (%) E2E PDR (%) E2E Delays (s)
h=4.5s,σ=0.1 69.85 6.463 46.13 8.546
h=4.5s,σ=0.3 58.71 7.868 55.2 8.268
and reduction of E2E PDR shows that a change in customer demand causes the LoRaWAN++
networkload toapproachitscapacityand struggles tomeet theco-design criteria C2.
Study 3: Fault Detection. An important requirement of a water distribution network system is
faultdetection,whenpipesburstduetosub-zerotemperatures.Apipeburstcauseswaterleakage,
which is another source of demand on a system. In this scenario, we assume that the sensors are
ableto takereadingsfrom thepipes(floworvibrations)and determineif thereisa leakage.
The leak detection mechanism identifies a fault and communicates this to enable leakage mit-
igation. The controller closes the valves that provide water to the affected area, re-routing water
andpreventingwaste.TheauthorsofRef.[ 14]provideanexampleofthiswithleakagelocalisation
to50cm[ 34].
ThesystemstateresponseisdepictedinFigure 8andhasthreephases:no-fault(P1),fault(P2),
and recovery from fault (P3). We give results in Table 6. The overshoots are comparable and sta-
bilityismaintained.TheE2EPDRofthe C3systemisalmosttwicethatofLoRaWAN++.TheE2E
Delaysarelessthan2.1seconds.Thenumberofevents/minutearewithinthemaximumnetwork
load of 136packets/minuteand achievehighreliability.
The results in Table 5show that LoRaWAN++ maintains system stability not by design but
by accident. The E2E Delays of LoRaWAN++ are four times higher than those of the C3system.
AnalysisofthesimulationtracesrevealthatLoRaWAN++succeedsinsendinguplinkmessagesto
thegateway,butgatewayacknowledgmentsarelostduetoduty-cycle, DC,constraints.Thelossof
acknowledgmentmessagescausesaresend.Thegatewayforwardsthereceived,unacknowledged,
sensorvaluetothecontroller,regardlessofwhetherthesensorreceivesanacknowledgment.The
sensorvalueleadstoanactuationupdateandastablesystem.ThetracesshowthatLoRaWAN++
is incapable of meeting our co-design constraint C2of maintaining the network load within its
ACMTransactions on Cyber-Physical Systems, Vol. 5,No.2,Article 18.Publicationdate:January 2021.
18:20 L.Bhatiaet al.
Fig.8. Systemresponsetoafault intank1.
Table 6. TheEvaluation of the C3SystemforConstant Customer Demand with Fault
inComparisonwith anIdealistic WiredControland LoRaWAN forControl
C3system Events/minute OvSh (%) E2E PDR (%) E2E Delays (s)
P1:25.03 3.3087
h=4.5s,σ=0.1P2:64.34 16.059 91.35 2.029
P3:58.98 35.663
P1:14.07 4.4741
h=4.5s,σ=0.3P2:41.87 6.3206 92.25 1.789
P3:39.18 13.260
Wired Control Events/minute OvSh (%) E2E PDR (%) E2E Delays (s)
P1:133.33 2.75
h=4.5s P2:122.65 5.9129 100 0
P3:133.32 10.23
LoRaWAN++ Events/minute OvSh (%) E2E PDR (%) E2E Delays (s)
P1:25.52 3.0926
h=4.5s,σ=0.1P2:69.35 19.29 50.35 8.465
P3:72.50 17.62
P1:15.08 4.1367
h=4.5s,σ=0.3P2:38.25 7.4541 60.94 6.875
P3:38.34 4.2372
P1 -no fault,P2- fault,P3- recovery fromfault.
capacity. The freshness property of the sent data also enables LoRaWAN++ to maintain system
stability.Whenanodefailstoreceiveanacknowledgmentbeforeaneventcausesthesamplingof
newdata,thenewdatareplacestheoldinthere-transmittedpacket.Inthecaseoflostacksandre-
transmissions,thecontrolleralwaysreceivesthenewestdataandmaintainssystemstability.Our
next study investigates whether the stability by accident of LoRaWAN++ scales to a large-scale
system.
Study 4: Large-Scale System. In this co-simulation, we model a larger system with 10 DMAs
consisting of 32 sensor and actuator nodes. We use constant customer demand, two sampling
intervals, h,of 1 and4.5seconds,and werun theexperimentfor10 ,000seconds.
The results in Table 7show that at this scale, LoRaWAN++ is unable to maintain overshoots
within the system boundaries, and the controller is unable to maintain system stability. The C3
ACM Transactions on Cyber-Physical Systems,Vol. 5,No. 2,Article 18.Publicationdate:January 2021.
Control Communication Co-Design for WideArea Cyber-Physical Systems 18:21
Table 7. The Evaluation of the C3Systemfor 10DMAs (32Nodes)
inComparisonwith LoRaWAN++ for Control
C3System Events/minute OvSh (%) E2E PDR (%) E2E Delays (s)
h=1s 253.93 32.44 63.35 3.36
h=4.5s 115.20 22.39 88.16 4.01
LoRaWAN++ Events/minute OvSh (%) E2E PDR (%) E2E Delays (s)
h=1s 238.77 46.80 26.9 11.28
h=4.5s 174.26 63.03 45.2 14.9
systemcanmaintainstabilitywhileachievingovershootsof22%andagoodperformanceinterms
of E2EPDR andE2EDelays,whichisconsistentwiththethreepreviousstudies.
To conclude, our co-simulation results show that when the scale of the system increases by
a factor of 3, LoRaWAN++ is no longer able to keep the network load within the capacity of the
networkandmaintainsystemstability.ThisconfirmsourstatementinSection 3.4thattheALOHA
channelaccessschemeisunabletoprovidethecommunicationrequirementsforcontrol,andour
motivationforthecreationofthetwoco-designconstraintsforour C3approachandthe Ctrl-MAC .
5.2 Real-World Evaluation
This section looks at the performance of the C3system designed using our C3approach on real
hardware.Forcompleteness,weapplyahybridapproachthatcombinesaphysicalLoRacommuni-
cationnetworkwithasimulatedmodelofawatersupplynetworktocreateahardware-in-the-loop
experimentandahardware-in-the-parkexperiment.Thisstageoftheevaluationvalidatesthefind-
ings from the simulations showingthat Ctrl-MAC and the controllercan function correctlywhen
testedwiththeuncertaintyof real-worldradio behaviours.
Real-worldwaterdistributionnetworkshavemixedenvironmentswheretheyaredeployedin-
doorsandoutdoors.Wecarryouthardware-in-the-loopexperimenttocharacterisethebehaviour
of theC3system in an indoor environment. In this experiment, there is no line of sight between
nodes. They are separated by plaster, brick, and metal walls at distances on the order of tens of
meters.Wedivide 10sensornodesinto 3groups,eachrepresentingasingle DMA.
The hardware-in-the-park experiment is done in a 2 ×2km2urban park. This experiment has
buildings, trees, and large ornamental structures blocking line-of-sight. The distances of the
hardware-in-the-park experiments are in the order of hundreds of meters. In this experiment, 8
sensornodesaredivided upinto2 DMAs.
Ctrl-MAC is implemented on all sensor nodes. Each node consists of an Adafruit Feather M0
RFM95LoRaboardmountedonaRaspberryPiModel3.BoththePiandtheFeatherarepowered
bylargecapacitybatteries.ThegatewayfortheLoRanetworkisaMultiConnectConduitGateway
connectedtoadesktopviaEthernet.Thegatewayusesan868MHz+3dbiwhipantenna.Wealtered
thepacketforwardersoftwaretoprovideatimestamptoupperlayersofthegatewaystackrunning
on the desktop. The desktop runs Gateway-Bridge to receive communication from the gateway.
The Gateway-Bridge then sends the messages to LoRa Server, for decryption. Following this, the
LoRa Server sends the decrypted messages to an App Server. The entire software stack on the
desktopis providedby ChripStack.1
Study 1: Hardware-in-the-Loop. Experimental setup is given in Figure 9(left). We provide the
sensornodeswithaconstantdemandworkloadfromthephysicalsystemsimulatorasseeninthe
1https://github.com/brocaar/chirpstack-network-server .
ACMTransactions on Cyber-Physical Systems, Vol. 5,No.2,Article 18.Publicationdate:January 2021.
18:22 L.Bhatiaet al.
Fig. 9. (left) Hardware-in-the-Loop experimental setup, (right) Hardware-in-the-Park experimental setup
withup-streamdelayandSNRvaluesasseenatthegateway(thegatewayismarkedbythestar;individual
sensor nodes locations byredcircles).
Table 8. Round-TripTime(s)and Overshoot(%) forHardware-in-the-Loop Experiment
Node ID 1 23 4 5 6789 1 0
Round-Trip Time (s) 4.8 4.7 4 4.85 5.78 5.67 4.32 5.21 3.97 5.7
Overshoot (%) 4.98 17.25 3.8 8.4 12.36 7.22 9.64 4.98 16.6 13.3
first co-simulation experiment. We record the E2E Delays to measure the ability of our system to
satisfyτd, andtheovershoottoassesstheability ofour approachto maintainsystemstability.
The results are presented in Table 8. There is a constant offset difference between the co-
simulationdelaysandtheexperimentdelays.Theseareduetoissueswiththehardwareimplemen-
tation at the gateway and unidentified latencies in the LoRa server software stack as the current
LoRaWAN stack is not designed for real-time operation. In spite of these added delays, the over-
shootsare stillsmall andshow thatour C3approachcanmaintain systemstability.
Study 2: Hardware-in-the-Park. TheexperimentalsetupisshowninFigure 9(right).Wechose
this setup to provide realistic radio noise and effects such as the signal strength drop caused by
distance and random interference. These real-world disturbances are very difficult to categorise
andmodelinsimulation.Itisimportanttonotethatthesmall+3dbiwhipantennathatweusedon
thegatewaylimitedtherangethatwecouldachieve.Theplacementofthegateway,inthewindow
of a buildingwithlineof siteto thepark,wasalso farfromidealand reducedour overallrange.
This experiment differs from the previous hardware-in-the-loop because it does not use input
directlyfromthesimulator.Instead,thisexperimentuseseventtracesrecordedfromthesimulator
oneverysensornode.WemeasuredtheRound-TripTimes(RTTs)andsignal-to-noiseratio(SNR)
atthegatewayforeachnodeinthisexperiment.RTTsaredefinedasthedifferencebetweenwhen
a packetwasacknowledged andwhenit wasgenerated.
The results are depicted in Figure 9(right). It can be seen that the average delay between two
successful events is small, very similar to the previous hardware-in-the-loop experiments. The
signal to noise ratios show that there is a correlation between distance, SNR, and delays. This
is an indication of higher packet loss and retransmissions. We see that, even in the presence
ACM Transactions on Cyber-Physical Systems,Vol. 5,No. 2,Article 18.Publicationdate:January 2021.
Control Communication Co-Design for WideArea Cyber-Physical Systems 18:23
Fig.10. Captureeffect phenomenon.
of an unstable radio link environment, the C3system keeps the delays bounded. It is clear that
the bounded delay times that we observed in both of our real-world experiments validate the
co-simulation results, and that our C3approach is useful to design control and communication
protocolsthatcanmaintain thestabilityof aWA-CPS.
Experimental Observations. During our experimental evaluation with real sensor nodes, we
encountered some strange packet loss behaviour that was the result of collisions and the capture
effect [32]. The capture effect occurs when two packets arrive at the same time, and there is a
collision.OneofthetwopacketsissuccessfullydecodediftheresultingRSSIofthereceivedpacket
ishigherthanthereceivernoiseflooraftertheReceivedSignalStrengthIndicator(RSSI)ofthelost
packethasbeensubtractedfromit.TheresultisthattheSNRvalueofthedecodedpacketreduces.
For experiments involving hardware, we used low SNR thresholds to indicate the occurrence of
collisions when the gateway had detected none. The gateway would then communicate to the
node that did not successfully send its packet that it needed to restart the data sending process.
WecalculateSNRsatvariouspositionsandderivedathresholdSNRvalueof7dBinthelaboratory,
and between6dB and8dB forsensorsin theoutdoorexperiment.
The capture effect can be seen in Figure 10t h a ts h o w st w on o d e st h a tt r a n s m i ta tt h es a m e
time. The SNR for both nodes is between 9dB and 10dB for when there are no collisions. During
a collision with the capture effect, we see that the SNR of the received packets is between 5dB
andalmost0dB.Weadapted Ctrl-MAC touseSNRthresholdtodetectcollisions,whichsolvedthe
problem.
5.3 Evaluation Conclusion
The results of our evaluation clearly show that the use of our C3approach enabled the co-design
ofCtrl-MAC and a controllerthatcanmaintain theE2Ecommunicationdelay boundsrequiredto
keep a WA-CPS physical system stable. The results in Table 6show that LoRaWAN++ and the C3
systemcanmaintainsystemstabilityona3DMAsystem,althoughLoRaWAN++hasanE2EPDR
of50%to60%comparedto91–100%forour C3system.Atthisscale,LoRaWAN++enablesstability
forsmall-scalecontrolsystemsbyaccidentasdescribedinSection 5.1.AscanbeseenfromStudy
4, this situation does not scale well, and LoRaWAN++ fails when the system scale increases. In
Table7, we see that with 10 DMAs and 32 sensors, LoRaWAN++ allows the overshoots to get as
largeas63%.The C3systemkeepstheovershootsdownto22%forthesameparameters.TheE2E
PDRfallsto26%forLoRaWAN++,whilethe C3systemhasanE2EPDRof63%atasampleinterval
of1second.Thus,theresultsoftheevaluationshowbenefitsofthe C3systemoverLoRaWAN++.
ACMTransactions on Cyber-Physical Systems, Vol. 5,No.2,Article 18.Publicationdate:January 2021.
18:24 L.Bhatiaet al.
6 RELATED WORK
The contribution of this article is in the combination of control and wireless computer commu-
nication. There is a large body of literature focusing on wireless network control systems both
byco-designingthecommunicationandcontrolandconsideringthemindividually[ 21].Welimit
our review of the literature to event-triggered control and off-the-shelf wireless communication
systems that have been used in such control systems. Similar approaches to the combination of
control and communication are found in Refs [ 8], [9], [15], [22], [23], [26], [28], and [30]b u td o
not focusonevent-triggered control.
The most relevant work from the event-triggered control literature comes from Refs [ 12], [18],
[19], and [33]. In Refs [ 33], authors examine the bounds required to achieve event-triggered con-
trol.Theyusecanonicalcontrolsystemsthatdonotreflectthecomplexityofreal-worldpractical
physical systems. Their work only addresses short-range communications (such as Zigbee) with
high data rates and the inability to scale to multi-kilometres. In Ref. [ 18], the complexity of dis-
turbances was ignored, and all sensors communicate local measurements synchronously. Both of
theseassumptionsdonotapplytolarge-scalephysicalsystems.InRef.[ 33],theeventtriggermech-
anism and controller are decentralised, making local computation complex (not suitable for low-
poweredsensordevices).InRef.[ 12],theauthorsproposereal-timeschedulingforevent-triggered
and time-triggered flows using 802.15.4 compliant radios. In Ref. [ 19], the authors propose a de-
centralised event-triggered control with a Time Division Multiple Access (TDMA) protocol and
reservedslots,whichwillnotscaleto a largenumber of low-powernodes.
The closest experimental works to ours from the event-triggered control literature includes
Refs [2], [13], and [17]. In Ref. [ 2], the system dynamics are entirely different from our own. The
system has double tanks, a small area, uses Zigbee, and requires fast control of 20 seconds to
reach equilibrium. Our system has 10 tanks, covers a considerably larger area, uses LPWA, and
is slow-loop requiring 4 ,500 seconds to reach equilibrium (see Figure 6). The use of TDMA in
Ref. [2] negatively impacts scale because nodes have to await their turn. Ctrl-MAC uses request
slotstoallowmultiplenodestorequesttosenddataimmediately.TheworkinRef.[ 13]considers
centralisedanddecentralisedevent-triggeredcontrolofwatersystems.ItalsoassumesLANscale
systemonasmall-scaleemulatorandnotadistributedmulti-subsystem.ExcitingworkbyRef.[ 17]
derivedcommunicationschemeswithguaranteedclosed-loopstabilityforlineardynamicsystems
overlow-powermulti-hopnetworks.Theirend-to-enddesignassumesabespokecommunication
systembasedonconstructiveinterferenceforcontrolmessageflooding.Therangeoftheirsolution
is also limited to LAN scaled areas and not the wide-area multi-sub-system distributed control
describedinour article.
7 LIMITATIONS
WhilethisarticleaimstodemonstratethatLPWAcommunicationtechnologiescanindeedsupport
WA-CPS,therearesomelimitationstoourexpositionthatwereserveforfurtherresearch.Firstly,
wedonotexplicitlydiscussenergyusageorsaving.Itisimplicitinthewaythatwesavelargevol-
umesofcommunicationmessages.However,weacceptthatactuationisrelativelypower-hungry
(e.g.,apump).Weeitherassumeitiswiredorusesenergyharvestingandwehavemodeledtheac-
tuatorsaslisteningtothechannelatalltimes;therefore,wedonotexplicitlypresentenergycosts
of these in the results. Future work will look into minimising the listening time of the actuators
to save energy. All other energy savings come from standard sensor communications approaches
inherent in the lightweight LPWA protocol. We scale our work to 150 nodes per base-station as
per general LoRa recommendations. In real implementations of LoRa, scale is achieved through
the deployment of more gateways. However, this would expose different scheduling problems to
ACM Transactions on Cyber-Physical Systems,Vol. 5,No. 2,Article 18.Publicationdate:January 2021.
Control Communication Co-Design for WideArea Cyber-Physical Systems 18:25
manage feedback messages between many gateways to a given node; therefore, further work on
slotallocationtocopewith,orensure,non-overlappingcommunicationsisrequired.Robustanal-
ysisofacommunicationsprotocolinacontrolscenariodictatesitsanalysisintermsofacanonical
physicalsystem—inourcase,thewaterdistributionnetwork.Thissystemwaschosenasitrepre-
sentsthedynamicsofmanymulti-kilometrepipelinesystems;furtherworkonotherapplications
willdemonstrategeneralityfurther.
8 CONCLUSION
In this article, we present Ctrl-MAC , a novel LPWA MAC protocol that balances the control re-
quirements of WA-CPS with the communication limitations imposed by LPWA communication
technologies. Our protocol is a product of a Control Communication Co-design ( C3) approach
for WA-CPSs. The C3approach specifies a set of control and communication parameters and the
constraints that couple them to create a controller and communication protocol that can main-
tainstabilityforaWA-CPS.OurevaluationshowsthatCtrl-MACanditscontroller,referredtoas
theC3system, can maintain system stability under real-world conditions. The results of our co-
simulation evaluation show that neither LoRaWAN nor LoRaWAN++ can provide data reception
guarantees to the sensors or the control system. Ctrl-MAC has up to 50% better average packet
deliveryratioand80%lessaverageend-to-enddelayswhencomparedtoLoRaWAN++.Thecom-
binationofguaranteesandlowlatenciesmakesCtrl-MACtheonlyLPWAsystemsuitableforthe
long-range communication and controlof WA-CPSs.
The evaluation criterion used in this article aims to be acceptable to both the computer sys-
tems community (via reasoned algorithms, extensive scaled evaluations, and real-world testing)
andthecontrolcommunity(viaformalreasoningofaphysicalwaterdistributioncontrolsystem).
Our evaluation shows that Ctrl-MAC in the C3system succeeds in maintaining stability based
on the criterion that we establish for WA-CPS. This work is the first to demonstrate that LPWA
communications,specificallyLoRa,canconclusivelysupportalargeclassofcontrolsystems,pre-
viouslyconsideredbeyonditsscope.Ourfutureworkwillcontinuetoexplorevariousapplications
of Ctrl-MAC in thewild.
A APPENDIX
A.1 Proof of Corollary 4.1
Proof. The basic idea of the proof is inspired by the proofs of Theorem III.4 in Ref. [ 4]a n d
Theorem III.2 and Corollary III.3 in Ref. [ 11]. The proof consists of three main steps, which are
presentednext.
Inthefirststep,we considerthefollowingLyapunov function:
V(ξ,τ)=⎧⎪⎨⎪⎩ξTP1(τ)ξ,τ∈[0,τd]
ξTP0(τ)ξ,τ∈[τd,h],(9)
where
d
dτPi=−¯ATPi−Pi¯A−2ρPi (10)
withi∈{1,0}. The matrices P0handP1dare defined in Corollary 4.1asP0(h)=P0handP1(τd)=
P1d. Additionally,we define P10:=P1(0),andP0d:=P0(τd).
We alsoconsidertwoscalars c1andc2thatsatisfy0 <c1≤c2and are given as:
c1:=min{min
τ∈[0,τd]λmin(P1(τ)),min
τ∈[0,h]λmin(P0(τ))}
c2:=max{max
τ∈[0,τd]λmax(P1(τ)),max
τ∈[0,h]λmax(P0(τ))},
ACMTransactions on Cyber-Physical Systems, Vol. 5,No.2,Article 18.Publicationdate:January 2021.
18:26 L.Bhatiaet al.
whereλmin(Pi)andλmax(Pi)are the minimum and maximum eigenvalues of matrix Pi, respec-
tively. According to Refs [ 4] and [11], it can be shown that the function Vsatisfies the following
inequalities:
c1|ξ|2≤V(ξ,τ)≤c2|ξ|2.
In the second step, we analyse Vduring the flows and jumps of the system. Using Equation ( 9)
and Equation( 10),and derivating Valongτ(V:τ∈[0,τd]a n dτ∈[τd,h])we get:
d
dtV(ξ,τ)=−2ρV(ξ,τ).
Inthethirdstep,weneedtoshowthat Vdoesnotincreaseduringjumps.AccordingtoRef.[ 11],
it holdsthat
P10=e2ρτde¯ATτdP1de¯Aτd
P0d=e2ρ(h−τd)e¯AT(h−τd)P0he¯A(h−τd).(11)
By applyingSchurcomplement andS-procedure,itfollows fromEquation( 8)that:
ξ+TP10ξ+=ξT´JT
JP10´JJξ≤ξTP0hξ
ξ+TP0dξ+=ξT˜JT
JP0d˜JJξ≤ξTP1dξ.
Theresultsofthisproofguaranteethat VisaproperLyapunovfunction,andthesystemisGES
withconvergencerate ρ,whichconcludestheproof. /square
REFERENCES
[1] Ferran Adelantado, Xavier Vilajosana, Pere Tuset-Peiro, Borja Martinez, Joan Melia-Segui, and Thomas Watteyne.
2017.Understanding the limitsof LoRaWAN. IEEECommunications Magazine 55,9(2017),34–40.
[2] JoséAraújo,ManuelMazo,AdolfoAnta,PauloTabuada,andKarlH.Johansson.2014.Systemarchitectures,protocols
and algorithms for aperiodic wireless control systems. IEEE Transactions on Industrial Informatics 10, 1 (2014), 175–
184.
[3] Belimo. 2019. NRQ24A-SR Datasheet. Retrieved June 23, 2019 from https://www.belimo.ch/pdf/e/NRQ24A-SR_
datasheet_en-gb.pdf .
[4] Dominicus Paulus Borgers, Victor Sebastiaan Dolk, and WPMH Heemels. 2018. Riccati-based design of event-
triggeredcontrollers for linearsystems withdelays. IEEETransactions onAutomatic Control 63,1 (2018),174–188.
[5] Balakrishnan Chandrasekaran. 2006. Survey of Network Traffic Models. Retrieved June 3, 2019 from https://www.
cse.wustl.edu/ jain/cse567-06/ftp/traffic_models3.pdf .
[6] Lora Alliance Technical Committee. 2018. LoRaWAN 1.1 Specification. Retrieved June 3, 2019 from https://lora-
alliance.org/sites/default/files/2018-07/lorawan1.0.3.pdf .
[7] JamesDicken,PaulD.Mitcheson,IvanStoianov,andEricM.Yeatman.2012.Power-extractioncircuitsforpiezoelec-
tricenergyharvestersinminiatureandlow-powerapplications. IEEETransactionsonPowerElectronics 27,11(2012),
4514–4529.
[8] Mark Eisen, Mohammad M. Rashid, Konstantinos Gatsis, Dave Cavalcanti, Nageen Himayat, and Alejandro Ribeiro.
2019.Controlawareradioresourceallocationinlowlatencywirelesscontrolsystems. IEEEInternetofThingsJournal
6,5(2019),7878–7890.
[9] EtimadFadel,VehbiC.Gungor,LailaNassef,NadineAkkari,M.G.AbbasMalik,SuleimanAlmasri,andIanF.Akyildiz.
2015.A survey onwireless sensor networks forsmart grid. Computer Communication 71(2015),22–33.
[10] Thulo Ram Gurung, Rodney A. Stewart, Cara D. Beal, and Ashok K. Sharma. 2015. Smart meter enabled water end-
usedemanddata:Platformfortheenhancedinfrastructureplanningofcontemporaryurbanwatersupplynetworks.
Journal ofCleanerProduction 87(2015),642–654.
[11] W. P. M. Heemels, M. C. F. Donkers, and Andrew R. Teel. 2013. Periodic event-triggered control for linear systems.
IEEETransactions onAutomatic Control 58,4(2013),847–861.
[12] X. Jin, A. Saifullah, C. Lu, and P. Zeng. 2019. Real-time scheduling for event-triggered and time-triggered flows in
industrialwirelesssensor-actuatornetworks.In ProceedingsoftheIEEEINFOCOM2019-IEEEConferenceonComputer
Communications . 1684–1692.
[13] S. Kartakis, A. Fu, M. Mazo, and J. A. McCann. 2018. Communication schemes for centralized and decentralized
event-triggeredcontrol systems. IEEETransactions onControlSystems Technology 26,6(2018),2035–2048.
ACM Transactions on Cyber-Physical Systems,Vol. 5,No. 2,Article 18.Publicationdate:January 2021.
Control Communication Co-Design for WideArea Cyber-Physical Systems 18:27
[14] Sokratis Kartakis, Weiren Yu, Reza Akhavan, and Julie A. McCann. 2016. Adaptive edge analytics for distributed
networked control of water systems. In Proceedings of the 2016 IEEE First International Conference on Internet-of-
Things Design and Implementations. IEEE, 72–82.
[15] XianghengLiuandAndreaGoldsmith.2004.Wirelessnetworkdesignfordistributedcontrol. ProceedingsoftheIEEE
ConferenceonDecision andControl 3(2004),2823–2829.
[16] ChenyangLu,AbusayeedSaifullah,BoLi,MoSha,HumbertoGonzalez,DolvaraGunatilaka,ChengjieWu,Lanshun
Nie, and Yixin Chen. 2016. Real-time wireless sensor-actuator networks for industrial cyber-physical systems. In
Proceedings of theIEEE 104,5(2016),1013–1024.
[17] Fabian Mager, Dominik Baumann, Romain Jacob, Lothar Thiele, Sebastian Trimpe, and Marco Zimmerling. 2019.
Feedbackcontrolgoeswireless:Guaranteedstabilityoverlow-powermulti-hopnetworks.In Proceedingsofthe10th
ACM/IEEEInternational ConferenceonCyber-Physical Systems (ICCPS’19) .ACM,New York, NY, 97–108.
[18] Manuel Mazo and Paulo Tabuada. 2011. Decentralized event-triggered control over wireless sensor/actuator net-
works.IEEETransactions onAutomatic Control 56,10(2011),2456–2461.
[19] Manuel Mazo Jr and Anqi Fu. 2015. Decentralized event-triggered controller implementations. Event-Based Control
andSignal Processing (2015),121.
[20] Alain Moreau. 2011. Control strategy for domestic water heaters during peak periods and its impact on the demand
forelectricity. Energy Procedia 12(2011),1074–1082.
[21] Pangun Park, Sinem Coleri Ergen, Carlo Fischione, Chenyang Lu, and Karl H. Johansson. 2018. Wireless network
designfor control systems: Asurvey. IEEECommunications Surveys and Tutorials 20,2(2018),978–1013.
[22] AnnaPellegrino,ValerioRMLoVerso,LauraBlaso,AndreaAcquaviva,EdoardoPatti,andAnnaOsello.2016.Lighting
control and monitoring for energy efficiency: A case study focused on the interoperability of building management
systems.IEEETransactions onIndustryApplications 52,3 (2016),2627–2637.
[23] StigPetersenandSimonCarlsen.2011.WirelessHARTversusISA100.11a:Theformatwarhitsthefactoryfloor. IEEE
Industrial Electronics Magazine 5,4(2011),23–34.
[24] Alexandru-IoanIoanPop,UsmanRaza,ParagKulkarni,andMaheshSooriyabandara.2018.Doesbidirectionaltraffic
domoreharmthangoodinLoRaWANbasedLPWAnetworks?In Proceedingsofthe2017IEEEGlobalCommunications
Conference (2018),1–6.
[25] UsmanRaza,ParagKulkarni,andMaheshSooriyabandara.2017.Lowpowerwideareanetworks:Anoverview. IEEE
Communications Surveys and Tutorials. 19,2(2017),855–873.
[26] Craig B. Schindler, Thomas Watteyne, Xavier Vilajosana, and Kristofer S. J. Pister. 2017. Implementation and char-
acterization of a multi-hop 6TiSCH network for experimental feedback control of an inverted pendulum. In 15th
International Symposium on Modeling and Optimization in Mobile, Ad Hoc, and Wireless Networks (WiOpt’17) . IEEE,
1–8.
[27] Jianping Song, Song Han, Al Mok, Deji Chen, Mike Lucas, Mark Nixon, and Wally Pratt. 2008. WirelessHART: Ap-
plying wireless technology in real-time industrial process control. In IEEE Real-Time and Embedded Technology and
Applications Symposium.
[28] NagenderKumarSuryadevara,SubhasChandraMukhopadhyay,SeanDieterTebjeKelly,andSatinderPalSinghGill.
2015.WSN-basedsmartsensorsandactuatorforpowermanagementinintelligentbuildings. IEEE/ASMETransactions
on Mechatronics 20,2(2015),564–571.
[29] Ivana Tomić, Laksh Bhatia, Michael J. Breza, and Julie A. McCann. 2018. The limits of LoRaWAN in event-triggered
wireless networked control systems. In Proceedings of the 2018 UKACC 12th International Conference on Control
(CONTROL’18) .101–106.
[30] Malik Tubaishat, Yi Shang, and Hongchi Shi. 2007. Adaptive traffic light control with wireless sensor networks. In
Proceedings of the4th IEEE2007 ConsumerCommunications and Networking Conference(CCNC’07) .IEEE, 187–191.
[31] XavierVilajosana,ThomasWatteyne,MališaVučinić,TengfeiChang,andKristoferS.J.Pister.2019.6TiSCH:Indus-
trialperformanceforIPv6 Internet-of-Thingsnetworks. In Proceedings oftheIEEE (2019),1–13.
[32] Thiemo Voigt, Martin Bor, Utz Roedig, and Juan Alonso. 2017. Mitigating inter-network interference in LoRa net-
works.In Proceedingsofthe2017InternationalConferenceonEmbeddedWirelessSystemsandNetworks(EWSN) .323–
328.
[33] Xiaofeng Wang and Michael D. Lemmon. 2011. Event-triggering in distributed networked control systems. IEEE
Transactions onAutomatic Control 56,3 (2011),586.
[34] WeirenYuandJulieA.McCann.2015.Effectivelypositioningwaterlosseventinsmartwaternetworks.In Proceedings
ofthe2ndInternational Electronic ConferenceonSensors andApplications (IECSA’15) .1–10.
Received July2019; revisedJune2020; accepted August 2020
ACMTransactions on Cyber-Physical Systems, Vol. 5,No.2,Article 18.Publicationdate:January 2021.","[-0.03713938221335411, -0.04152021184563637, -0.11672849953174591, -0.07697093486785889, -0.0332619771361351, 0.01753649301826954, -0.039242032915353775, 0.028394753113389015, -0.015897249802947044, 0.07400961965322495, 0.06257965415716171, -0.019803756847977638, -0.002372778719291091, -0.11023209989070892, 0.019352328032255173, 0.042527273297309875, 0.030179055407643318, -0.09099885076284409, -0.039886292070150375, 0.012190131470561028, 0.10588155686855316, 0.010045584291219711, 0.010758951306343079, 0.010987098328769207, -0.042386218905448914, 0.00641022389754653, -0.014309587888419628, -0.045072440057992935, -0.008876148611307144, 0.007310675922781229, -0.010701757855713367, -0.02954818867146969, -0.02934468723833561, -0.09858644008636475, 0.03385616093873978, 0.025730043649673462, 0.07809360325336456, 0.018472980707883835, 5.498071186593734e-05, 0.017884861677885056, -0.04033457115292549, -0.01427268236875534, 0.02165301702916622, 0.09917767345905304, -0.03563463315367699, -0.0035970937460660934, -0.03871870040893555, 0.06084480881690979, -0.012722634710371494, -0.003169810399413109, 0.07027621567249298, -0.09871844202280045, 0.07255171984434128, 0.009405256249010563, 0.03179899975657463, -0.05032472684979439, -0.023951102048158646, 0.11283966898918152, 0.12279702723026276, -0.03201451152563095, 0.002123349579051137, 0.008876512758433819, 0.005581407342106104, 0.013829142786562443, -0.030793091282248497, -0.016856787726283073, -0.02636905014514923, -0.005626192316412926, 0.005198817700147629, -0.034797657281160355, -0.06392478942871094, -0.08021263033151627, 0.06094038486480713, 0.02937171421945095, 0.1038752868771553, 0.07239377498626709, -0.0012591073755174875, -0.0006715195486322045, 0.008526566438376904, -0.012256999500095844, 0.055543262511491776, 0.11234384030103683, -0.018384266644716263, -0.019475437700748444, 0.00020834847236983478, -0.06454695016145706, -0.024790819734334946, -0.018142228946089745, 0.09339910000562668, 0.015567556954920292, -0.041130371391773224, -0.023068789392709732, 0.017036855220794678, 0.03285559266805649, 0.034124087542295456, -0.10039916634559631, 0.0635484978556633, 0.004838856868445873, -0.0488031804561615, -0.007068213075399399, 0.03476276993751526, -0.01691882498562336, 0.0017489900346845388, -0.03788820281624794, 0.021615801379084587, -0.06711794435977936, -0.03871653974056244, 0.012492893263697624, 0.0968516543507576, -0.010204638354480267, -0.04816960170865059, 0.012941937893629074, -0.06620123237371445, -0.0128664281219244, 0.015050805173814297, 0.010048207826912403, 0.01484229788184166, -0.010898366570472717, 0.12695874273777008, -0.07568605989217758, -0.05377541854977608, -0.09886322915554047, 0.023066937923431396, -0.01862488128244877, 0.06691537797451019, 0.03748178109526634, 0.006837266497313976, 6.76066327155444e-33, -0.09262712299823761, 0.05983754247426987, -0.04158012941479683, 0.10608604550361633, 0.02092610113322735, -0.06643270701169968, 0.05830511078238487, 0.019595053046941757, 0.0003787247696891427, -0.005721682216972113, 0.01079472340643406, -0.003344237571582198, 0.012073639780282974, 0.030954983085393906, 0.0787455141544342, -0.05335194244980812, -0.024029027670621872, -0.003524190280586481, 0.00047183301649056375, -0.001248782966285944, 0.07302706688642502, -0.034120600670576096, 0.04749763011932373, -0.0661391168832779, 0.07281150668859482, -0.006822703871876001, 0.01986261084675789, 0.06991216540336609, -0.008669018745422363, 0.06671634316444397, -0.054766539484262466, 0.016361773014068604, -0.04915957152843475, -0.021119236946105957, -0.022740866988897324, -0.025667501613497734, -0.014759301207959652, -0.16396012902259827, -0.0017913664923980832, 0.0058677587658166885, -0.04222915694117546, -0.08859702944755554, -0.11428920924663544, -0.04530714452266693, 0.04287197068333626, -0.12429103255271912, -0.011952371336519718, -0.012301871553063393, -0.010947073809802532, -0.003384054871276021, -0.02724994532763958, 0.06500473618507385, -0.011398805305361748, 0.028363574296236038, 0.03110676072537899, -0.07691554725170135, -0.00979537796229124, 0.011593090370297432, 0.08321267366409302, 0.15648546814918518, -0.05693835765123367, 0.017345737665891647, 0.011752025224268436, -0.03531420975923538, 0.07301770895719528, -0.014129364863038063, -0.02703830786049366, -0.03138504549860954, -0.010624099522829056, -0.032600171864032745, -0.025276511907577515, -0.028796177357435226, 0.031510740518569946, 0.042290352284908295, 0.0061573851853609085, -0.0030101588927209377, 0.009378562681376934, 0.07256540656089783, -0.10531619191169739, 0.015387202613055706, -0.0326554961502552, 0.12858399748802185, -0.033996980637311935, 0.02283415012061596, 0.01184123195707798, -0.06740250438451767, -0.022736767306923866, 0.041709717363119125, -0.12580671906471252, 0.02900512143969536, 0.017646411433815956, -0.011654535308480263, 0.0372307226061821, 0.031593017280101776, -0.0687764585018158, -7.813951025613334e-33, -0.006057282444089651, -0.0001111765595851466, -0.09547186642885208, -0.03731365129351616, -0.02341393008828163, -0.06535761058330536, -0.02732773870229721, -0.02125946246087551, -0.004670307040214539, -0.037036944180727005, 0.03855690732598305, -0.09224195778369904, 0.018940217792987823, 0.03427579998970032, 0.08222521841526031, -0.015882078558206558, 0.010369415394961834, -0.0958651751279831, 0.020765095949172974, 0.0314442403614521, 0.1673109382390976, -0.04097554832696915, -0.03207090124487877, -0.028755107894539833, -0.042252421379089355, 0.01881721429526806, -0.04705905169248581, 0.0537324883043766, 0.012872965075075626, 0.07262106984853745, -0.04768119379878044, -0.01893138512969017, 0.057922083884477615, 0.028910990804433823, 0.029836980625987053, -0.021308135241270065, -0.010394463315606117, 0.013945261016488075, 0.020244251936674118, -0.020030908286571503, 0.12431519478559494, -0.019833341240882874, -0.040936656296253204, -0.015199631452560425, 0.034312281757593155, -0.04516024515032768, -0.05117812752723694, -0.018743343651294708, -0.035282861441373825, 0.01579207181930542, 0.013760908506810665, -0.05982434004545212, -0.04305380955338478, 0.0391516387462616, 0.04171370342373848, 0.03032258339226246, 0.050694629549980164, 0.030422674492001534, -0.06023011729121208, -0.06193773075938225, 0.06250091642141342, -0.04154488816857338, 0.028468890115618706, 0.08246991038322449, 0.10507798939943314, 0.04535118490457535, 0.042010869830846786, 0.009732035920023918, 0.08962816745042801, 0.051056116819381714, -0.014344430528581142, 0.05666481703519821, -0.032979246228933334, -0.07289261370897293, -0.036838047206401825, 0.027176041156053543, 0.05082027614116669, -0.04823126643896103, 0.006617611274123192, -0.06219834089279175, -0.06969135254621506, 0.0840926244854927, 0.03162144497036934, -0.017939936369657516, 0.049304015934467316, 0.04939804598689079, -0.006111988332122564, 0.02611890248954296, 0.00764204328879714, -0.058066993951797485, -0.027125941589474678, -0.0677843689918518, 0.026516035199165344, 0.057865582406520844, 0.022952530533075333, -5.778124645416938e-08, -0.05170828104019165, 0.11056222766637802, -0.00783528108149767, 0.023088892921805382, -0.0202366653829813, 0.025511404499411583, -0.009648100472986698, -0.15025754272937775, 0.030135685577988625, 0.028148505836725235, 0.010279281996190548, 0.0008072886266745627, 0.04948185384273529, -0.06429222226142883, 0.04371173679828644, -0.028342820703983307, -0.08295462280511856, -0.001603366807103157, 0.010963711887598038, -0.00976618006825447, -0.03967335447669029, -0.010944447480142117, -0.05418110266327858, 0.047097861766815186, 0.05521184578537941, 0.03679462522268295, 0.029608091339468956, 0.0712229311466217, 0.019038531929254532, 0.03168615326285362, -0.0601327084004879, -0.036249320954084396, -0.04353708401322365, 0.10646335035562515, 0.040839459747076035, -0.009976987726986408, -0.07604704797267914, 0.03715476766228676, 0.014082596637308598, 0.0616191029548645, -0.013618259690701962, 0.008036320097744465, -0.0785306766629219, 0.01789078302681446, -0.018683144822716713, 0.025343362241983414, -0.09056241810321808, 0.00404617702588439, -0.07014697045087814, 0.05029578506946564, -0.06067752093076706, 0.025359397754073143, 0.027717530727386475, 0.04528746381402016, 0.025925373658537865, 0.02987544611096382, -0.048357706516981125, -0.10532651841640472, -0.011696775443851948, 0.04618610069155693, -0.01350218802690506, 0.026366639882326126, -0.034799233078956604, 0.03363678604364395]"
A Real-Time LoRa Protocol for Industrial Monitoring and Control System (1).pdf,"Received January 31, 2020, accepted February 18, 2020, date of publication March 2, 2020, date of current version March 13, 2020.
Digital Object Identifier 10.1 109/ACCESS.2020.2977659
A Real-Time LoRa Protocol for Industrial
Monitoring and Control Systems
QUY LAM HOANG
1, WOO-SUNG JUNG
2, TAEHYUN YOON
2, DAESEUNG YOO
2,
AND HOON OH
1, (Member, IEEE)
1Department of Electrical and Computer Engineering, University of Ulsan, Ulsan 680-749, South Korea
2Electronics and Telecommunications Research Institute, Daejon 305-350, South Korea
Corresponding author: Hoon Oh (hoonoh@ulsan.ac.kr)
This work was supported in part by the Electronics and Telecommunications Research Institute (ETRI), and in part by the Korean
Government and Ulsan Metropolitan City through the (Development of smart context-awareness foundation technique for major industry
acceleration) under Grant 19ZS1300 and through the (Development of smart HSE system and digital cockpit system based on ICT
convergence for enhanced major industry) under Grant 19AS1100.
ABSTRACT LoRa technology draws attention for its use in industrial monitoring and control systems in
which each end device or task is required to send data periodically to a (cloud) server. Despite its provision
of a stable link, it suffers from data loss by signal suppression and interference. A real-time LoRa protocol
is proposed that uses a slot scheduling to remove collision and device or node grouping based on signal
attenuation to deal with signal suppression. Based on the denition of a frame-slot structure, a logical slot
indexing algorithm is devised to tag a logical index to each slot. The logical indices enable the easy allocation
of slots to nodes such that if each node sends data in the allocated slots, it can satisfy time constraint.
To handle external interference caused by other networks, the protocol uses a multiple listen-before-talk
(mLBT) mechanism that allows channel detection multiple times within one slot. Our protocol is compared
analytically and experimentally with other ones to show its superior throughput and reliability against signal
suppression and interference.
INDEX TERMS LoRa protocol, real-time, reliability, task scheduling, TDMA.
I. INTRODUCTION
The use of wireless sensor networks ( WSNs) in industrial
monitoring and control systems (hereafter abbreviated as
IMOCS s) has some requirements such that data has to be
delivered in a real-time and reliable manner [1]. Intensive
studies on WSNs have been conducted to satisfy those
requirements [2][5]. However, multi-hop WSNs have some
difculties in dealing with the changes in network topology
by node mobility and link instability due to shading and
multipath fading effects [1]. In particular, this phenomenon
becomes severer in underground tunnels or enclosed spaces.
In [6], [7], the authors claim that the LoRa technology is suit-
able for the use in industry zones due to its high interference
immunity and low power data transmission.
A private LoRa network for industry use, referred to
as an industrial LoRa network , draws some issues. First,
IMOCS collects data regularly from each end device (or
node), thereby incurring relatively high trafc loads. For
The associate editor coordinating the review of this manuscript and
approving it for publication was Jihwan P. Choi
 .the worse, since LoRa data has a lengthy time-on-air (ToA),
the industrial LoRa network suffers from high internal inter-
ference between different data transmissions in the same
network. Second, in IMOCS, each node can have its own
data transmission period (that becomes time constraint) to
prevent erroneous operations from the temporal inaccuracy
of sensor data. Third, high trafc in IMOCS also makes data
transmission more vulnerable to external interference caused
by other ISM band networks [1]. The rst two issues can
be tackled by the use of the time division multiple access
(TDMA); however, the third issue has to be treated in a best-
effort manner since external interference is not controllable.
One derived issue with the use of TDMA is that if a slot
scheduling is made in a centralized manner as it is done in
most WSN protocols [8][10], it can cause high overhead
against topological changes. The overhead may be tolerable
in a LoRa network with a star topology; it is still a burden due
to its low bandwidth.
Recently, LoRaWAN [11], an open network standard on
top of the LoRa physical layer, has been used in vari-
ous applications such as smart cities, smart farming, and
VOLUME 8, 2020This work is licensed under a Creative Commons Attribution 4.0 License. For more information, see http://creativecommons.org/licenses/by/4.0/44727
Q. L. Hoang et al. : Real-Time LoRa Protocol for IMOCSs
environmental monitoring, etc. [12]. LoRaWAN uses a star-
of-star network topology, consisting of one or more gate-
ways (GWs) that relay data between end nodes and a
server. It denes three MAC classes, namely A, B, and
C, in which Class A is widely used. It employs the Pure
Aloha [13] approach for data transmission that allows an
end node to transmit uplink data freely. Two downlink slots
are opened after the uplink slot for a server to send data or
command to end nodes. Due to the random nature of data
transmission, a LoRaWAN node suffers from the high proba-
bility of data collision as trafc increases. The collision prob-
lem with the scalability issue is studied in papers [14][17].
Furthermore, it obvious that the collision problem becomes
worse with the use of the higher spreading factors (SF) that
have the longer transmission range and the lengthier packet
ToA.
A number of solutions have been given to tackle the colli-
sion problem. Some of them employs the Slotted Aloha [13]
approach that constrains the start of data transmission only
to the boundaries of time slots [18][20]. By simulation,
they show that this approach can alleviate the probability of
collision to some extent, but does not eliminate collision.
Thus, Slotted Aloha may not be suitable for the applica-
tions that require high reliability in data transmission. Mean-
while, some protocols employ a slot scheduling to remove
data collision completely. In the slot scheduling approach,
every node is allocated a distinct time slot such that if it
transmits data within the allocated slot, no data collision
occurs [21], [22]. In [23], a relay node connected directly
to GW creates a subnet with a small number of nodes in
the underground zone and then collects data from them by
using a slot schedule. However, it still relies on LoRaWAN
to forward the collected data to GW. The on-demand LoRa
protocol [24] allows a server to collect data from nodes in a
cluster that is managed by a clusterhead. By using a short-
range wake-up radio combined with the LoRa module, the
clusterhead awakes its members and schedules transmission
slots for them. Although this approach improves reliability,
it can limit its application scenario since its operation relies on
the short-range wake-up radio. The authors in [25] improve
the concurrent transmission technique used in the Glossy
approach [26] by employing the notion of transmission time
offset, referred to as the offset-CT approach. This approach
allows two or more nodes to transmit data concurrently, but
with different time offsets; however, it suffers from high
energy consumption since it involves ooding in every data
transmission.
Several efforts have been made to adapt the LoRa technol-
ogy to industry applications by employing a slot scheduling.
The authors in [27] examine the applicability of the time-
slotted channel hopping (TSCH) mechanism [10] with a
small testbed that consists of one GW and three nodes using
different SFs. However, they allow all transmitting nodes to
have the same signal strength; thus, the experimental results
do not reveal the effect of the imperfect orthogonality [28]
on the transmitted signals. The imperfect orthogonality ofsignals with different SFs, also called signal suppression
effect , allows a receiver to receive only the strongest signal
unless the signals have the difference of signal strengths
under a certain threshold [28]. In [29], the authors introduce a
TDMA-based MAC protocol in which nodes transmit data to
GW either in the Contention Access Period (CAP) section
or in the Contention-Free Period (CFP) section. While the
protocol employs the Aloha approach during CAP, it uses a
slot schedule during CFP. This approach used an ofine slot
schedule in simulation without relying on any specic mech-
anism for slot assignment. In addition, they do not address
the problem of the signal suppression effect that often makes
parallel data transmission using different SFs impractical.
In [30], a server collects MAC addresses from nodes and
based on the analysis of those MAC addresses, determines a
proper frame size such that if every node selects a slot in the
frame by using its own MAC address in a distributed manner,
no nodes are assigned the same slot. This approach can reduce
scheduling overhead; however, it may waste many slots since
it has to increase the frame size sufciently so that every node
can choose a distinct slot. Thus, this approach can degrade
bandwidth efciency. In addition, it does not consider time
constraints.
In this paper, a real-time LoRa protocol is proposed that
employs an efcient slot scheduling method to deal with the
issues in industrial LoRa networks. In our protocol, a server
collects data from every end device or taskper a data acquisi-
tion cycle time referred to as a frame . A frame is divided into
a number of slots. A real-time task scheduling algorithm is
developed to generate a task schedule such that if a task trans-
mits data in each allocated slot, it can satisfy its data transmis-
sion period. For the ease of scheduling, the task scheduling
algorithm employs a logical slot indexing algorithm that
assigns a logical slot index to each slot of the frame. It gen-
erates a task schedule by having each task select the required
number of slots sequentially, starting with any logical slot
index. In addition, an efcient distributed scheduling mecha-
nism is presented to reduce scheduling overhead. To deal with
the signal suppression effect, the nodes are divided into dif-
ferent groups based on the degree of signal attenuation. Then,
each group is assigned a distinct SF and distinct frequency
channel so that the nodes in different groups do not interfere
each other. In data transmission, if a task gives up data trans-
mission immediately when it detects a channel is busy within
the allocated slot, it is too costly. Thus, the protocol employs
amultiple listen-before-talk (mLBT ) mechanism that allows
channel detection multiple times within a slot.
Analysis was given to show the least upper bounds of
network throughput for different approaches, where our
approach shows signicantly higher throughput bound than
LoRaWAN and Slotted Aloha. Experiment was also per-
formed on a testbed with a single-channel gateway and f-
teen nodes. It is believed that a single channel is sufcient
to reveal the key operational characteristics of our proto-
col. In this experiment, packet delivery rates (PDRs) for
different approaches were compared to show the superiority
44728 VOLUME 8, 2020
Q. L. Hoang et al. : Real-Time LoRa Protocol for IMOCSs
of the proposed protocol. The analysis of PDR was also given
to verify the soundness of experimental results. The proposed
protocol could far outperform LoRaWAN and Slotted Aloha
in throughput and reliability. It can avoid the signal sup-
pression effect that signicantly degrades the PDRs of the
compared protocols. In addition, the effectiveness about the
use of mLBT was examined while some interfering nodes
were generating garbage data to incur external interference
intentionally.
The paper is organized as follows. Section II gives research
background, and Section III describes the proposed protocol
formally. Analysis and experiment are given in Section IV,
and followed by concluding remarks in Section V.
II. BACKGROUND
A. NETWORK MODEL
LoRa technology uses the chirp spread spectrum (CSS) tech-
nique that supports a low data rate, but allows the demodula-
tion for a signal of an extremely low strength and thus enables
long range communication. To control the trade-off between
data rate and transmission range, LoRa allows different SFs
ranging between 7 and 12. A higher SF allows the lower data
rate, but the longer transmission range [12]. Different SFs
allows LoRa nodes to overcome signal attenuation caused
by distance and obstruction in industrial environment [31],
thereby enabling a star topology.
FIGURE 1. LoRa network model.
A LoRa network model considered for protocol design is
assumed to be a star topology that has the direct connection
between one gateway (GW) and each of end devices as illus-
trated in Fig. 1. A server is connected to the GW through
a backbone network to collect and analyze the collected
data. GW can receive multiple packets simultaneously from
different channels [12]. Each node has one taskas an active
object for communication with GW. Each task is required to
send one packet periodically via GW to the server. A server
may send a control message to nodes via GW.
B. TERMINOLOGIES AND NOTATIONS
Aslotis a scheduling unit whose size is sufciently large to
transmit one data packet. A frame is divided into a number
of slots and is said to be saturated if all the slots in the frame
are allocated to tasks. A group of one or more adjacent slots
is called a section , and when the section is divided into two
smaller parts of equal size, each divided part is also said to
be a section. A logical slot index is assigned to each slot,apart from a physical slot index that exists inherently. When a
section, say S(D2Nslots), is equally divided into 2isections,
each of the divided sections is denoted by Si(), whereis
the maximum logical index in the section. A section is said
to be index-free if none of slots in this section is indexed.
The maximum logical index of an index-free section is zero.
Taskiis represented by its transmission period Piin slots as
followsV
iD(Pi) (1)
This indicates that ihas to send one packet per period Pi.
C. MOTIVATION
In IMOCS, each task is required to send one data packet to a
server per its own data transmission period. Since a task can
have a transmission period shorter than the length of a frame,
it can transmit data multiple times within one frame period.
Suppose that a frame is divided into 2Ndata transmission
slots. If a task has its transmission period that corresponds to
2N
2k(0kN) slots, it should be allocated 2kslots within
the frame such that each allocated slot appears only once per
its transmission period. However, since different tasks can
have different periods, it may not be easy to make the whole
task set schedulable. If a brute-force scheduling method is
employed, a slot schedule can be biased such that some tasks
take all the early slots, thereby preventing other tasks from
being scheduled.
FIGURE 2. An example of a biased scheduling.
For example, consider a frame of 23slots (ND3) as
depicted in Fig. 2 and three tasks A, B, and C that have the
periods of 23, 23and 21slots, respectively. If tasks A and B
take slots 1 and 2, respectively, task C that requires 4 slots
cannot be feasibly scheduled since all the slots in the rst
quarter frame are not available.
The slot scheduling based approach includes some addi-
tional functions such as time synchronization and the gener-
ation, distribution, and maintenance of a slot schedule. With
a star topology, time synchronization is relatively easy [32];
however, the implementation of other functions can be very
costly in low bandwidth LoRa networks. One way to alleviate
scheduling overhead is to divide nodes into groups so that a
slot scheduling can be done for each group independently.
Furthermore, if all nodes can know a frame structure and the
periods of all tasks in the network, every node can generate
the same slot schedule in distributed manner. The schedule
distribution problem can be reduced to the distribution prob-
lem of task scheduling information. This can be done by
sharing the ID and period of every task with other nodes.
Furthermore, if each node determines its group based on
the signal attenuation of a message received from GW and
selects its SF based on its group, the problem of data loss by
VOLUME 8, 2020 44729
Q. L. Hoang et al. : Real-Time LoRa Protocol for IMOCSs
signal attenuation can be alleviated considerably, considering
the characteristics of the LoRa technology. The grouping by
signal attenuation can derive the problem of data loss by
the signal suppression effect. However, this problem can be
avoided completely by assigning different channels to differ-
ent groups. Lastly, to deal with external interference, the LBT
mechanism can be employed. However, it is too costly if a
task gives up sending data whenever it detects a channel is
busy. Considering that external interference usually occurs
transiently, we employ the mLBT mechanism in which a
node repeats channel detection mtimes before it gives up
transmission within the assigned slot.
III. REAL-TIME LoRa PROTOCOL
The real-time LoRa ( RT-LoRa ) protocol is explained formally
with the design of a logical slot indexing (LSI) algorithm and
a real-time task scheduling that utilizes the logical slot indices
generated by the LSIalgorithm.
A. FRAME STRUCTURE
Signals generated by different nodes experience different
signal attenuations due to path loss and shadowing, it is not
easy to avoid the signal suppression effect, even though two
nodes are located at the same distance from GW. Another
problem is that data transmissions using the same channel and
SF are easily exposed to collision [33]. These two problems
have to be considered in designing a new protocol. Since the
proposed protocol targets a relatively small industrial eld
such as a manufacturing factory, nodes are divided into only
two groups, GLandGH, that include nodes with relatively
low and high signal attenuations, respectively. Then, two
adjacent SFs are assigned to GLandGHsuch that nodes
inGHuse the higher SF to better overcome high signal
attenuation, and two different channels are assigned to GL
andGHto avoid the signal suppression effect.
FIGURE 3. Frame structure using two SFs.
Two spreading factors SFqandSFqC1are used to dene
two frame types, SFq-frame andSFqC1-frame , that are asso-
ciated with GLandGH, respectively where qranges between
7 and 11. Fig. 3 illustrates a frame structure that consists of
SFq-frame andSFqC1-frame . Each frame period consists of
a downlink ( DL) period for a DL message transmission by a
server and an uplink ( UL) period for data transmission by end
nodes. During the DL period, nodes synchronize their clock
times with a received DL message.
B. FRAME-SLOT STRUCTURE
Since the packet ToA using SFqC1is approximately twice as
long as the one using SFq, ifSFq-frame is divided into 2N
slots, SFqC1-frame is divided into 2N 1slots approximately.Each frame can be reused with additional channels, referred
to as a channel-assisted frame reuse . Fig. 4 shows a frame-slot
structure when kchannels are used for the SFq-frame type and
m-kchannels are used for the SFqC1-frame type. In this case,
the total number of slots, nSlots , is given as followsV
nSlotsD.mCk/
2
2N(2)
FIGURE 4. A group-based frame-slot structure.
For example, if mD6,kD3, and ND6,nSlotsD288.
With qD7, suppose that one UL slot is 100 ms long and one
DL slot is 200 ms long. If every node sends one packet per
a frame period (D6.6 s), 288 nodes can send packets to GW
during the frame period.
C. LOGICAL SLOT INDEXING
Alogical slot indexing (LSI) algorithm assigns a logical index
to each slot in a frame such that given a frame of 2Nslots,
if a task with PD2N
2kselects 2kslots sequentially starting
from an arbitrary logical index, it can send one data packet
per period Pto a server. For example, suppose that any two
sequential logical indices are assigned to two slots such that
they do not belong to the same side of two equally divided
parts of the frame. Then, if a task with period PD2N
21
slots selects those two slots, it can send one packet per P.
This principle has to hold for any task with various periods.
Denition 1: Given any logical index i,jsequential logical
slot indices from itoiCj 1 are said to be sound if
2k 1<j2kand each of them is assigned to a slot that
belongs to one of the 2kequally divided sections of a frame.
Denition 2: Thejsequential logical slot indices from 1 to
jare said to be feasible if (1) the j 1 sequential logical slot
indices from 1 to j 1 are feasible and (2) for all i<ksuch
that 2k 1j<2k, the logical slot indices from j 2iC1 to
jare sound.
Denition 2 denes the feasibility of the sequen-
tial logical slot indices in a recursive form where
condition (2) guarantees the soundness of 2ilogical
slot indices backward from j, recursively such that
.j/;.j 1;j/;.j 3;j 2;j 1;j/;:::; and ( j 2iC
1;:::; j 1;j) are sound. However, this does not guarantee
that ( j 2;j 1) are sound, thereby requiring condition (1).
44730 VOLUME 8, 2020
Q. L. Hoang et al. : Real-Time LoRa Protocol for IMOCSs
FIGURE 5. An example of soundness and feasibility of the sequential
logical slot indices.
Take a look at Fig. 5(a). According to Denition 1, the
three assigned logical slot indices (1, 2, 3) are sound since
j(D3) falls in (21, 22] and each logical index belongs to
one of 22equally divided sections. According to Denition 2,
they are feasible since when jD2, (1, 2) is feasible and
when jD3, (2, 3) is recursively sound such that (3) and
(2, 3) are sound. However, the logical slot indices (1, 2,
3, 4) in Fig. 5(b) are not feasible since condition (1) of
Denition 2 is satised such that (1, 2, 3) is not feasible since
(2, 3) is not sound. Fig. 5(c) shows an example of a feasible
sequence.
The design of the LSI algorithm follows Denition 2. The
algorithm can guarantee condition (1) by repeating `` satis-
fying the recursive soundness '' given in condition (2) with
the whole frame whenever it assigns a new logical index.
To realize condition (2) in assigning a new index j, the algo-
rithm selects the section with the smaller maximum index
after dividing the whole section into two smaller sections,
thereby making ( j 1;j) sound. If it performs this pro-
cess one more time with the selected section, it can make
.j 3;j 2;j 1;j/sound. It can continue this process to
guarantee the recursive soundness until it nds an index-free
section or nds that the whole frame is fully indexed. The
algorithm is detailed in Algorithm 1.
Let us take an example to see how the LSI algorithm works
with a frame of ND3. Without loss of generality, assume that
the algorithm always selects the rst slot within an index-free
section to assign a new logical index. The algorithm starts
with lsiD1 at line 1. Then, the outer while loop in line 2 is
repeated until the frame is fully indexed. First, the selected
section becomes the whole frame S0.0/(line 3). Since the
selected section is index-free, the logical index 1 is assigned
to the rst slot in the frame after the rst round of the outer
while loop. Next, the algorithm repeats the outer while loop to
assign the logical slot index 2. The selected section, selectedS ,
becomes the whole frame S0.1/in line 3. Since it is not index-
free, it is equally divided into two smaller sections, S1.1/
with the rst four slots and S1.0/with the later four slots (line
6). Then, the algorithm selects S1.0/since 0<1 (line 8).
Since the selected section is index-free, the algorithm exits
the inner while loop (line 5). Then, lsi(D2) is assigned to the
rst slot of the selected section S1.0/(line 14), resulting in
S1.2/. Since the whole frame S0.2/is not fully indexed, the
algorithm continues the outer while loop to assign the next
lsi(D3). The nal indexing result is given in Fig. 6.Algorithm 1 Logical Slot Indexing (LSI)
Input: A given index-free frame that has 2Nslots
Output: The frame with the feasible logical slot indices
#lsi: A logical slot index
#selectedS : A variable to select a section
#Si./: The ithdivided section whose max. logical index
is
1:lsi 1
2:while S0.lsi 1/is not fully indexed do
3: selectedS S0.lsi 1/ #the whole frame
4: i 1
5: while selectedS is not index-free do
6: divide selectedS intoSi.u/andSi.v/
7: ifu<vthen
8: selectedS Si.u/
9: else
10: selectedS Si.v/
11: end if
12: i iC1
13: end while
14: assign lsito one arbitrary slot in selectedS
15: lsi lsiC1
16:end while
FIGURE 6. Execution of the LSI algorithm to assign the logical slot indices
to a frame of 8 slots.
Given a frame of nslots, the outer while loop is repeated
ntimes, and the inner while loop is executed log n times
since the search space is reduced by half. In addition, in each
iteration iof the inner while loop,n
2icomparisons for each
of two divided sections are made to nd the maximum slot
index. Therefore, the time complexity function T.n/of this
algorithm can be expressed as follows: T.n/DnPlogn
iD12n
2i.
Therefore, T.n/2O 
n2
. Note that the algorithm is exe-
cuted once only if the frame size is redened.
Lemma 1: Suppose that 2ksequential logical indices are
assigned and are feasible. Then, if the next logical index
2kC1 is assigned by Algorithm 1, the logical slot indices 
2;3;:::; 2k;2kC1
are recursively sound.
Proof: Let us see how a logical slot index 2kC1 is
assigned by Algorithm 1, referring to Fig. 7. It starts with the
VOLUME 8, 2020 44731
Q. L. Hoang et al. : Real-Time LoRa Protocol for IMOCSs
FIGURE 7. A process of assigning a new logical index 2kC1 (the value in
( ) indicates the maximum logical index when the corresponding section
is examined).
whole frame S0 
2k
in which 2ksequential logical indices 
1;2;:::; 2k 1;2k
were already assigned. Since S0 
2k
is not index-free, it starts the inner while loop. It divides
S0 
2k
into S1 
2k 1
andS1 
2k
in line 6. This cor-
responds to 1stdivision in Fig. 7. Then, it selects section
S1 
2k 1
that has the smaller maximum logical index to
assign 2kC1. This guarantees that 
2k;2kC1
is sound.
However, if S1 
2k 1
is not index-free, it has to be fur-
ther divided into S2 
2k 3
andS2 
2k 1
, resulting in
the selection of S2 
2k 3
to assign 2kC1, thereby mak-
ing 
2k 2;2k 1;2k;2kC1
sound (2nddivision). The
algorithm repeats the inner loop until it nds an index-free
section. Continuing this process, the algorithm will assign
2kC1 to any empty slot in Sk 
2k (2k 1)
(orSk.1/)
(kthdivision), thereby making 
2;3;:::; 2k;2kC1
sound.
Thus, we prove Lemma 1.
Lemma 2: If logical slot indices are assigned by Algo-
rithm 1, 2isequential logical indices from jare feasible.
Proof: When iD1, we prove that 21logical indices,
jandjC1 assigned according to Algorithm 1 are feasible.
Assume that the logical index jwas already assigned to any
empty slot in the frame by Algorithm 1. Then, the whole
frame is S0.j/. To assign the logical index jC1, the algorithm
divides S0.j/into two smaller sections, S1.j 1/andS1.j/
and tries to assign jC1 to S1.j 1/that has the smaller
maximum logical index. This guarantees that .j;jC1/are
sound. Since jalone is feasible and .j;jC1/is recursively
sound,.j;jC1/is feasible by Denition 2.
When iDk, we assume that 2klogical indices from jto
jC2k 1 are feasible. When iDkC1, we prove that 2kC1
sequential logical indices starting with jare feasible.
By assumption, the sequence ( j;jC1;:::; jC2k 1) is
feasible. Therefore, by Lemma 1, ( jC1;jC2;:::; jC2k 
1;jC2k) is recursively sound. Since 
j;jC1;:::; jC2k 1
is feasible and 
jC1;jC2;:::; jC2k 1;jC2k
is recur-
sively sound, ( j;jC1;:::; jC2k 1;jC2k) is feasibleby Denition 2. In the same way, ( j;jC1;:::; jC2k 1;
jC2k;jC2kC1) is feasible. Continuing this, 2kC1logical
indices ( j;jC1;:::; jC2k 1;jC2k;:::; jC2kC1 1)
become feasible. Thus, we prove Lemma 2.
Theorem 1: Consider a frame of 2Nslots logically indexed
by Algorithm 1. Given a task iD.Pi/;PiD2N
2kslots,
.0kN/, taskican meet its deadline if it takes slots with
2ksequential logical indices starting with any logical index.
Proof: Suppose that 2ksequential slots from jtojC2k 1
are selected. Then, by Lemma 2, the selected logical indices
are feasible. This implies that the task is assigned one slot
in each section of2N
2kslots. Thus, if the task sends one
data packet in each of the selected slots, the packet can be
transmitted within its period Pior before its deadline that
becomes the start of next period. Thus, we prove Theorem 1.
Lemma 3: Given two overlapping frames, the rst frame
is logically indexed from 1 to 2Nand the second frame is
logically indexed from 2NC1 to 2NC1by Algorithm 1, they
can be treated as a concatenated frame in scheduling under
the constraint that a task can select at most 2Nslots.
Proof: Suppose that the rst 2Nlogical slot indices in the
rst frame are denoted as a1;a2;:::; a2Nand the last 2Nlogi-
cal indices in the second frame are denoted as b1;b2;:::; b2N.
Suppose that 2k.0kN/sequential logical slots
are selected such that x 
x2k
slots ( a2N xC1;a2N xC2;
:::;a2N) belong to the rst frame and next 2k xslots
(b1;b2;:::; b2k x) belong to the second frame. We need to
prove two things: (1) none of the selected slots is overlapped
with any others and (2) they are sound. Since aiis overlapped
with bi;2k xselected slots on the second frame are equiv-
alent to ( a1;a2;:::; a2k x) on the rst frame by replacing bi
byai. They become the combination of ( a1;a2;:::; a2k x)
and ( a2N xC1;a2N xC2;:::; a2N) on the rst frame. Since
2k x<2N xC1 with any k.0kN/, the selected
slots never overlap with any others. Thus, (1) is true.
As in Lemma 1, the kthdivision guarantees that
(a1;a2;:::; a2k) is sound and aiC2kis assigned to the same
section with ai. Thus, ( aiC1;aiC2;:::; aiC2k) is also sound
on the same sections in which ( a1;a2;:::; a2k) is sound.
Consequently, if iD2N 2k, (a2N 2kC1;a2N 2kC2;:::; a2N)
is sound on the same sections that ( a1;a2;:::; a2k)
is sound. Therefore, the combination of selected slots
(a1;a2;:::; a2k x) and ( a2N xC1;a2N xC2;:::; a2N) are
also sound at the same sections since x<2k. Thus, (2) is
true and we prove Lemma 3.
Theorem 2 : Suppose that kframes are logically indexed
from 1 to k2Nby Algorithm 1. Given a task, iD(Pi),
PiD2N
2kslots,.0kN/, taskican meet its deadline
if it takes the slots with 2ksequential logical indices from any
logical index.
Proof : By Lemma 3, kframes can be treated as one con-
catenated frame in task scheduling. Thus, 2kselected logical
indices are sound. This implies that the task iis assigned
one slot in each section of2N
2kslots and the packet can be
transmitted within its deadline. Thus, we prove Theorem 2.
44732 VOLUME 8, 2020
Q. L. Hoang et al. : Real-Time LoRa Protocol for IMOCSs
D. GROUPING AND SCHEDULING
1) NODE GROUPING
Alevel-based grouping method is introduced. Every node
determines its level as the hop distance to GW that reects
the degree of signal attenuation when it receives a message.
After the construction of level topology, the nodes in the same
level belong to the same group.
To construct level topology, GW broadcasts a group
request (GR) message, GRD(lvlD0), using SFq. Upon
receiving GR, if the SNR is greater than or equal to a specied
threshold value, a node determines its level aslvlC1 and
retransmits GRD(1) immediately to increase the effect of
concurrent transmission [26]. Upon receiving GRD(1), every
node sets its level to 2 (DlvlC1). Then, every node with
levelD1belongs to GLwhile one with levelD2 belongs to
GH. In this paper, since one GW can cover only the nodes of
up to two hops, other nodes that fail to receive GRD(1) can
be covered by another GW.
2) TASK SCHEDULING SCHEME
According to Theorem 2, given kconcatenated frames, any
taskiD(Pi) is simply scheduled by selecting2N
Pi 
2N
slots sequentially starting with any logical slot index. Let
0denote a list of tasks for a group: 0D(1;2;:::; n).
A scheduler can schedule task ias long as the concatenated
frame of k2Nslots has idle slots corresponding to2N
Pisequential logical slot indices. The starting logical slot index
becomes one plus the last logical index whose slot was allo-
cated to taski 1.
FIGURE 8. Task scheduling example with two concatenated frames
of ND3.
For example, consider two concatenated frames of ND3
in Fig. 8. Suppose that the logical indices 1, 2, 3, and 4 were
already allocated to a partial list of tasks, ( 1;2;:::; i 1).
Then, the following tasks iD.4/andiC1D.2/take the
logical indices from 5 to 6 and the logical indices from 7 to
10, respectively.
A task set0is schedulable with kconcatenated frames
if the total number of slots required by tasks in 0does not
exceed the number of slots dened in the kframes. Thus,
a task set0is schedulable if and only if it satises the
following inequalityV
Pn
iD12N
Pi
k2N1 (3)TABLE 1. An example of a task schedule.
In (3), the numerator indicates the total number of slots
required by ntasks in task set 0and the denominator does
the total number of available slots in the kconcatenated
frames. Therefore, if the numerator is less than and equal to
the denominator, it is obvious that every task can acquire its
required slots.
3) GROUP SCHEDULING INFORMATION AND DISTRIBUTION
Tasks are grouped into task classes such that if a task has the
transmission period of2N
2c, it belongs to task class c, where
cranges in [0;maxClass ],maxClassN. Then, a task ithat
belongs to class cis expressed as follows V
iD(c) (4)
Then, a group scheduling information for group Gx, GSI(x),
is expressed as follows V
GSI(x)D(x;startIndex;Tc;Tc 1;:::; Ti;:::; T1;T0)
where startIndex is the start logical index in the scheduling
ofGx, and Tiis a set of tasks in class i, given as followsV
TiD(i;ki;(i1;i2;:::; ij;:::; iki))
where i,ki, andijindicate task class i, the number of tasks
in class i, and the jthtask in task class i, respectively. A server
can easily maintain the addition of new tasks by distributing
a partial GSIonly for the new tasks.
Let us see an example for task scheduling. Consider group
xthat has ve tasks such as task A in class 2, tasks B and C in
class 1, and tasks D and E in class 0. If startIndexD5,GSI(x)
is represented as follows V
GSI(x)D.x;5;.2;1;.A//;.1;2;.B;C//;.0;2;.D;E///
When a server distributes GSI(x), every node can generate the
same task schedule as given in Table 1.
E. COMMAND AND DATA TRANSMISSION
Every task sends data to GW in each of the physical slots that
correspond to the assigned logical slot indices. For example,
in Table 1, task B sends data in the physical slots that corre-
spond to the logical slot indices 9 and 10.
A server can send a control packet, CTRL , to end nodes
during the DL period. CTRL can include a control packet
header ( CPH) and three optional elements in brackets V
CTRLD(CPH;[GSI(x)];[CMD ];[NACK ])
VOLUME 8, 2020 44733
Q. L. Hoang et al. : Real-Time LoRa Protocol for IMOCSs
where CPHD(Network ID ,frame period ) is used to inform
a node of the network to which it belongs, frame period
indicates the period number of the current frame, CMD is a
command, and NACK (negative acknowledgement ) includes
the list of nodes that failed to deliver data for a specied
number of frame periods. GSI(x) can be fragmented into
multiple smaller GSIs and transmitted over multiple frame
periods. Upon receiving NACK , a node can know whether its
link to GW is reliable or not.
FIGURE 9. Operation of the mLBT mechanism with a double sized slot.
Another issue is external interference. A node tends to
experience external interference transiently. Thus, it is not
desirable for the node to give up data transmission immedi-
ately when it detects the channel is busy. An mLBT mech-
anism is introduced that allows a node to perform channel
activity detection (CAD) m.2/times. A slot length is
extended to the length of double slots, named dslot as shown
in Fig. 9. The interval of CAD, CADInterval , can be set as
follows.
CADIntervalDslot
m 1;m2 (5)
IfmD1, the mLBT mechanism degenerates to the LBTone.
IV. PERFORMANCE EVALUATION
A. THE LEAST UPPER BOUND OF NETWORK
THROUGHPUT
In the Poisson process, given a packet arrival rate ,P(k),
the probability that kpackets will arrive in time t, is given asV
P(k attempts in time t )D(t)k
kWe t(6)
LetTPdenote one packet transmission time that is assumed
to be equal to a slot time in this analysis. Suppose that each
node transmits one packet during a frame period, TF. Then,
this transmission model can be transformed into the Poisson
process with the mean probability ofTP
TF. Then, for n
nodes, the packet arrival rate can be expressed as follows V
DnTP
TF(7)
Since LoRaWAN follows the Aloha protocol in data trans-
mission, the vulnerable periods of a data packet using
LoRaWAN and Slotted Aloha correspond to 2 TPandTP,
respectively [13]. Let P0.X/denote the probability that a
packet is transmitted successfully to a server for protocol X.By applying the average arrival rate in (7) to (6), we get
P0.X/as followsV
P0.LoRaWAN/DP.kD0in2time slots/De 2nTP
TF(8)
P0.Slotted Aloha /DP.kD0in1time slot/De nTP
TF(9)
Since there are transmission attempts in one frame period,
the throughput S.X/of protocol Xis calculated as follows V
S(LoRaWAN )DP0.LoRaWAN/DnTP
TFe 2nTP
TF(10)
S(SlottedAloha )DP0.SlottedLoRa/DnTP
TFe nTP
TF(11)
Let us calculate the throughputs of RT-LoRa(LBT) andRT-
LoRa(mLBT) that indicate RT-LoRa with LBT andmLBT ,
respectively. The size of a downlink slot is very short com-
pared with the whole frame period; it can be omitted in
the calculation. Therefore, with RT-LoRa(LBT) , the max-
imum number of slots per a frame isTF
TP. Since a
slot schedule is used, one packet is successfully transmit-
ted per one slot. Thus, the throughput of RT-LoRa(LBT) ,
S.RT LoRa.LBT//, is given as followsV
S.RT LoRa.LBT//D8
><
>:nTp
TF;ifnTF
TP
1; ifn>TF
TP(12)
In this formula, the throughput increases linearly until n
reaches the maximum number of slots. Once it reaches the
maximum of unity, it is sustained since additional transmis-
sion is not allowed. With RT-LoRa(mLBT) , the maximum
number of slots per a frame isTF
2TPsince the size of a
slot becomes doubled. In consequence, the throughput of
RT-LoRa(mLBT), S.RT LoRa.mLBT//, is simply
changed as followsV
S.RT LoRa.mLBT//D8
><
>:nTp
TF;ifnTF
2TP
1
2; ifn>TF
2TP(13)
With this approach, the maximum throughput is reduced by
half since only one packet can be transmitted within the
double sized slot, dslot.
Fig. 10 shows throughputs for LoRaWAN, Slotted Aloha,
RT-LoRa(LBT), and RT-LoRa(mLBT) from (10), (11), (12),
and (13) when SF 7and SF 8are used. Each graph shows the
least upper bound of throughput with TPD100msand
TFD25:6s. With these values, the frame period can be
divided into 28uplink slots with SF 7or 27uplink slots
with SF 8.
Referring to Fig. 10(a), Slotted Aloha shows much higher
least upper bound in throughput than LoRaWAN since its
vulnerable period is reduced by half. Similarly, Slotted Aloha
using SF 7increases the least upper bound greatly over Slotted
Aloha using SF 8.
In Fig. 10(b), the throughputs of RT-LoRa(LBT) and
RT-LoRa(mLBT) show a linearly increasing pattern as the
44734 VOLUME 8, 2020
Q. L. Hoang et al. : Real-Time LoRa Protocol for IMOCSs
FIGURE 10. The least upper bounds of throughput for different protocols
with TPD100 ms and TFD25:6 s.
TABLE 2. Experimental parameters and values.
number of transmitting nodes increases until a frame is satu-
rated. Since the number of slots with SF 7is twice as many
as that with SF 8, the graph of RT-LoRa(LBT) using SF 8
becomes saturated when the number of nodes reaches 27.
Note that RT-LoRa(LBT) with SF 7achieves the maximum
throughput of 1.0 (in Fig. 10(b)) while Slotted Aloha with SF 7
lowers the maximum throughput down to 0.36 (in Fig. 10(a)),
with 256 nodes.
B. EFFECT OF INTERFERENCE
1) EXPERIMENTAL SETUP AND SCENARIOS
Experiment was performed in the testbed of one GW and
fteen nodes with STM32 microcontroller and SX1276 radio
chip. It is claimed that the use of one channel and one SF is
sufcient to examine the advantages of the protocols com-
paratively. Nodes were deployed over one three-oor build-
ing at the University of Ulsan. Three protocols, LoRaWAN ,
Slotted Aloha , and RT-LoRa , were compared for their PDRs.
The key parameters and values used in the experiments are
summarized in Table 2.The following two scenarios were used for experiment.
Scenario 1 with no external interference
Each node transmits one packet to GW with Tx intervals
of 1.5 s, 3 s, 6 s, or 12 s without any scheduled external
interference.
Scenario 2 with external interference
Each node transmits one packet to GW every 3 sec-
onds on average. Additional 5 interfering nodes transmit
garbage packets at Tx intervals of 1.5 s, 3 s, 6 s, or 12 s.
Since this experiment is concerned with internal and exter-
nal interference, SF 7only was used and every node was
checked beforehand to make sure that its link to GW is good.
FIGURE 11. Comparison of PDRs for different protocols with varying node
Tx interval without interfering nodes.
2) EXPERIMENTAL RESULTS
Experiment was performed with Scenario 1 to evaluate the
effect of internal interference. Fig. 11 compares PDRs for
three protocols. It is shown that RT-LoRa achieves PDR
of 100% while LoRaWAN and Slotted Aloha decrease PDR
sharply as trafc increases. Note that the PDR of LoRaWAN
decreases down to 44% when every node has Tx interval
of 1.5 s. The gure also examines the soundness of the
experimental data by comparing them with the analytical
data from (8) for LoRaWAN and (9) for Slotted Aloha
with TPD72msandTFDTxinterval . Two dashed
curves indicate the analytical data for LoRaWAN and Slotted
Aloha, respectively. Analytical graphs for LoWaWAN and
Slotted Aloha show their PDRs less than their experimental
data by 45% and 27%, respectively at the high trafc of
TxintervalD1:5. This is because the analytical model
does not take into account capture effect. According to one
study [14], it was shown that PDRs by analytical model are
lower than ones by simulation that reects capture effect by
up to 40% depending on trafc. However, note that they have
similar decreasing patterns.
VOLUME 8, 2020 44735
Q. L. Hoang et al. : Real-Time LoRa Protocol for IMOCSs
FIGURE 12. Comparison of PDRs for different protocols with varying
interfering node Tx interval (node Tx interval is fixed to 3 s).
Experiment was performed with Scenario 2 to evaluate
the effect of external interference. Fig. 12 shows the
PDRs of LoRaWAN, Slotted Aloha, RT-LoRa(LBT) and
RT-LoRa(mLBT) according to the change of external
interference with the node's Tx interval xed to 3 s.
RT-LoRa(mLBT, m D2) achieves higher PDR than Slotted
Aloha by 20% overall, and shows high dependability against
the increase of interfering signal. The results verify that the
use of mLBT is effective even with mD2, achieving PDR of
almost 100% with Tx interval of interfering nodes over 6 s.
Note that LoRaWAN only achieves the low PDR of around
60% for such external interfering trafc load.
C. EFFECT OF GROUPING
First, experiment was performed to evaluate the effect of
signal suppression and collision in data transmission. Second,
experiment was performed to evaluate the effect of group-
ing in RT-LoRa against signal suppression by comparing
with two other protocols, LoRaWAN and Slotted Aloha.
To increase the effectiveness of experiment, in Table 2,
the number of nodes and the packet size were increased to
20 and 38, respectively and two spreading factors, SF 7and
SF8were used for two node groups.
Using the level-based grouping method, a two-level topol-
ogy was constructed with 20 nodes deployed across the Uni-
versity campus buildings, thereby producing two groups, GL
of 13 nodes and GHof 7 nodes. All nodes in GLuse SF 7to
achieve high throughput and those in GHuse SF 8to overcome
the signal attenuation problem. Every end node is requested
to send one packet per 3 seconds on average.
First, two data transmission approaches, slot scheduled
transmission andrandom transmission were examined by
enabling and disabling the operation of the nodes in GL. Note
that nodes in GHare affected by signal suppression when the
nodes in GLare enabled to send data. PDRs were calculated
only for GHnodes, and appear as three bar graphs in Fig. 13.
Fig. 13(a) and (b) show the PDRs of the slot scheduled trans-
mission approach and the random transmission one when GL
nodes are disabled. The slot scheduled transmission approach
achieves the PDR of 94% with the small number of packets
lost by only signal attenuation. However, with the random
transmission approach, the PDR decreases down to 68%
FIGURE 13. Examination on the effect of collision and signal suppression
for the nodes in GH:
due to both signal attenuation and data collision. Fig. 13(c)
shows the PDR of the random transmission approach when
GLnodes are enabled. In this case, nodes suffer from both
collision and signal suppression, resulting in the signicant
degradation in PDR down to 30%.
FIGURE 14. Examination on the effect of signal suppression and data
collision for different protocols.
Second, experiment was performed to examine the effect
of grouping with the RT-LoRa protocol. In this experiment,
since RT-LoRa prevents signal suppression in the design of
the frame-slot architecture, it was tested for GHandGLsep-
arately. Fig. 14 shows two PDR bar graphs for each protocol,
one for group GLand another for GH. RT-LoRa shows PDR
of 98% for GLand PDR of 94% for GHsince it can avoid
both collision and signal suppression. It is shown that the
PDRs of LoRaWAN decrease to 65% for GLdue to collision
and 29% for GHdue to both collision and signal suppression.
These experimental results are in well accord with the ones
obtained with GLnodes enabled in the random transmission
approach. Slotted Aloha could improve PDRs slightly, by 5%
forGHand 15% for GL, for the same scenario.
V. CONCLUSION
A real-time LoRa protocol was proposed for the use in
industrial monitoring and control applications. It used a real-
time task scheduling algorithm, supported by the logical slot
indexing algorithm. The logical slot indices enable the ef-
cient generation of a schedule for real-time tasks. To over-
come signal attenuation and signal suppression effect, node
grouping method was proposed, and its effectiveness was
proven by experiment. The RT-LoRa protocol reinforced by
themLBT mechanism (even with mD2) was examined on
the testbed of one gateway and fteen test nodes in campus.
Even with quite high trafc that each node generates one
44736 VOLUME 8, 2020
Q. L. Hoang et al. : Real-Time LoRa Protocol for IMOCSs
packet per 3 seconds on average, it achieved the PDR over
94% in spite of high external interference such that each of
ve interfering nodes generates garbage packet per 3 sec-
onds. According to our experiment, it was found that the
nodes deployed in wireless unfriendly zones could not reach
GW directly. In further study, this RT-LoRa protocol will be
extended to enable data transmission via multiple wireless
hops.
REFERENCES
[1] L. Kay Soon, W. N. N. Win, and E. Meng Joo, ``Wireless sensor net-
works for industrial environments,'' in Proc. Int. Conf. Comput. Intell.
Modelling, Control Automat. Int. Conf. Intell. Agents, Web Technol.
Internet Commerce (CIMCA-IAWTIC) , vol. 2, Nov. 2005, pp. 271276,
doi: 10.1109/CIMCA.2005.1631480.
[2] J. Heo, J. Hong, and Y. Cho, ``EARQ: Energy aware routing for
real-time and reliable communication in wireless industrial sensor net-
works,'' IEEE Trans Ind. Informat. , vol. 5, no. 1, pp. 311, Feb. 2009,
doi: 10.1109/TII.2008.2011052.
[3] C. Dombrowski and J. Gross, ``EchoRing: A low-latency, reliable token-
passing mac protocol for wireless industrial networks,'' in Proc. Eur.
Wireless 21th Eur. Wireless Conf. , May 2015, pp. 18.
[4] H. Oh and C. T. Ngo, ``A slotted sense multiple access protocol for
timely and reliable data transmission in dynamic wireless sensor net-
works,'' IEEE Sensors J. , vol. 18, no. 5, pp. 21842194, Mar. 2018,
doi: 10.1109/JSEN.2018.2790422.
[5] P. Suriyachai, J. Brown, and U. Roedig, ``Time-critical data delivery in
wireless sensor networks,'' in Distributed Computing in Sensor Systems ,
R. Rajaraman, T. Moscibroda, A. Dunkels, A. Scaglione, Eds. Berlin,
Germany: Springer, 2010, pp. 216229.
[6] R. Sanchez-Iborra and M.-D. Cano, ``State of the art in LP-WAN solutions
for industrial IoT services,'' Sensors , vol. 16, no. 5, p. 708, May 2016.
[Online]. Available: https://www.mdpi.com/1424-8220/16/5/708
[7] M. Luvisotto, F. Tramarin, L. Vangelista, and S. Vitturi, ``On the
use of LoRaWAN for indoor industrial IoT applications,'' Wire-
less Commun. Mobile Comput. , vol. 2018, pp. 111, Art. no. 3982646,
doi: 10.1155/2018/3982646.
[8] D. Chen, M. Nixon, and A. Mok, WirelessHARTTM: Real-Time Mesh
Network for Industrial Automation . New York, NY, USA: Springer, 2010,
p. 276.
[9] S. Petersen and S. Carlsen, ``WirelessHART versus ISA100.11a: The for-
mat war hits the factory oor,'' IEEE Ind. Electron. Mag. , vol. 5, no. 4,
pp. 2334, Dec. 2011, doi: 10.1109/MIE.2011.943023.
[10] D. De Guglielmo, S. Brienza, and G. Anastasi, ``IEEE 802.15.4e:
A survey,'' Comput. Commun. , vol. 88, pp. 124, Aug. 2016,
doi: 10.1016/j.comcom.2016.05.004.
[11] L. Vangelista, A. Zanella, and M. Zorzi, ``Long-range IoT technologies:
The dawn of LoRa,'' in Future Access Enablers for Ubiquitous and Intel-
ligent Infrastructures , V. Atanasovski and A. Leon-Garcia, Eds. Cham,
Switzerland: Springer, 2015, pp. 5158.
[12] M. A. Ertürk, M. A. Aydn, M. T. Büyükakka³lar, and H. Evirgen,
``A survey on LoRaWAN architecture, protocol and technologies,''
Future Internet , vol. 11, no. 10, p. 216, Oct. 2019. [Online]. Available:
https://www.mdpi.com/1999-5903/11/10/216
[13] A. Brand and H. Aghvami, Multiple Access Protocols for Mobile Commu-
nications: GPRS, UMTS and Beyond . New York, NY, USA: Wiley, 2002.
[14] M. C. Bor, U. Roedig, T. Voigt, and J. M. Alonso, ``Do LoRa low-power
wide-area networks scale?'' presented at the Proc. 19th ACM Int. Conf.
Modeling, Anal. Simulation Wireless Mobile Syst., Valletta, Malta, 2016,
pp. 5967.
[15] O. Georgiou and U. Raza, ``Low power wide area network analysis: Can
LoRa scale?'' IEEE Wireless Commun. Lett. , vol. 6, no. 2, pp. 162165,
Apr. 2017, doi: 10.1109/LWC.2016.2647247.
[16] K. Mikhaylov, P. Juha, and T. Haenninen, ``Analysis of capacity and
scalability of the LoRa low power wide area network technology,'' in Proc.
Eur. Wireless 22th Eur. Wireless Conf. , May 2016, pp. 16.
[17] F. Van den Abeele, J. Haxhibeqiri, I. Moerman, and J. Hoebeke,
``Scalability analysis of large-scale LoRaWAN networks in ns-3,''
IEEE Internet Things J. , vol. 4, no. 6, pp. 21862198, Dec. 2017,
doi: 10.1109/JIOT.2017.2768498.[18] T. Polonelli, D. Brunelli, A. Marzocchi, and L. Benini, ``Slotted ALOHA
on LoRaWAN-design, analysis, and deployment,'' Sensors , vol. 19, no. 4,
p. 838, Feb. 2019, doi: 10.3390/s19040838.
[19] M. Bor, J. Vidler, and U. Roedig, ``LoRa for the Internet of Things,''
presented at the Proc. Int. Conf. Embedded Wireless Syst. Netw., Graz,
Austria, 2016.
[20] J. P. Queralta, T. N. Gia, Z. Zou, H. Tenhunen, T. Westerlund,
``Comparative study of LPWAN technologies on unlicensed bands
for M2M communication in the IoT: Beyond LoRa and LoRaWAN,''
Procedia Comput. Sci. , vol. 155, pp. 343350, 2019. [Online]. Available:
http://www.sciencedirect.com/science/article/pii/S1877050919309639,
doi: 10.1016/j.procs.2019.08.049.
[21] A. Bachir, M. Dohler, T. Watteyne, and K. K. Leung, ``MAC essentials for
wireless sensor networks,'' IEEE Commun. Surveys Tuts. , vol. 12, no. 2,
pp. 222248, 2nd Quart., 2010, doi: 10.1109/SURV.2010.020510.00058.
[22] A. S. Althobaiti and M. Abdullah, ``Medium access control
protocols for wireless sensor networks classications and cross-
layering,'' Procedia Comput. Sci. , vol. 65, pp. 416, Jan. 2015,
doi: 10.1016/j.procs.2015.09.070.
[23] C. Ebi, F. Schaltegger, A. Rust, and F. Blumensaat, ``Synchronous
LoRa mesh network to monitor processes in underground
infrastructure,'' IEEE Access , vol. 7, pp. 5766357677, 2019,
doi: 10.1109/ACCESS.2019.2913985.
[24] R. Piyare, A. Murphy, M. Magno, and L. Benini, ``On-demand LoRa:
Asynchronous TDMA for energy efcient and low latency com-
munication in IoT,'' Sensors , vol. 18, no. 11, p. 3718, Nov. 2018,
doi: 10.3390/s18113718.
[25] C.-H. Liao, G. Zhu, D. Kuwabara, M. Suzuki, and H. Morikawa, ``Multi-
hop LoRa networks enabled by concurrent transmission,'' IEEE Access ,
vol. 5, pp. 2143021446, 2017, doi: 10.1109/ACCESS.2017.2755858.
[26] F. Ferrari, M. Zimmerling, L. Thiele, and O. Saukh, ``Efcient network
ooding and time synchronization with Glossy,'' in Proc. 10th ACM/IEEE
Int. Conf. Inf. Process. Sensor Netw. , Apr. 2011, pp. 7384.
[27] M. Rizzi, P. Ferrari, A. Flammini, E. Sisinni, and M. Gidlund,
``Using LoRa for industrial wireless networks,'' in Proc. IEEE 13th
Int. Workshop Factory Commun. Syst. (WFCS) , May 2017, pp. 14,
doi: 10.1109/WFCS.2017.7991972.
[28] D. Croce, M. Gucciardo, S. Mangione, G. Santaromita, and I. Tinnirello,
``Impact of LoRa imperfect orthogonality: Analysis of link-level perfor-
mance,'' IEEE Commun. Lett. , vol. 22, no. 4, pp. 796799, Apr. 2018,
doi: 10.1109/LCOMM.2018.2797057.
[29] L. Leonardi, F. Battaglia, G. Patti, and L. L. Bello, ``Industrial LoRa:
A novel medium access strategy for LoRa in industry 4.0 applications,''
inProc. 44th Annu. Conf. IEEE Ind. Electron. Soc. (IECON) , Oct. 2018,
pp. 41414146, doi: 10.1109/IECON.2018.8591568.
[30] D. Zorbas and B. O'Flynn, ``Autonomous collision-free scheduling for
LoRa-based industrial Internet of Things,'' in Proc. IEEE 20th Int.
Symp. `World Wireless, Mobile Multimedia Netw. ' (WoWMoM) , Jun. 2019,
pp. 15, doi: 10.1109/WoWMoM.2019.8792975.
[31] J. Haxhibeqiri, A. Karaagac, F. Van den Abeele, W. Joseph, I. Moerman,
and J. Hoebeke, ``LoRa indoor coverage and performance in an indus-
trial environment: Case study,'' in Proc. 22nd IEEE Int. Conf. Emerg.
Technol. Factory Autom. (ETFA) , Sep. 2017, pp. 18, doi: 10.1109/
ETFA.2017.8247601.
[32] L. Tessaro, C. Raffaldi, M. Rossi, and D. Brunelli, ``Lightweight synchro-
nization algorithm with self-calibration for industrial LORA sensor net-
works,'' in Proc. Workshop Metrol. Ind. 4.0 (IoT) , Apr. 2018, pp. 259263,
doi: 10.1109/METROI4.2018.8428309.
[33] J. Haxhibeqiri, F. Van den Abeele, I. Moerman, and J. Hoebeke,
``LoRa scalability: A simulation model based on interference measure-
ments,'' Sensors , vol. 17, no. 6, p. 1193, May 2017. [Online]. Available:
https://www.mdpi.com/1424-8220/17/6/1193.
QUY LAM HOANG received the B.S. degree
from the School of Electrical Engineering, Hanoi
University of Science and Technology, Vietnam,
in 2015. He is currently pursuing the Ph.D.
degree with the Department of Computer Engi-
neering, University of Ulsan, South Korea. His
current research interests include embedded sys-
tems, wireless sensor networks, and low power
wide area networks.
VOLUME 8, 2020 44737
Q. L. Hoang et al. : Real-Time LoRa Protocol for IMOCSs
WOO-SUNG JUNG received the dual B.S.
degrees in electrical and computer engineering and
in information and computer engineering, and the
M.S. and Ph.D. degrees from the School of Com-
puter Engineering, Ajou University, South Korea,
in 2007, 2009, and 2015, respectively. He is cur-
rently a Senior Researcher with the Electronics and
Telecommunications Research Institute (ETRI),
Daejeon, South Korea. His current research inter-
ests are in wireless networking, the Internet of
Things, device-to-device communication, and embedded systems.
TAEHYUN YOON received the B.S., M.S., and
Ph.D. degrees from the School of Electron-
ics Engineering, Kyungpook National University,
in 2005, 2007, and 2015, respectively. Since
2016, he has been a Researcher with the Intelli-
gent Robotics Research Division, Electronics and
Telecommunications Research Institute (ETRI),
Daejeon, South Korea. His current research
interests include applied mobile communication,
ship-IT convergence, and LoRa networks.
DAESEUNG YOO received the B.S., M.S., and
Ph.D. degrees from the Department of Computer
Engineering and Information Technology, Ulsan
University, in 1998, 2001, and 2011, respec-
tively. Since 2009, he has been a Research
Engineer with the Intelligent Robotics Research
Division, Electronics and Telecommunications
Research Institute (ETRI), Daejeon, South Korea.
His current research interests include applied soft-
ware engineering, mobile communication, ship-IT
convergence, and ad hoc networks.
HOON OH (Member, IEEE) received the B.S.E.E.
degree from Sungkyunkwan University, Seoul,
South Korea, and the M.Sc. and Ph.D. degrees
in computer science from Texas A&M Uni-
versity at College Station, Texas, in 1993 and
1995, respectively. From 1983 to 1989 and from
1996 to 2000, he worked as a Software Engi-
neer and as a Software Architect with the Cor-
porate Research Center of Samsung Electronics.
He was involved in developing communication
protocols for the data services of the CDMA and IMT2000 handset
products. He is currently a Professor with the Department of Computer
Engineering and Information Technology and the Director of the Vehi-
cle IT Convergence Technology Research Center, University of Ulsan,
South Korea, where he has been serving as the Department Head of
the IT Convergence Department, since 2016. He received the Best
Paper Award from the National Academy of Science, USA, in 1995.
He published over 50 refereed journals for the last decade and made many
technology transfers to the local IT companies through UniversityIndustry
Cooperation Program. His research interests lie in embedded systems,
mobile ad hoc networks, real-time computing, and context-aware computing.
He is a member of IEICE and ICASE, and also a Lifetime Member of KICS
and KISA.
44738 VOLUME 8, 2020","[-0.1109258383512497, 0.03648010641336441, -0.0604349747300148, -0.04907996952533722, 0.10007420927286148, -0.09775717556476593, 0.0771406888961792, -0.024827083572745323, 0.013031785376369953, -0.02316167764365673, 0.013489652425050735, 0.017050303518772125, 0.03034217655658722, -0.08000630885362625, 0.0376136377453804, -0.025352025404572487, 0.10101032257080078, -0.05343041568994522, -0.0475979708135128, -0.013320056721568108, 0.13937385380268097, -0.03517181798815727, 0.002608480164781213, 0.004392803646624088, -0.033508334308862686, 0.02004574052989483, 0.0634373351931572, 0.013463913463056087, -0.04479970410466194, -0.041211023926734924, -0.023994147777557373, 0.06280672550201416, 0.056700244545936584, 0.011602888815104961, -0.04228609800338745, -0.07090193033218384, 0.0616726316511631, 0.0394928865134716, -0.05403382331132889, -0.025409290567040443, 0.032551586627960205, -0.08228428661823273, -0.008673940785229206, -0.012290801852941513, 0.02393552102148533, -0.02191055938601494, -0.03798052668571472, -0.06069621443748474, -0.10429089516401291, -0.006902146618813276, -0.052790962159633636, 0.0019492654828354716, 0.05552777647972107, -0.04014720022678375, -0.01463268045336008, 0.04357127845287323, 0.010276541113853455, 0.06611576676368713, 0.04932744428515434, 0.09905638545751572, 0.01808401383459568, 0.012956017628312111, -0.006964504718780518, -0.01442940067499876, -0.014731451869010925, -0.011492342688143253, 0.039037302136421204, -0.019398344680666924, -0.050703033804893494, -0.11632680147886276, -0.011325151659548283, -0.03310418501496315, -0.011377748101949692, 0.04976294934749603, 0.0033361876849085093, -0.05401185154914856, 0.04583519324660301, -0.013980201445519924, 0.0432562455534935, -0.052158161997795105, 0.030875427648425102, -0.03176618739962578, -0.011859258636832237, -0.005103481933474541, -0.014484518207609653, 0.012570326216518879, -0.057431139051914215, 0.03455779328942299, -0.01969897747039795, -0.08813106268644333, 0.005768841598182917, 0.0018241284415125847, -0.04228610172867775, 0.027005180716514587, 0.06918936222791672, -0.013060705736279488, 0.002661449369043112, 0.013124179095029831, 0.02396707981824875, 0.06841791421175003, 0.07261200994253159, -0.006956197787076235, -0.0480944961309433, -0.03184051066637039, -0.0010959039209410548, -0.05104139447212219, 0.02562897652387619, 0.008163467980921268, 0.003591461107134819, 0.00590523099526763, -0.04082557186484337, 0.027755962684750557, 0.019745277240872383, -0.013163553550839424, -0.04440051689743996, -0.001918150926940143, -0.03454652056097984, 0.01852354407310486, 0.02932455949485302, -0.023111768066883087, 0.0019297816324979067, -0.09974748641252518, 0.018367907032370567, -0.024723095819354057, 0.06458594650030136, 0.007761616725474596, 0.004752106033265591, 6.260882011835174e-33, -0.013474054634571075, -0.007530345115810633, -0.1065836027264595, -0.08085409551858902, -0.0631561353802681, -0.001230356516316533, 0.010880468413233757, 0.03680518642067909, -0.027938583865761757, 0.04321225360035896, -0.03825479373335838, 0.06532236188650131, -0.05959997698664665, -0.03334447741508484, 0.040043529123067856, -0.020920224487781525, 0.05389274284243584, -0.03541230782866478, -0.001986540388315916, -0.015620862133800983, 0.038675457239151, -0.07131318002939224, 0.04340054467320442, 0.02023248001933098, 0.15137431025505066, 0.06637360155582428, 0.02441982924938202, 0.018085811287164688, 0.05384715273976326, 0.05830485373735428, 0.06143796071410179, -0.04492752626538277, 0.09292560815811157, -0.017883604392409325, -0.01837499812245369, -0.02491413801908493, -0.07157855480909348, -0.0010151759488508105, -0.04867749288678169, -0.04545820131897926, -0.02520388551056385, 8.659826562507078e-05, -0.11066804826259613, 0.0036582029424607754, -0.05129929259419441, 0.013652586378157139, 0.018928680568933487, 0.07768110930919647, -0.02692428231239319, 0.022169874981045723, -0.05336795002222061, -0.023918114602565765, -0.01525028795003891, -0.007892144843935966, 0.014909064397215843, -0.015611888840794563, 0.030364884063601494, -0.01593177206814289, 0.06066383421421051, -0.0008703413186594844, -0.07142370939254761, 0.022655947133898735, 0.004563750699162483, 0.03664834797382355, 0.10476019233465195, -0.010819551534950733, 0.039424508810043335, 0.045341856777668, -0.031103258952498436, 0.010057661682367325, 0.04525788500905037, -0.04807739332318306, -0.030199730768799782, -0.020643016323447227, -0.023289142176508904, -0.05255408585071564, -0.0033698168117552996, 0.08570108562707901, -0.014016362838447094, 0.013588923029601574, 0.028960805386304855, 0.03997727110981941, 0.03412294015288353, 0.006680899299681187, 0.03925766423344612, -0.029677825048565865, -0.036298967897892, -0.017803344875574112, -0.12085123360157013, 0.026560459285974503, -0.016190417110919952, 0.004468434024602175, 0.07481388002634048, 0.018995029851794243, -0.06595920026302338, -6.774028642323289e-33, -0.0125376395881176, 0.009820197708904743, -0.007958728820085526, 0.048514749854803085, 0.04463549330830574, -0.050474487245082855, 0.02909683808684349, 0.004376527853310108, -0.04603058099746704, 0.05310622602701187, 0.052825458347797394, -0.10232938826084137, -0.012346234172582626, -0.07929128408432007, 0.12619902193546295, -0.02926013432443142, 0.005477081518620253, -0.05845821648836136, -0.07648357003927231, 0.05125237628817558, 0.030520079657435417, -0.03822588175535202, 0.015450438484549522, -0.07158191502094269, -0.03021935746073723, -0.008071605116128922, -0.05595635622739792, 0.07552094757556915, -0.027476297691464424, 0.003007665276527405, -0.0501127615571022, -0.03736262768507004, 0.01577642560005188, 0.07555437088012695, 0.03817339986562729, -0.0625390112400055, 0.10224397480487823, 0.005399934481829405, -0.03576438128948212, -0.042002346366643906, 0.059162650257349014, 0.022654293105006218, -0.06813837587833405, 0.08053197711706161, -0.02508154697716236, -0.009047911502420902, -0.06061306968331337, 0.009536578319966793, -0.03992881253361702, -0.028945140540599823, 0.07498298585414886, -0.05370420590043068, 0.06983645260334015, 0.0012933970429003239, 0.049761101603507996, 0.08657423406839371, 0.0486772283911705, 0.045347169041633606, -0.0904572457075119, -0.009669646620750427, 0.10040267556905746, -0.1261015385389328, 0.014667296782135963, 0.06177838146686554, 0.04364873096346855, 0.049153394997119904, 0.11562962830066681, 0.044237036257982254, 0.012815229594707489, -0.014585624448955059, 0.03853421285748482, 0.04914294183254242, -0.01620597578585148, -0.04617982730269432, -0.031479932367801666, 0.022143859416246414, -0.05932347849011421, -0.006076195742934942, 0.010814402252435684, -0.002279015025123954, -0.027455035597085953, 0.024516303092241287, -0.017032835632562637, -0.015719207003712654, 0.04121167212724686, 0.018266180530190468, 0.0005248217494226992, 0.02166670747101307, 0.05089789256453514, -0.027613066136837006, -0.07818184792995453, 0.0707007423043251, -0.03662193566560745, 0.03054281324148178, -0.09419786930084229, -6.181297607099623e-08, -0.09447004646062851, -0.056417595595121384, -0.02174702286720276, -0.03239119052886963, 0.012617038562893867, -0.04268190264701843, 0.05044233426451683, -0.1041015088558197, 0.026998693123459816, -0.03355053439736366, 0.05820005387067795, -0.04022173956036568, -0.054170768707990646, -0.021554358303546906, 0.14367537200450897, -0.08127745985984802, 0.04171038791537285, 0.007370898965746164, -0.013801081106066704, 0.07134529948234558, 0.15614518523216248, 0.0018314115004613996, 0.02633207105100155, 0.08646567165851593, 0.07104021310806274, 0.0010294808307662606, -0.10021905601024628, 0.06680697202682495, 0.10755424946546555, -0.013371099717915058, -0.03212477266788483, -0.007461728528141975, 0.020282862707972527, 0.06912749260663986, -0.02566659078001976, -7.1906979428604245e-06, -0.016530148684978485, -0.0563017912209034, 0.01974925585091114, -0.026406364515423775, 0.048330649733543396, -0.04964732378721237, -0.09805230796337128, 0.03641308471560478, 0.04182017967104912, -0.059762995690107346, 0.01875871792435646, -0.05646780505776405, -0.03308143839240074, -0.017968442291021347, -0.09279534220695496, -0.0681174099445343, 0.03148892894387245, 0.007870609872043133, 0.0540095753967762, -0.06187788024544716, 0.1327085644006729, -0.09937349706888199, 0.0738353580236435, 0.08455993980169296, 0.06835472583770752, -0.021577758714556694, -0.08481621742248535, 0.056789692491292953]"
Communication systems for building automation and control.pdf,"Communication Systems for Building
Automation and Control
WOLFGANG KASTNER, GEORG NEUGSCHWANDTNER, STEFAN SOUCEK, AND
H. MICHAEL NEWMAN
Invited Paper
Building automation systems (BAS) provide automatic control of
the conditions of indoor environments. The historical root and still
core domain of BAS is the automation of heating, ventilation and
air-conditioning systems in large functional buildings. Their pri-mary goal is to realize signiﬁcant savings in energy and reducecost. Yet the reach of BAS has extended to include information fromall kinds of building systems, working toward the goal of “intelli-gent buildings. ” Since these systems are diverse by tradition, inte-gration issues are of particular importance. When compared withthe ﬁeld of industrial automation, building automation exhibits spe-ciﬁc, differing characteristics. The present paper introduces the taskof building automation and the systems and communications infra-structure necessary to address it. Basic requirements are coveredas well as standard application models and typical services. Anoverview of relevant standards is given, including BACnet, Lon-Works and EIB/KNX as open systems of key signiﬁcance in thebuilding automation domain.
Keywords— Automation, building management systems, dis-
tributed control, ﬁeld buses, networks, standards.
I. INTRODUCTION
Home and building automation systems are—in the
broadest sense—concerned with improving interaction with
and between devices typically found in an indoor habitat.As such, they provide a topic with many facets and rangefrom small networks with only a handful of devices to
very large installations with thousands of devices. This
paper, however, narrows its focus on the automation of largefunctional buildings, which in the following will be referredto as “buildings” for simplicity. Examples include ofﬁce
buildings, hospitals, warehouses, or department stores as
Manuscript received January 19, 2005; revised March 17, 2005.
W. Kastner and G. Neugschwandtner are with the Automation Systems
Group, Institute of Automation, Vienna University of Technology, Vienna
1040, Austria (e-mail: k@auto.tuwien.ac.at; gn@auto.tuwien.ac.at).
S. Soucek is with LOYTEC Electronics GmbH, Vienna 1080, Austria
(e-mail: soucek@ieee.org).
H. M. Newman is with the Utilities Computer Section, Cornell University,
Ithaca, NY 14850 USA (e-mail: hmn2@cornell.edu).
Digital Object Identiﬁer 10.1109/JPROC.2005.849726well as large distributed complexes of smaller installations
such as retail chains or gas stations. These types of build-
ings are especially interesting since their size, scale, andcomplexity hold considerable potential for optimization, butalso challenges.
The key driver of the building automation market is the
promise of increased user comfort at reduced operation cost.To this end, building automation systems (BAS) make use
of optimized control schemes for heating, ventilation, and
air-conditioning (HV AC) systems, lighting, and shading. Im-provements in energy efﬁciency will also contribute to en-vironmental protection. For this reason, related regulations
sometimes mandate the use of BAS.
Costs can further be reduced by providing access to all
building service systems in a centralized monitoring and con-
trol center. This allows abnormal or faulty conditions to be
detected, localized and corrected at an early stage and withminimum personnel effort. This is especially true when ac-cess to the site is offered through a remote connection. A
uniﬁed visualization scheme for all systems further eases the
task of the operator. Direct access to BAS data from the cor-porate management level eases data acquisition for facilitymanagement tasks such as cost allocation and accounting.
Besides the immediate savings, indirect beneﬁts may be
expected due to higher expected workforce productivity orby the increased perceived value of the automated building
(the “prestige factor,” for both building owner and tenant).
Although investment in building automation systems will
result in higher construction cost, their use is mostly eco-
nomically feasible as soon as the entire building life cycle
is considered. Typically, the operational cost of a buildingover its lifetime is about seven times the initial investment forconstruction. Therefore, it is important to choose a building
concept that ensures optimal life-cycle cost, not minimum in-
vestment cost. The considerable number of available perfor-mance contracting offers strongly emphasizes that advancedBAS are indeed economical. In these models, the contractor
0018-9219/$20.00 © 2005 IEEE
1178 PROCEEDINGS OF THE IEEE, VOL. 93, NO. 6, JUNE 2005
Authorized licensed use limited to: Ryerson University Library. Downloaded on July 04,2025 at 06:23:02 UTC from IEEE Xplore.  Restrictions apply. 
takes the ﬁnancial risk that prospective savings will offset the
investment within a given time.
Bene ﬁts both in terms of (life-cycle) cost and functionality
will be maximized as more systems are combined. This re-quires that expertise from different ﬁelds is brought together.
Integrating ﬁre alarm and security functions is particularly
challenging due to the high demands made on their depend-ability. Engineers and consultants who used to work sepa-rately are forced to collaborate with each other and the design
engineer as a team.
Integration is obviously far easier when systems that
shall be joined talk the same language. For example, uni ﬁed
presentation is achieved at no additional engineering effortthis way, potentially reducing investment cost. Especiallylarge corporations with hundreds or thousands of establish-
ments spread out over large distances certainly would want
to harmonize their building network infrastructure by usinga certain standard technology throughout. Yet this goal iseffectively out of reach as long as different manufacturers ’
systems use proprietary communication interfaces, with no
manufacturer covering the entire spectrum of applications.Here, open standards try to close the gap, which step intothe breach, which moreover help avoid vendor lock-in
situations.
In the past years LAN technologies have been pushing
down the network hierarchy from the management level
while ﬁeldbus technologies are pushing upwards. This battle
is still not over but what has already emerged from thisrivalry is a new trend of combining ﬁeldbus protocols with
LAN technologies to better utilize an existing LAN infra-
structure. Most approaches follow the principle of runningthe upper protocol layers of the ﬁeldbus protocol over the
lower layers of a typical LAN protocol such as IP over
Ethernet. The synergies arising out of this very attractive
combination are manifold.
For example, most corporations have established their own
Intranet and are now able to leverage this infrastructure for
managing their buildings. Still, all the device pro ﬁles de-
veloped with great effort over many years can be reused.Also, technicians trained on particular tools for many yearsdo not ﬁnd their existing knowledge rendered worthless de-
spite the switch to IP-based building automation networks.
IP-based communication also opens up new dimensions inremote management and remote maintenance.
II. B
UILDING SERVICES ,AUTOMATION AND INTEGRATION
Building automation (BA) is concerned with the control
of building services. Its historical roots are in the automaticcontrol of HV AC systems, which have been subject to au-tomation since the early 20th century. The domain of indoor
climate control still is the main focus of this discipline due to
its key role in making buildings a comfortable environment.
Initially, controllers were based on pneumatics. These
were replaced by electric and analog electronic circuits.Finally, microprocessors were included in the control loop.
This concept was called direct digital control (DDC) ,a
term which is still widely used for programmable logic con-trollers (PLCs) intended for building automation purposes.The DDC concept and its associated design methodology is,
e.g., covered in [1].
The oil price shock of the early 1970s
1triggered interest in
the energy savings potential of automated systems, whereas
only comfort criteria had been considered before. As a con-sequence, the term “energy management system ”(EMS) ap-
peared, which highlights automation functionality related to
power-saving operation, like optimum start and stop control.
2
Further, supervisory control and data acquisition
(SCADA) systems for buildings, referred to as centralcontrol and monitoring systems (CCMS), were introduced.
They extended the operator ’s reach from having to handle
each piece of equipment locally over a whole building orcomplex, allowing the detection of abnormal conditionswithout being on-site. Besides environmental parameters,
such conditions include technical alarms indicating the need
for repair and maintenance.
Also, the service of accumulating historical operational
data was added. This aids in assessing the cost of opera-
tion and in scheduling maintenance. Trend logs provide valu-
able information for improving control strategies as well.Often, BA systems with these capabilities were referred toas building management systems (BMS).
Other building service systems bene ﬁt from automation
as well. For example, demand control of lighting systemscan signi ﬁcantly contribute to energy saving. Recognizing
the head start of the BA systems of the HV AC domain with
regard to control and presentation, they provided the natural
base for the successive integration of other systems (some-times then termed “integrated BMS ”(IBMS) [2]).
Today ’s comprehensive automation systems generally
go by the all-encompassing name of BAS, although EMS,
building EMS (BEMS), and BMS/IBMS are still in use,sometimes intentionally to refer to speci ﬁc functional as-
pects, but often by habit. Fig. 1 illustrates these different
dimensions. The relevant international standard [3] chooses
building automation and control systems (BACS) as an
umbrella term.
Comprehensive automation is instrumental to the demands
of an intelligent building. This buzzword has been associ-
ated with various concepts over the past 25 years ([4] pro-vides a comprehensive review). Although there is still nocanonical de ﬁnition, the current notion of intelligent build-
ings targets the demands of users and investors alike. Build-
ings should provide a productive and attractive environmentto users while maintaining cost ef ﬁciency to maximize the in-
vestors ’revenue over the whole life cycle. This speci ﬁcally
includes management issues. As facility management has to
become more ef ﬁcient, BAS services have to be tightly inte-
grated into of ﬁce and work ﬂow automation. As an example,
consider conference rooms to be air conditioned only (and
1During the 1973 oil crisis, an embargo policy by the Organization of
Petroleum Exporting Countries made world oil prices quadruple for a ﬁve-
month period, then settle at a 10% increased level.
2Automatic shutdown of air-conditioning equipment during nonof ﬁce
hours, but with start and stop times adjusted for system inertia (start earlier,
stop sooner).
KASTNER et al. : COMMUNICATION SYSTEMS FOR BUILDING AUTOMATION AND CONTROL 1179
Authorized licensed use limited to: Ryerson University Library. Downloaded on July 04,2025 at 06:23:02 UTC from IEEE Xplore.  Restrictions apply. 
Fig. 1. Functional aspects of BAS.
automatically) when booked. Also, hotel management sys-
tems can automatically adjust HV AC operation depending on
whether a room is currently rented or vacant. Cost allocation
for climate control and lighting with live metering data fromthe BAS and optimum scheduling of preventive (or even pre-dictive) maintenance based on automatic equipment moni-
toring and service hour metering are possible as well.
Other dimensions of intelligent buildings are advanced
infrastructures for data communication and informationsharing to promote productivity, but also advanced struc-
tural design and innovative materials. For example, [5]
mentions systems to improve the response of a building toearthquakes. Intelligent buildings are also expected to easilyadapt to changing user requirements. Recent approaches
even include the demand for them to automatically learn the
behavior of the tenants and adjust the system performanceaccordingly.
A. Building Services
Buildings should provide supportive conditions for people
to work and relax. This means they will usually be tuned
toward human comfort parameters (comfort HV AC). Some-
times, zones or entire buildings are optimized for the partic-ular demands of machines, processes, or goods, which maydiffer from human comfort (industrial HV AC). In any case,
the environment needs to be safe, secure and provide the nec-
essary infrastructure, including supply/disposal, communi-cation/data exchange and transportation. These requirementsvary signi ﬁcantly depending on the purpose of the building.
Buildings ful ﬁll these demands through appropriate design
of building structure and technical infrastructure, the latterbeing known as building services . For example, ventilation
can be achieved through opening windows (a structural de-
sign measure) or forced ventilation (a mechanical building
service).
Building services include elements usually perceived as
passive technical infrastructure (such as fresh and wastewater management and power distribution) as well as con-
trollable, “active ”systems such as HV AC. The boundary
is not clear-cut, however. For example, water supply may
include pressurization pumps, and power distribution
may be extended with power factor monitoring or on-sitecogeneration.
Different building types will have different requirements
regarding presence and performance of these services.Table 1 highlights examples, grouped by building disci-
plines. For a comprehensive reference on building service
systems, see, e.g., [6]. The remainder of this section willhighlight selected properties of key domains where controlis involved to a signi ﬁcant amount.
While the permissible environmental conditions for goods,
machinery and processes are usually clearly speci ﬁed, en-
suring human comfort is a more complex affair. For example,
thermal comfort does not only depend on air temperature, butalso air humidity, air ﬂow, and radiant temperature. More-
over, the level of physical activity and the clothing worn have
to be taken into account. One and the same amount of air
ﬂow can be perceived as a pleasant breeze as well as a draft
depending on thermal sensation. Also, the amount of controlavailable to individuals in ﬂuences whether they will consider
otherwise identical conditions as comfortable or not. This for
instance applies to the ability to open windows and havingcontrol over air delivery devices [7], [8]. Still, the thermalregulation system of the human body ensures comfort over a
certain range of these parameters.
Space heating and cooling can be achieved in different
ways. One possibility is to install convectors fed with hot or
chilled water. Cooling ceilings are a special form of such con-vectors. Flow meters and valves are necessary to measure andcontrol the amount of energy distributed. Convection may be
fan-assisted, in which case the convector is referred to as a
fan-coil unit (FCU). The feed water is centrally prepared in
boilers and chiller plants. Electric heating elements are oftensubstituted for hot water coils, especially where oil or gas is
not available.
When forced ventilation is used, heating and cooling is
usually provided with the supply air. In this case, central
air handling units (AHUs) contain the convector coils (or
cooling coil and heating element) together with air ﬁlters to
remove dust and smoke particles, a humidi ﬁer and the nec-
essary dampers and pressure sensors to control the amount
of air exchange with the outside. With variable air volume
(VAV) boxes instead of ﬁxed outlets it is possible to ﬁnely
control the amount of air released into the conditioned space
in addition to its temperature, which allows saving energy.
The amount of air which needs to be exchanged to main-
tain proper air quality varies with the number of peoplepresent. Most frequently, a static value is assumed forsmaller rooms and manual intervention is required for larger
ones like lecture halls. Nevertheless, air quality sensors (cf.
e.g., [9]) are available for automation.
Not all sections of a building can (or need to) be treated
equally with respect to environmental conditioning. As anexample, for access spaces like stairways, thermal comfortparameters are relaxed in comparison with habitable spaces.
1180 PROCEEDINGS OF THE IEEE, VOL. 93, NO. 6, JUNE 2005
Authorized licensed use limited to: Ryerson University Library. Downloaded on July 04,2025 at 06:23:02 UTC from IEEE Xplore.  Restrictions apply. 
Table 1
Building Service Domains
Also, the sunlit south side of a building may require different
treatment than the one facing north. Therefore, and for rea-sons of manageability in large complexes, buildings are splitinto control zones. With room control , every room forms a
zone of its own. Conditions can then be optimized for taste
or presence, using presence buttons or detectors.
Good HV AC control strategies can optimize the con-
sumption of primary energy by capitalizing on information
about thermal comfort conditions as well as properties of
the building structure (e.g., high or low thermal inertia)and systems. Comprehensive sensor data and provisions forﬁne-grained control also work toward this goal.
Lighting systems fall into two subdomains: arti ﬁcial
lighting, where luminaires are switched and dimmed (bymeans of load switches, incandescent dimmers, and control-lable ballasts) and daylighting. The latter is concerned with
limiting the amount of daylight which enters the interior to
avoid excessive light intensity and glare. Motorized blindsallow automation of this task. Lighting is traditionally dom-inated by simple open-loop control relationships in response
to manual switches. Only recently, complexity has increased.
Artiﬁcial light can be centrally switched off during nonof ﬁce
hours, also automatically on a given schedule. In this period,a time-limited mode of operation can be entered. Presence
detector devices can be used to automatically turn off the
lights in unused rooms. Both luminaires and blinds canbe adjusted for the sun position according to the time ofday. Advanced daylighting systems follow the sun to adjust
mirrors which re ﬂect daylight into interior zones. Also,
luminaires and blinds can adapt to sky conditions to yieldconstant lighting conditions with optimum energy ef ﬁciency.
Lumen maintenance can be achieved both in an open-loop
(using a rooftop daylight detector) or a closed-loop manner
(with lighting sensors placed in the interior). Anemome-ters and weather vanes allow determining when outsideblinds have to be retracted to avoid damage. Recently, elec-
trochromic windows have become available commercially.
The translucence of electrochromic glass is continuouslyadjustable by applying a low voltage.
Insafety and security alarm systems , no closed control
loops exist. Alarm conditions have to be detected and passed
on to appropriate receiving instances. This includes localalarms as well as automatically alerting an appropriate inter-vention force. Precisely distinguishing nonalarm from alarmsituations is essential. Example sensors are motion and glass
break sensors from the security domain; water sensors forfalse ﬂoors from the property safety domain; and smoke de-
tectors, heat detectors and gas sensors from the life safety
domain. Emergency communication can include klaxons or
playback of prerecorded evacuation messages. Emergencylighting is also related to this ﬁeld. Generally, high reliability
is required in this domain, the exact requirements depending
on the precise application. The requirements are highest for
handling life-threatening conditions in the safety domain,most notably ﬁre alarms. Also, no system components can be
allowed to fail without being noticed. The inspections neces-
sary to ensure this can be aided by automatic monitoring.
Like BAS, alarm systems gradually have implemented
communication capabilities that reduce the cost of instal-lation and operation. Traditionally, sensors had their alarm
limits preset in hardware and were daisy-chained into loops.
An alarm was triggered whenever a sensor broke the currentloop, with the precise location and reason unknown to thesystem. This technique is still used in smaller systems.
More recent systems allow communication with individual
sensors, which may provide even more detailed informa-tion about the alarm condition this way, for example thegas concentration measured. [10] provides an overview on
safety and security system technologies. As a ﬁnal example,
conveying systems are of signi ﬁcant complexity in their own
right regarding control. Yet there is no need for modi ﬁcation
of most of their parameters (like car speed or light level)
in response to daily changes in building use, like it is the
case in HV AC. Therefore, control interaction occurs on ahigh level only. Examples include putting the system intoa reduced operation mode during night hours or controlled
shutdown in case of a ﬁre alarm. Additionally, signaling
equipment on the landings (e.g., hall and direction lanterns)could be accessed through an open interface.
B. System Integration
Building engineering disciplines have evolved separately
and are traditionally handled by independent contractors.
Consequently, their respective automation systems are still
entirely separate in most buildings today. Another goodreason for this separation is that few companies currentlycover all domains. Yet there are bene ﬁts when information
KASTNER et al. : COMMUNICATION SYSTEMS FOR BUILDING AUTOMATION AND CONTROL 1181
Authorized licensed use limited to: Ryerson University Library. Downloaded on July 04,2025 at 06:23:02 UTC from IEEE Xplore.  Restrictions apply. 
exchange between building systems is possible. For ex-
ample, window blinds have considerable impact on HV ACcontrol strategy, as incident solar radiation causes an in-
crease in air temperature as well as in immediate human
thermal sensation. Automatically shutting the blinds on thesunlit side of a building can signi ﬁcantly decrease the energy
consumption for cooling.
A second area of overlap comprises doors and windows.
Their state is of importance to both the HV AC system (toavoid heating or cooling leakage to the outdoor environment)and the security system (to ensure proper intrusion protec-
tion at night). The same holds true for motion or presence
detectors. Also, motion detectors can provide intrusion de-tection at night and automatic control of lights during busi-ness hours. Such common use of sensors in multiple control
domains can reduce investment and operational cost. On the
other hand, it increases the complexity as different contrac-tors needs to handle the functional overlap in their engi-neering systems.
As an important step, building control systems also need
to accept control information from systems which are moreclosely related to the information technology (IT) world. Thisespecially concerns access control systems. Data exchange is
not limited to “pass/do not pass ”signals sent to doors by RFID
readers, card readers, biometric authentication devices, orsimple key controls. Increasingly, scenarios such as lighting apathway through the building and controlling elevators based
on card access control at the gate are requested.
As a future prospect, data of multiple sensors may be fused
for additional bene ﬁt. As an example, consider using the data
provided by indoor air quality sensors for presence detec-
tion [9]. Control information can also be derived from CCTV
imagery through image processing techniques. For example,presence detection and people counting for better HV AC orelevator control can be achieved this way. As another bene ﬁt,
the state of doors and windows can be detected.
Yet, in all cases, the bene ﬁts reached by tighter integration
come with a drawback. In an integrated system, examininggroups of functionality in an isolated manner becomes more
difﬁcult. This introduces additional challenges in fault anal-
ysis and debugging as well as functionality assessment.Additionally, if multiple contractors are working on a singleintegrated system, problems in determining liability may
arise.
The assessment problem is of special concern where life
safety is involved. For this reason, ﬁre alarm systems tra-
ditionally have been kept completely separate from other
building control systems. Although a considerable degree
of integration has been achieved in some projects, buildingcodes still often explicitly disallow BAS to assume the func-tion of life safety systems. This of course does not extend to
less critical property safety alarms (e.g., water leakage detec-
tion). Similar considerations apply to building security sys-tems.
These issues need to be addressed by carefully selecting
the points of interaction between the different subsystems,
with the general goal of making the ﬂow of control trace-
able. First, this requires limiting the number of such pointsto the amount absolutely necessary to achieve a given task.
Second, interfaces have to be de ﬁned clearly to ensure that
no repercussive in ﬂuence is possible. This may necessitate
special measures to limit the direction of the control ﬂow
(dry contacts and the 4 –20 mA interface remain classic ex-
amples). Third, points of contact have to be selected in a waythat reasonably self-contained subsystems emerge when the
links between them are cut. Such divisions may be vertical
(e.g., separation into functional domains) as well as hori-zontal (e.g., a building wing).
Considerable bene ﬁts can already be achieved by estab-
lishing a highly limited number of interaction points at the
highest system level. One prime example is that elevatorsonly need the information that an evacuation condition ispresent —a single bit transfer —to be able to automatically
stop loaded elevator cabins at the next ﬂoor level and shut
down in case of a ﬁre alarm. Integration at the device level,
however, such as in the examples presented above, intro-duces a level of complexity that still remains a challenge to
be handled.
It was stated above that the number of interaction points
should be limited to the necessary minimum. While this iscorrect, it is also necessary to keep the system design ﬂexible
enough for future integration requirements. Since building
installations are long-lived, system evolution is an importantissue. A rigid system that solely satis ﬁes the demands iden-
tiﬁed at design time often makes future extensions or tighter
integration impossible.
C. Automation and Control
Building automation can be regarded as a special case
of process automation, with the process being the building
indoor environment (and its closer surroundings).
3The
process consists of numerous subprocesses, both discreteand continuous. The most complex processes by far
4are
present in the HV AC domain. Since HV AC processes involve
large (thermal) capacities, changes in system parametersoccur only gradually. Quick transients typically only haveto be detected when optimizing system behavior. Since
the process behavior is slow, requirements on controller
response times are relaxed compared to industrial controlapplications. Despite the general absence of high-speed con-trol loops, HV AC control is not without challenges. It has to
deal with disturbances, which change over time as a function
of load, weather conditions, and building occupancy. Theseinﬂuences are of stochastic nature and therefore not exactly
predictable, although certain assumptions can be made.
A comprehensive introduction to HV AC control is, e.g.,
provided in [11].
Closed-loop control is barely present in other building sys-
tems. Interestingly enough, timing constraints are tightest in
certain open-loop control relations (most notably simple light
control functions), where the response time is put in relation
3Although some applications, such as shading, will actually involve out-
door sensors and actuators, environmental conditions will typically only be
controlled in the interior.
4At least concerning those controlled by present-day systems.
1182 PROCEEDINGS OF THE IEEE, VOL. 93, NO. 6, JUNE 2005
Authorized licensed use limited to: Ryerson University Library. Downloaded on July 04,2025 at 06:23:02 UTC from IEEE Xplore.  Restrictions apply. 
Fig. 2. Building automation, three-level functional hierarchy.
with the human perception time in the range of a few hun-
dreds of milliseconds.
Regarding the required reliability (de ﬁned as the proba-
bility of a system to perform as designed) and availability
(deﬁned as the degree to which a system is operable at any
given point in time), basic functions of automated systemshave to measure up against conventional installations. As
with timing constraints, demands are moderate, since the
consequences for failing to meet them are merely annoying inthe vast majority of cases. Exceptions do exist however, mostnotably in industrial HV AC (e.g., refrigerated warehouses)
and medical applications. Dependable operation is also re-
quired when the integration of safety and security functionsis desired.
Deﬁnitely, one key challenge in BAS is that large areas
need to be covered especially in high-rise buildings or largerbuilding complexes. Another challenge is that the domainis highly cost sensitive when compared with industrial au-
tomation. Also, systems have to be long-lived (at least in
comparison with the IT world). They are required to be “fu-
ture proof, ”which favors proven, technologically conserva-
tive approaches. Hence, the domain is very slow to accept andadopt new technological developments. Bid invitations often
require systems to adhere to international standards, whichlengthens the innovation cycle due to the delays inherent tosuch standardization procedures.
Finally, operators will seldom receive intensive training,
which is why ease of use and robust operation are of signif-icant importance. This is especially the case for all systemcomponents which are meant to be operated by tenants.
D. Automation Hierarchy
A general system model designed to accommodate all
kinds of BAS
5is described in [3]. Key elements are shown
in Fig. 2. In this model, aspects of system functionality are
broken up into three levels, presenting the incarnation of the
automation pyramid for BAS.
At the ﬁeld level, interaction with the physical world
takes place. Environmental data are collected (measurement,
counting, metering) and transformed into a representation
suitable for transmission and processing. Likewise, parame-ters of the environment are physically controlled (switching,
5One should note, however, that the scope of BAS in this model encom-
passes HV AC and lighting only.
KASTNER et al. : COMMUNICATION SYSTEMS FOR BUILDING AUTOMATION AND CONTROL 1183
Authorized licensed use limited to: Ryerson University Library. Downloaded on July 04,2025 at 06:23:02 UTC from IEEE Xplore.  Restrictions apply. 
setting, positioning) in response to commands received from
the system.
Automatic control, including all kinds of autonomously
executed sequences, is assigned to the automation level. It
operates on data prepared by the ﬁeld level, establishing
logical connections and control loops. Processing entitiesmay also communicate values of more global interest to each
other, for example the outside temperature or whether night
purge is to be activated. This type of process data exchangeis referred to as horizontal communication. In addition, the
automation level prepares (possibly aggregate) values for
vertical access by the management level. This includes the
accumulation of historical data at speci ﬁed rates ( trending ).
At the management level, information from throughout the
entire system is accessible. A uni ﬁed interface is presented
to the operator for manual intervention. Vertical access to
automation-level values is provided, including the modi ﬁca-
tion of parameters such as schedules. Alerts are generated forexceptional situations like technical faults or critical condi-
tions. Long-term historical data storage with the possibility
to generate reports and statistics is also considered part ofthis level.
It is evident that the amount of (current and historical) data
present for access within a given device increases when as-
cending through the levels. The task of the ﬁeld level is a
distributed one by nature. Automation is typically handled ina distributed manner as well, with multiple processing units
responsible for locally contained (or functionally separate)
subprocesses. The bene ﬁts of distribution are manifold, such
as reducing latencies in control loops, avoiding single pointsof failure, reducing the risk of performance bottlenecks and
allowing for subsystems to be out of service due to failures
or scheduled maintenance without affecting other parts. Cer-tainly, distributed systems are harder to design and handlethan centralized ones. Yet the increase in complexity for the
overall system will be mitigated when “divide and conquer ”
is applied properly, with the added bene ﬁt of the resulting
subsystems being more transparent.
A BACS design could choose to actually distribute the
functions described above over separate devices. As illus-
trated in Fig. 2, sensors and actuators are either directlyconnected to controllers via standard interfaces (like drycontacts, 0 –10 V , or 4 –20 mA) or by means of a ﬁeld net-
work. Process control is performed by DDC stations (unit
controllers). A server station performs supervisory control,logging and trending for a group of unit controllers (e.g.,in the central plant room or a building wing). Supervisory
and unit controllers are connected via their own automation
network. In addition, dedicated special systems (DSS) canconnect at this level. For instance, a ﬁre/security panel could
put HV AC unit controllers into smoke extraction mode when
aﬁre alarm is raised on its line. An operator workstation
uses the data prepared by the server stations to present theuser interface. DSS which are not to be integrated into a tightautomatic control scheme can be tied in at this level as well.
This can, on the one hand, be done with the goal of achieving
single-workstation visualization for all systems. On the otherhand, metering and other usage data can be transferred intoenterprise-level databases such as computer-aided facility
management (CAFM) systems for predictive maintenanceand cost allocation. Remote stations are integrated into the
management network on demand via a dial-up connection
(or other WAN tunnel) when data exchange is required. Alertmessages may be forwarded to the operator via cellular shortmessage gateways or electronic mail.
The system architecture of today ’s BACS, however,
seldom coincides so closely with the functional archi-
tecture described by the three-level model. For example,visualization software packages usually include soft PLCfunctionality. This allows leveraging the integration effort
spent on integrating diverse systems to offer uniform vi-
sualization from a single workstation, which is a standardrequirement on many projects. Intelligent ﬁeld devices —as
those connected to a ﬁeld network —can easily perform
simple control functions as well.
A trend toward a ﬂatter hierarchy can be observed. Au-
tomation-level functions are being assumed by devices typi-cally associated with the adjacent levels: supervisory control
and data aggregation are integrated with management-level
functions while continuous control is incorporated in ﬁeld
devices. Still, dedicated controllers will help to address thecomplexity inherent in larger installations or where special
performance requirements exist. Depending on the particular
demands and structure of a project, multiple approaches todistributing the necessary functionality are viable.
III. B
UILDING AUTOMATION AND CONTROL NETWORKS
In distributed control applications, there is an inherent
need to communicate. Actual and actuating values need tobe transferred between sensors, controllers and actuators.
As building automation has changed over the years, the
exchange of control information did as well.
Pneumatic control systems transmitted information in the
form of air pressure levels, typically in the industry-stan-
dard 0.2 to 1 bar (3 –15 lbf/in
) pressure range. In electrical
and electronic systems, voltage or current levels, e.g., thewell-known 4 –20 mA interface, served (and still serve) this
purpose. However, monitoring and control from a central lo-
cation can only be achieved for a limited number of values
this way. To reduce the amount of cabling necessary, CCMSused matrix multiplexing. Soon, wires were even more ef ﬁ-
ciently used by data networking.
As a consequence of this otherwise desirable evolution,
achieving interoperability between controllers, sensors and
actuators by different manufacturers has become a signi ﬁ-
cantly more complex issue than simply setting up value rangemappings in an identical way.
This section covers how the characteristics of building
automation applications translate into requirements on theunderlying networks used for this purpose. This encom-passes quality-of-service aspects as well as appropriate
services and the standard “point ”data model. It also touches
aspects of network architecture, integration through gate-ways and routers, and the topic of open systems.
1184 PROCEEDINGS OF THE IEEE, VOL. 93, NO. 6, JUNE 2005
Authorized licensed use limited to: Ryerson University Library. Downloaded on July 04,2025 at 06:23:02 UTC from IEEE Xplore.  Restrictions apply. 
A. Basic Characteristics
General demands on a building automation system
(whether in the traditional sense or as an integrated system)
were already discussed in Section II-C. These are immedi-
ately related to the requirements on data networks withinsuch a system, which are either instrumental in achievingthese objectives or will improve the price/performance ratio
in doing so.
Key criteria regarding the required quality-of-service
are throughput, timeliness, dependability and security. As
for necessary throughput , BA applications usually do not
generate high traf ﬁc load at the ﬁeld level due to the absence
of high-speed control loops. Also, event load from stochastic
sources (e.g., light switches) is low. Moreover, the spatial
locality of control relationships is high. Still, considerableamounts of traf ﬁc can accumulate when data have to be
collected in a central location from all over a large system.
Data, however, seldom need to be available with full spa-
tial and temporal resolution in real-time at a managementworkstation.
For example, it can be perfectly acceptable for the state of
a luminaire to be updated with the central monitoring appli-cation every two minutes. Proper response time to tenants ’
requests is ensured by the local unit controller. Supervisory
controllers can summarize the heating or cooling loads deter-mined by subordinate HV AC zone controllers for the purposeof calculating the necessary amount of primary energy con-
version, but still log the information in detail for future oper-
ator review. Nevertheless, as a general rule, management andautomation level functions are more demanding in terms ofnetwork throughput to provide acceptable speeds for larger
block data transfers like trend logs or DDC program ﬁles.
The previous example already hints at the fact that timeli-
ness is of different concern for the three layers. Actually, real-
time data is only exchanged on the ﬁeld and automation level.
Here, moderate requirements apply to all time constraints(periodicity, jitter, response time, freshness/promptness, time
coherence; cf. [12]). No special mechanisms (e.g., dynamic
scheduling) for handling these constraints are necessary. It issufﬁcient even for more demanding applications to be able
to state certain upper bounds on transmission delays.
Dependability (robustness, reliability, availability, safety)
translates into the ability of the network to detect transmis-
sion errors, recover from any such error or other equipment
failure and meet time constraints. Guaranteed performance(still with relaxed timing requirements) is only mandatory forlife-safety applications. Loss of control has no catastrophic
consequences otherwise. Still, a certain amount of fault tol-
erance is desirable on the ﬁeld and automation level in the
sense that a single failing unit should not bring down thewhole system. As long as these layers remain operational,
having management functions unavailable for some time is
usually acceptable.
The network should also provide appropriate noise immu-
nity (and not generate unacceptable levels of noise itself).Robustness in this respect is desirable especially at the ﬁeld
level, where cables are laid in the immediate vicinity of theTable 2
Selected Service Requirements and Related Mechanisms in
Industrial and Building Automation
mains wiring. Apart from this, the environment of BACS net-
works is not particularly noisy, especially in of ﬁce buildings.
Reviewing these requirements, peer-to-peer, event-driven
communication schemes appear well suited to BACS.Medium access control using deterministic Carrier Sense,
Multiple Access (CSMA) variants, possibly supporting
frame prioritization, will allow ef ﬁcient use of the “raw”
throughput capacity available as well as ful ﬁll timeliness
requirements for the lower levels.
This is different when compared to industrial automa-
tion, where high-speed control loops favor time-drivenmaster –slave approaches. Also, regarding fault tolerance,
the focus typically is on redundant design (if necessary)
rather than graceful degradation of functionality as systems
need every sensor, actuator or controller to be operational tofulﬁll their purpose.
Table 2 summarizes the main differences with respect to
functions involving real-time data. Management-level oper-
ations may use any “ofﬁce-type ”network.
For managing the large scale of BA systems, network
protocols need to support hierarchical subdivisions and
appropriate address spaces. Larger installations will run into
thousands of meters of network span as well as thousands ofnodes. Networks should also be able to transparently includewide-area connections, possibly dial-on-demand.
Historically, the level of communications security pro-
vided by the variety of proprietary, undocumented protocolsmostly proved to be appropriate for isolated building automa-tion systems. Nowadays security concerns are increasing
rapidly, however. In part, this is due to the fact that more
sensitive systems like access control and intrusion alarmsystems are being integrated. Moreover, of ﬁce networks are
used to transport automation system data and remote access
is standard on present-day systems (as will be discussed
in more detail below). Protection against denial-of-serviceattacks becomes more of an issue as buildings get moredependent on automation systems. In any case, the security
focus is on authentication. For example, it is usually not
a secret that a door was unlocked; however, only a trustedentity should be able to do so.
Securing connection points for remote access is of par-
ticular importance. Since they often allow access to man-
agement level functions, attacks on them will have a higherchance of global effect. BACS ﬁeld networks are exposed to
(inside) attack as well, especially when run through publicly
accessible spaces.
6Open media such as wireless and power-
line signaling further increase vulnerability, since access to
6The case of equipment being located on the premises of the adversary is
particularly relevant for the related ﬁeld of remote metering.
KASTNER et al. : COMMUNICATION SYSTEMS FOR BUILDING AUTOMATION AND CONTROL 1185
Authorized licensed use limited to: Ryerson University Library. Downloaded on July 04,2025 at 06:23:02 UTC from IEEE Xplore.  Restrictions apply. 
the medium can be gained in an unobtrusive manner. Further,
the shift to open systems reduces the knowledge barrier forintruders.
7
Considering cost, many sensors and actuators (e.g., light
switches or controllable breakers) are cheap. Providing themwith ﬁeldbus connectivity must not be inappropriately expen-
sive. Costs are also an issue in manpower involved. There-
fore, installation and con ﬁguration have to be as simple as
possible.
Wiring can be signi ﬁcantly simpli ﬁed when a network
supports free topology. One can think of free topology as
increasing the stub length in a bus topology until the bus
character disappears. The two bus terminators in a bustopology will be replaced by a single bus terminator for thefree topology network installed anywhere on the network.
Cables should also be easy to run through ducts. Supplying
power to the nodes over the network cable (also known as
link power ) both saves additional power wires and allows
compact, inexpensive power supplies. For inaccessible or
hazardous areas or special aesthetical requirements, wireless
technologies are deployed. Wireless access is also inter-esting for management functions like log ﬁle access for
service technicians or presenting user interfaces to tenants
on their personal mobile devices. Retro ﬁt applications will
also pro ﬁt from the ability to use power-line communication.
B. Application Model and Services
In the distributed system constituted by a building automa-
tion and control application, a number of nodes (sensors,actuators and controllers) are connected over a network andcommunicate through a certain protocol. The data trans-
ported are values from the sensors, which are processed
and sent to the actuators (horizontal communication). Inaddition some nodes also send data directly to actuators(e.g., a manual override or set point change from an operator
workstation), or only consume data from sensors (e.g., for
trend logging; vertical communication).
To the application developer the network represents itself
as a set of elementary data elements, called data points (or
simply points ). These data points are the logical representa-
tion of the underlying physical process, which control net-work nodes drive or measure. Each node can be associatedwith one or more data points. In the logical view each data
point represents a single datum of the application. It can cor-
respond to an aspect of the real world (such as a certain roomtemperature or the state of a switch) or be of more abstractnature (e.g., a temperature set point).
The data points are connected through a directed graph,
distinguishing output points and input points. The applica-tion is de ﬁned by this graph and a set of processing rules
describing the interactions caused by the change of a point
value. The logical links which this graph de ﬁnes can be en-
tirely different from the physical connections between thenodes.
The main characteristic of a data point is its present value.
How the digital value is represented is determined by the
7See also the related discussion on standard protocols in Section III-C.basic point type, such as integer, ﬂoating point, Boolean or
enumeration types. To further qualify their value, data pointsare associated with additional meta data (attributes), which
are important in the context of the control application.
A unit attribute adds a semantic meaning to the present
value by describing the engineering unit of the value. Thisattribute is often implied by a certain complex point type de-
ﬁned for a speci ﬁc application, such as “Temperature. ”These
type attributes are often used to ensure compatible connec-tions between data points.
A precision attribute speci ﬁes the smallest increment
that can be represented. Attributes such as minimum value,maximum value, and resolution may describe the observablevalue range of the data point more precisely. The resolution
can be the actual resolution of the physical sensor and may
be less than the precision.
A key attribute is the location of a point, which is
often correlated to a name. Building planners may de-
sign the point name space according to geographicalaspects, such as building, ﬂoor or room and/or according
to functional domain aspects, such as air conditioning or
heating. The name space hierarchy need not correspond
with the network topology (although it often does, espe-cially with a geographic hierarchy). An example pattern isFacility/System/Point, e.g., “Depot/Chiller1/FlowTempera-
ture.”
Often, alarm indicator attributes are used. By presetting
certain bounds on a data point value the data point can switchfrom normal mode to alarm mode, e.g., when a temperature
limit has been exceeded. This attribute can be persistent so
that it can be used to detect alarms also after the value hasreturned to be in bounds again.
An additional, important concept for data points are point
priorities. In building automation applications it is commonthat multiple output points are associated with a single inputpoint. If the output point values are in con ﬂict with each other
the more prioritized one succeeds, e.g., a window contact
overrides the air-conditioning thermostat.
Typically, points in the data point graph can be logically
grouped to describe speci ﬁc functions of the system. Such
groups forming a coherent subset of the entire application(both data points and the processing rules that belong tothem) are referred to as functional blocks . While these
proﬁles do not in ﬂuence the graph as such they allow a
functional breakdown of the system and aid in the planningand design process by giving the planner a set of buildingblocks for the distributed application. Functional blocks can
also be grouped to form larger functional blocks.
This concept is illustrated in Fig. 3. The vertices in the
graph represent the data points, the thin-line edges network
connections and the bold edges processing data ﬂow con-
nections in a ﬁeld unit. By grouping certain points by their
functional relation, the functional blocks FB1 and FB2 areformed. These may or may not coincide with actual physical
nodes. At higher levels of abstraction the application engi-
neer may work with aggregates of functional blocks. The ag-gregate behaves like its own functional entity with the bold
1186 PROCEEDINGS OF THE IEEE, VOL. 93, NO. 6, JUNE 2005
Authorized licensed use limited to: Ryerson University Library. Downloaded on July 04,2025 at 06:23:02 UTC from IEEE Xplore.  Restrictions apply. 
Fig. 3. An example for a data point graph using different
functional blocks and aggregation.
vertices being the interfacing data points. Using this tech-
nique planners can construct templates of complex function-ality and instantiate them multiple times without repeated
engineering effort.
This high-level view, which is an accepted standard for
BA applications, should be re ﬂected by the data model and
services of the network protocol. Data points then serve as
the external interface for accessing device functionality. Es-tablishing the communication links for horizontal commu-nication to build the application graph at installation time is
known as binding .
Since the time characteristics of horizontal traf ﬁc are
known at the design stage, the application can be subjectedtoa priori performance analysis. [13] discusses how to
quantify the amount of such identi ﬁed data in building
automation applications.
As one output data point will often be bound to multiple
input data points, horizontal communication bene ﬁts from
protocol support for multicast relationships. Such supportalso may facilitate obtaining set coherence (which, for ex-ample, can be of interest when switching groups of lumi-
naires). Since the multicast destination groups will be static
as well, labeling them with logical identi ﬁers can simplify
addressing. This also enables a publisher –subscriber style of
communication where producers and consumers of informa-
tion need not be aware of each other.
Generally, producer –consumer relationships seem most
suitable for horizontal communication. For the node appli-cation programmer, a shared-variable model is particularly
convenient. On every change of a specially designated vari-
able (possibly holding the present value of an output datapoint), the nodes ’system software will automatically initiate
the necessary message exchange to propagate the updated
value to the appropriate receivers.
When bindings can be de ﬁned without changing the node
application, the latter can be created independent of its par-
ticular use in the overall system. This is especially useful
for smart ﬁeld devices. Unlike DDC stations, their program-
ming is more or less ﬁxed due to resource limitations. Stan-
dardization of the functional blocks they represent ( “deviceTable 3
Horizontal Versus Vertical Communication
proﬁles”) is instrumental for enabling interworking between
such nodes.
Vertical communication can be divided into services
related to accessing and modifying data from within the
application, for example adjusting a set point or retrievingtrend logs (frequently referred to as management communi-
cation ), and others concerned with modifying the application
itself, for example changing binding information or program
transfer ( engineering communication ).
While horizontal communication only involves the ex-
change of present values (or alarm indicators) since a
consistent interpretation of their semantics by all com-munication partners was ensured at setup time, for bothmanagement and engineering tasks access to the meta data
(descriptive names, units, limits,
) pertaining to a data
point is relevant as well.
Vertical communication typically relates to information
stored within a single node, which suggests unicast as the
prevalent mode of communication. Engineering communica-
tion is supported by the availability of reliable point-to-pointconnections. Still, broadcasts are needed to support functionslike device or service discovery and clock synchronization.
Vertical communication is initiated on-demand, i.e., the
communication targets are chosen ad hoc . Related services
therefore most often follow a client-server model. Table 3compares the different properties of horizontal and vertical
communication.
Data points which need continuous monitoring can be
polled cyclically. Additionally, more elaborate protocolsprovide an event-based mode of communication. In such
a model, services exist for clients to subscribe to (and
unsubscribe from) change-of-value (COV) noti ﬁcations,
which are generated when selected point values change bya speci ﬁed amount. Alternatively, noti ﬁcations may only
be generated when the value exceeds or falls below certain
limits (coming/going alarms).
For engineering tasks, it is desirable that services are pro-
vided which allow devices present on the network to be dis-
covered automatically. They should also be able to provide
descriptive information pertaining to the data points (andpossibly functional blocks) they provide. Con ﬁguration in-
formation (e.g., binding information or the device location)
should be retrievable as well to minimize dependence on ex-
ternal, possibly inaccurate databases.
In addition to the manual con ﬁguration of bindings,
system concepts may include support for devices to provide
self-binding capability. Usually, the system integrator is
responsible that the processing rules associated with datapoints bound to each other yield a sensible combination.Automatic binding schemes may use standardized identi ﬁers
KASTNER et al. : COMMUNICATION SYSTEMS FOR BUILDING AUTOMATION AND CONTROL 1187
Authorized licensed use limited to: Ryerson University Library. Downloaded on July 04,2025 at 06:23:02 UTC from IEEE Xplore.  Restrictions apply. 
for particular functional blocks to replace this knowledge.
This necessarily reduces ﬂexibility as it requires a stringent
high-level application model. As an aside, such self-binding
capabilities are a prime example of “vertical ”communi-
cation between devices of the same stratum, illustratingthat the three-level model can be considered a functionalclassi ﬁcation only.
C. Network Architecture
Although the three-level model from Fig. 2 suggests
a matching three-level hierarchical network architecture,
strictly implementing this concept is not appropriate in
many cases. It was already discussed that devices implementa mix of appropriate functionality from all three levels.Network architectures have to cater to this mix of services
and appropriate requirements.
In particular, intelligent ﬁeld devices incorporating
controller functionality render the notion of a separateautomation network absurd. A strictly three-tier network
would also unnecessarily complicate sharing devices (like
sensors in particular) between functional domains.
Still, cost-ef ﬁcient device networking technologies cannot
accommodate the throughput requirements created by log ﬁle
transfers or central real-time monitoring of numerous event
sources. Therefore, a two-tier architecture has become pop-ular where local control networks are interconnected by a
high-performance network backbone .
A typical building network infrastructure consists of in-
dependent control networks on every ﬂoor, which connect
sensors and actuators at the room level. Control networkingtechnologies are geared toward cost-ef ﬁcient implementation
ofﬁeld-level and automation level tasks where throughput is
less an issue than timeliness.
These networks are connected through a backbone channel
for central monitoring and control, remote maintenance and
diagnostics, which may also span building complexes. Plant
networks may use a separate controller network, althoughDDC stations will often connect to the backbone directly.
While BACS traditionally use dedicated transmission
media, most modern buildings are also equipped with
structured cabling for of ﬁce data networking throughout the
building. The IT infrastructure has become an integral part inmodern buildings. The attempt to leverage this infrastructure
for automation purposes is a natural consequence.
Since management level services do not impose any time-
liness constraints worth mentioning, of ﬁce networks will al-
ways be able to assume functions of this level.
8Given the
fact that BA applications are not exceedingly demanding in
terms of timeliness and reliability, IT technology is also in aposition to handle automation level services. Extending theuniﬁcation process to the ﬁeld level is still a theoretical pos-
sibility though, as cost ef ﬁciency, robustness and ease of in-
stallation can not yet match dedicated solutions.
It should be noted that adopting “ofﬁce-standard ”tech-
nologies need not necessarily mean having of ﬁce and
8This is actually part of the design of the automation pyramid.automation traf ﬁc use the same wires. Adopting IT net-
works for control purposes is actually a three-fold decision.First, one can employ IT technology at the physical and
data link layer only, running custom protocols above. In
this case, mainly questions of design performance have tobe considered. Second, one can choose to adopt standardofﬁce networking protocols. This facilitates integration,
but already has security implications, as standard protocols
and especially their off-the-shelf implementations provide abroader area for attack; the ability to make use of approvedand tested security measures is generally considered to offset
this disadvantage.
9Third, control and IT communications
can be actually run over the same network. This makes an in-tegrated assessment of network quality of service necessary.They may or may not use the same upper-layer protocols
in this case, although adopting standard IT practice will
certainly make administration easier.
Today, “IT network ”has effectively become a synonym
for“IP network. ”Making use of the associated standard
application-related protocols as well holds considerable
potential for building integrated systems, including greatlyfacilitating remote connections via the Internet [14].
Although IP networks cannot ful ﬁll the quality of ser-
vice requirements of more demanding control applications
yet, since delay cannot be fully controlled (cf. [15] for acomprehensive discussion), they are de ﬁnitely suitable (and
also applied in practice) for use as a backbone network
in building automation systems. Still, individual control
networks should depend on the backbone just as little as unitcontrollers should on a central station. To provide additionalreliability (for example, for safety-related functions), an
additional control backbone (possibly using a ﬁber optic
ring network) may be installed in parallel to the commonofﬁce network backbone.
D. Network Interconnection
Building automation systems may span a variety of
different networks, which again may or may not share acommon notion of their distributed application (i.e., re-
source models, services, and namespaces). Discontinuities
especially occur when integrating special-purpose systems,no matter whether centralized or distributed.
In the general case, gateways are needed to handle the in-
terconnection. Gateways effectively need to maintain a data-
base of mappings between network entities on either side.This translation does not only introduce considerable engi-neering effort, but also has to be provided with a multitude of
application-related parameters to ﬁll the gaps which will nec-
essarily occur in mapping protocol constructs between bothsides. Also, it uses considerable processing power.
Therefore, gateway functionality is usually integrated
in nodes which are designed to perform customizable pro-
cessing anyway. Traditionally, this applies to controllersand server stations (which therefore also handle networktransitions in the classic three-tier model).
9Still, some of these measures (like continuous software updates) do not
translate well into the automation domain.
1188 PROCEEDINGS OF THE IEEE, VOL. 93, NO. 6, JUNE 2005
Authorized licensed use limited to: Ryerson University Library. Downloaded on July 04,2025 at 06:23:02 UTC from IEEE Xplore.  Restrictions apply. 
Fig. 4. System with control network islands and horizontal proxy nodes/gateways.
In the two-tier model, gateways are in an ideal position to
assume additional tasks as well. At the intersection of controlnetwork and backbone, they can for example perform trend
logging, thus freeing the backbone network from real-time
concerns and taking load off the control network. They couldalso perform logic control. Dynamic application frameworkssuch as OSGi [16] allow providing gateways with the neces-
sary ﬂexibility.
With the gateway approach, control applications on every
network use their native protocols to communicate with eachother, with the gateway establishing the semantic connection.
No half needs to deal with any protocol speci ﬁcs of the other
half. All the intricacies of the speci ﬁc protocol can be ab-
stracted and hidden behind the gateway.
This approach is desirable when applications need to be
working across the boundaries of different control network
systems and can operate with the common denominator ofthe present services. In building automation, gateways typ-ically operate on the abstraction level of data points, which
represent the common denominator regarding the application
model thanks to the real-world orientation of their concept.This is especially the case for data point connectivity duringregular operation. The gateway functions needed for this type
of integration are limited to a small set of services, such as
read value, write value and change-of-value subscription.
Gateways can directly translate between two control net-
works, providing horizontal connections from data points in
one system to data points in another system as depicted inFig. 4. This is especially appropriate for decentralized con-trol tasks. As an example, consider a lighting system using
control network A using information from presence detec-
tors connected to the HV AC system using control networkB. This is, however, a less commonly used technique.
More frequently, both control networks use gateways for
vertical connection to a third, common standard. This may
be the backbone network or also a software platform on amanagement server. This is more frequently done, since ac-cepted common standards for integration exist. Thus, dif-
Fig. 5. System with control network islands and a common
backbone.
ferent control networks only need to provide one mapping to
the common standard each instead of multiples to each otherto achieve integration. Fig. 5 illustrates this concept.
A key limitation of the gateway approach is that map-
ping all intricacies of a protocol is extremely hard (and thusoften a theoretical possibility only). While the data point ab-straction will serve as the common denominator for the ex-
change of process-related data, most engineering services
are impossible to translate because these services are usu-ally highly technology-speci ﬁc. Actually, they typically al-
ready require the communication partners on both ends to
know the protocol in full detail. The only problem which
remains is that the intermediate network does not supportthose services natively. A bene ﬁcial approach in this case is
to transfer all protocol layers of the control network over the
intermediate (backbone) network. The intermediate network
basically functions as a transmission medium for the controlnetwork protocol. This method is known as the tunneling of a
control network protocol over an intermediate network (e.g.,
KASTNER et al. : COMMUNICATION SYSTEMS FOR BUILDING AUTOMATION AND CONTROL 1189
Authorized licensed use limited to: Ryerson University Library. Downloaded on July 04,2025 at 06:23:02 UTC from IEEE Xplore.  Restrictions apply. 
Fig. 6. System with tunneling routers.
an IP backbone). The devices at the boundaries of the inter-
mediate network, which build the ends of the tunnel between
two or more control network segments, are called tunneling
routers .
The main advantage of the tunneling approach is the
transparent connection of control nodes over IP networks.
This is especially convenient for two purposes. First, sep-arate control network segments may be connected over ahigher performance backbone network. Second, for remote
administration, a system ’s native tools can be run on a node
on the host network to manage (e.g., commission, monitor,control, visualize) the control network. The software inthis case is speci ﬁcally written for a given control network
protocol. In this case, the host network node usually imple-
ments the tunneling router functionality itself. Fig. 6 depictsa system with tunneling routers and IP-based control nodes.
Technically, the tunneling approach principally has
to overcome the problem that packets on an arbitrary
packet-switched network may be reordered, delayed, du-plicated, or dropped. A number of techniques have beenstandardized to address these problems for all ﬁeld network
protocols of relevance in building automation.
With the tunneling approach, control network segments
are not decoupled. They have to be considered as a wholeboth for troubleshooting and functionality assessment. When
gateways are used, the coupled systems stay independent.
They can be commissioned (and, if necessary, repaired)separately. As an important side note, this independence issometimes a desirable property (cf. the discussion regarding
“loose coupling ”in Section II-B). Therefore, even connec-
tions between systems with identical network stacks may beestablished on the application layer in certain cases by proxy
nodes . A proxy node is also included in Fig. 4.
Gateways and tunneling routers are no panacea, how-
ever. For high-level integration, the common semantics ofdata points suf ﬁce for integration. Intelligent buildings and
reaping the bene ﬁts of sensor synergy, however, demanddeeper integration on the device level. Obviously, it is not
feasible to integrate complex gateway functionality into
every device.
Also, customers want to mix and match components from
different vendors to build best-of-breed systems and realize
hitherto unattained levels of functionality. Escaping vendorlock-in is especially signi ﬁcant given the fact that BACS have
high life expectancy and need to be capable of continued evo-
lution. Not being bound to one original vendor can signi ﬁ-
cantly lower the total cost of ownership.
To achieve this, all aspects of interfacing with a system
have to be open . Very different notions exist concerning the
meaning of the word “open. ”For the purposes of this discus-
sion, a system technology is considered open if its full spec-
iﬁcations are made available to the general public and can be
implemented at nondiscriminatory conditions. Such systemscan be repaired, modi ﬁed, and extended by everyone with the
necessary basic quali ﬁcations without having to rely on the
original manufacturer. Unlike gateways, which need only ex-
pose data points de ﬁned at contract time, open systems are
indeed future-proof. Besides the speci ﬁcation of the network
stack with its protocols and services, data point attributes
and functional pro ﬁles have a key role in the speci ﬁcation of
open systems whose parts will interwork and interoperate,respectively.
The effort to engineer an open system is still considerable,
since many parameters still have to be aligned to achieveinteroperability. “Open ”does not mean “plug and play ”;i t
merely ensures that interoperability can be achieved without
further involving equipment manufacturers. To the end user,a system must always appear homogeneous, no matter howcomplex the interplay of its components may be.
Therefore, the bene ﬁts of open systems are not free. The
reduction in lifecycle cost thanks to the ﬂexibility gained,
however, is generally considered to offset the initial addi-tional hardware and engineering cost.
1190 PROCEEDINGS OF THE IEEE, VOL. 93, NO. 6, JUNE 2005
Authorized licensed use limited to: Ryerson University Library. Downloaded on July 04,2025 at 06:23:02 UTC from IEEE Xplore.  Restrictions apply. 
IV. S TANDARDS OVERVIEW
Theﬁeld of building automation has been dominated by
a plethora of proprietary solutions for a long time. Its mod-
erate performance requirements still encourage ad hoc ap-
proaches. Yet pushed by market demand for open systems,even market leaders are gradually abandoning proprietary de-signs.
Ofﬁcial standards bodies ensure that the standards they
maintain and publish ful ﬁll the conditions of open systems
as outlined, i.e., nondiscriminatory access to speci ﬁcation
and licensing. Hence, adherence of equipment to such
formal standards is required in an increasing number of
tenders. Standards directly related to building automationsystem technology are created in the United States
10and in
a number of European and international standards bodies.
ISO TC 20511(Building Environment Design) is pub-
lishing a series of international standards under the generaltitle of Building Automation and Control Systems (BACS).The series includes a generic system model describing
hardware [3], functions, applications and project speci ﬁ-
cation/implementation of a BACS (the latter parts still toappear). It also contains the BACnet standard [17] discussedin the following section.
CEN
12TC 247 (Building Automation, Controls, and
Building Management) is responsible for paving the wayin European BA protocol standardization through cumu-lative prestandards of industry-standard protocols for the
automation and ﬁeld level [18], [19] which also included
a collection of standardized object types for the ﬁeld level
[20]. TC 247 also made signi ﬁcant contributions to [3].
CENELEC
13TC 205 (Home and Building Electronic Sys-
tems, HBES) oversees the EN 50090 series, a standard for
all aspects of HBES tightly coupled to KNX (which will alsobe presented in the following section). Its scope is the inte-gration of a wide spectrum of control applications and the
control and management aspects of other applications in and
around homes and buildings, including the gateways to dif-ferent transmission media and public networks.
14Moreover
it takes into account all matters of EMC and electrical and
functional safety.
ISO/IEC JTC1 SC25 WG115(Information Technology,
Home Electronic System) focuses on the standardization ofcontrol communication within homes. Its work speci ﬁcally
includes residential gateways between the internal Home
Electronic System network and external wide-area networkssuch as the Internet. Despite its focus on the home environ-ment, the work of WG1 may be relevant since it also looks
10Although the following paragraphs will not cover U.S. standards devel-
oping bodies in detail, they will be referenced as their respective standards
are discussed.
11International Standards Organization, Technical Committee 205
12Comit éEurop éen de Normalization, European Committee for Standard-
ization.
13Comit éEurop éen de Normalization Electrotechnique, European Com-
mittee for Electrotechnical Standardization.
14Not every aspect of this comprehensive scope is covered by published
standards yet.
15ISO/International Electrotechnical Commission Joint Technical Com-
mittee 1, Subcommittee 25, Working Group 1.at similar management functions in commercial buildings.
This especially concerns [21] for ﬁeld-level functionality.
A number of standards —closed and open company stan-
dards as well as formal ones —further contribute to the
overall picture by providing important directions for BACSsubsystems. These will be covered in the remainder of thissection.
A. Subsystem Solutions
On the management level, IT standards prevail for con-
nectivity, as was already discussed. Application level issueswill be covered in the next subsection. On the automationlevel, EIA-485 is very popular, with many (proprietary) pro-
tocol variants on top. The most notable example which also
provides a certain degree of openness is Johnson ControlsMetasys N2.
Fieldbuses which are well-established in factory and
process automation (like Interbus, CAN-based protocolsas Devicenet or CANOpen, and Pro ﬁbus DP
16) are largely
irrelevant in BA, except for occasional use in “plant room
network ”controller-to-controller communication (specif-
ically including variable frequency drives for fans andpumps).
Although never formally standardized, Modbus can de ﬁ-
nitely be regarded as an open protocol. This protocol was de-
signed in the late 1970s and is currently supported by mostprogrammable logic controllers (PLCs) in some form. Im-plementation of the Modbus protocol is license-free, which
makes it especially interesting for integration and interfacing
between BAS and other systems. It still is supported to someextent by numerous BA controllers, especially for the pur-pose of HV AC controller-to-controller-communication (e.g.,
with chillers). Moreover, Modbus is also present in devices
belonging to other building disciplines, like electricity me-ters or ﬁre alarm systems.
The Modbus application layer is basically con ﬁned to
reading and writing of register values using a simple re-
quest/response protocol. This yields a very ﬂexible/versatile
application layer, but causes high engineering effort, sinceeven the format of primitive data types has to be coor-
dinated. Modbus supports serial communication using a
simple master –slave protocol over EIA-485. A total of 247
different slaves can be addressed. The typical data rate is19.200 b/s.
17A mode of transmission over TCP/IP is also
deﬁned, in which every node can be both client and server.
At the ﬁeld level, wireless technologies hold great
promises for reducing the effort spent on sensor cabling andinstallation. Yet to realize this bene ﬁt, nodes have to run on
batteries for months, or even better years. Control applica-
tions in BA do not require high bandwidth, but still demandreasonably low latency. Support for large device arrays is an
16A Pro ﬁbus FMS pro ﬁle for building automation existed (albeit never as
a formal standard), but shared the fate of FMS in that it is no longer relevant
in practice today for new installations.
17It is acknowledged that coding and protocol design have considerable
impact on the effective data rate of a communication system. Due to lack ofspace, these details cannot be covered suf ﬁciently here. The bits per second
ﬁgures are quoted to allow a rough estimate. For LonWorks and EIB/KNX,
[22] provides a comparative discussion.
KASTNER et al. : COMMUNICATION SYSTEMS FOR BUILDING AUTOMATION AND CONTROL 1191
Authorized licensed use limited to: Ryerson University Library. Downloaded on July 04,2025 at 06:23:02 UTC from IEEE Xplore.  Restrictions apply. 
added bene ﬁt. Popular of ﬁce wireless standards like IEEE
802.11 are obviously not optimized for these requirements.Even Bluetooth is designed for being embedded in devices
which consume more power. Therefore, these technologies
are better suited to management-level functions.
IEEE 802.15.4 de ﬁnes physical and medium access layers
for low-rate wireless personal area networks. It contains
methods to provide (cumulatively) long periods of deep
sleep, which are necessary to save power (making use ofthe quick transitions between sleep mode and active statepossible with current silicon). A coordinator periodically can
transmit beacon frames, which among other things are used
to synchronize attached devices. Devices which expect data(periodically, at an application-de ﬁned rate, e.g., sensors)
can wake up only for the beacon frame, which indicates
whether data is actually available for them. Devices which
only intermittently have data to transmit (at an applica-tion/external stimulus de ﬁned rate, e.g., light switches) can
wake up, synchronize with the beacon, transmit and go to
sleep again. Small packets and CSMA ensure that nodes
only transmit when necessary.
The Zigbee alliance [23] adds additional layers (whose
speci ﬁcation is not openly available) to IEEE 802.15.4.
They provide network layer functionality with additional
security including AES (Advanced Encryption Standard)and routing functionality for extending the typical 50 mrange of a “segment ”by supporting mesh topologies for
dynamic creation, consolidation and splits. Zigbee also adds
an application support layer with discovery and bindingplus “application objects ”(functional blocks), which cur-
rently cover building automation, plant control and home
control applications. Latencies of 15 ms from sleep to actual
transmit are achieved and a signi ﬁcantly smaller and less re-
source-consuming stack than with Bluetooth are advertised.
As for standards covering speci ﬁc building service do-
mains only, Digital Addressable Lighting Interface (DALI)
is an IEC standard and widely accepted for lighting applica-tions. Its primary focus is on replacing the traditional 0 –10 V
interface for dimmable electronic ballasts. A DALI loop can
contain up to 64 individually addressable devices. Addition-
ally, each device can be a member of 16 possible groups. De-vices can store lighting levels for power-on, system failureand 16 scene values, plus fading times. There are also imme-
diate commands (without store functionality) and commands
for information recall (like lamp status). Loops can be up to300 m long, with free topology. The data rate is 2400 b/susing a master –slave based protocol.
DALI also accommodates operation buttons, light and
presence detectors. Addresses and all other settings areassigned over the bus. The necessary functionality can beprovided by hand-held programming devices, gateways, or
wall-box controllers which add it to their operation button
functionality.
Finally, for remote meter reading, M-Bus [24] has gained a
certain degree of importance in Europe. Its application layer
supports various metering applications and includes support
for advanced functionality like multiple tariffs. It operates onlow-cost twisted pair cabling, with the data link layer basedon the IEC 870-5-1/-5-2 standard for telecontrol transmission
protocols. A serial master –slave protocol with data rates be-
tween 300 and 9600 b/s is used. A segment can contain up to
250 devices and cover a maximum distance of 1000 m (mul-
tiple segments are possible). In the master-to-slave direction,data is transmitted using voltage modulation, while in the re-verse direction, current modulation signaling is used.
B. Open Management Integration
At the management level, of ﬁce network and automation
standards prevail. Mapping BA functionality and systemstates to protocols and representation formats used in the
IP-dominated IT networks is of particular interest.
A variety of Web servers for BACS visualization and con-
trol are available. For user interfaces, HTML/Java Applet
user interfaces are especially convenient in of ﬁce environ-
ments when light walls are used, recon ﬁguration is frequent
and room control is desired as they eliminate the need forroom controllers. [25] details how rights management on a
per-workstation basis (for functions with local scope) as well
as on a per-user basis for administrative-level functions canbe implemented.
Protocols like HTML are designed for operator-machine
communication, not for transmitting information from onemachine to another. For integration of BACS with otherenterprise computing applications such as, for example,
facility scheduling, maintenance management, and energy
accounting, a suitable data model and corresponding ser-vices are needed.
For manipulating single control variables over a gateway
the use of the Simple Network Management Protocol(SNMP) proved to be a practical approach [26]. In this case,the control variables are mapped to management information
base (MIB) variables that can be accessed over the Internet
via SNMP. While this method illustrates the gateway con-cept, it has less practical relevance in building automation.
Today, it is common practice to model data structures as
objects, including those in the control domain. Several stan-dards for distributed object-oriented systems are commonly
used in the Internet and thus are candidates for usage in ap-
plication layer gateways. Object access protocols over IP net-works are provided by the Common Object Request BrokerArchitecture (CORBA), the Java Remote Method Invocation
(RMI) interface, the Microsoft Distributed Component Ob-
ject Model (DCOM), or the Simple Object Access Protocol(SOAP) using XML notation [27], [28]. All these technolo-gies are found in proprietary gateway solutions, for example
[29]–[31].
One of the ﬁrst open standards for accessing process data
using an object-oriented approach which found broader ac-
ceptance by different vendors is open process control (OPC)
[32]. OPC, which is based on DCOM, is also widely usedin building automation. The OPC gateway acts as a serverproviding data from the control network to the client. The
namespace is organized as a tree. Services implemented are
not limited to data access and exchange, but also includealarms and events and historical data access. A number of
1192 PROCEEDINGS OF THE IEEE, VOL. 93, NO. 6, JUNE 2005
Authorized licensed use limited to: Ryerson University Library. Downloaded on July 04,2025 at 06:23:02 UTC from IEEE Xplore.  Restrictions apply. 
PC-based OPC servers and clients (e.g., visualization tools)
for BAS are available.
The main disadvantage of plain OPC is its tight relation
to Windows-based systems. Because of this platform-depen-
dence a new trend of standardization focuses on SOAP/XML
to access the data objects in the building. In the recent pasta number of initiatives are producing platform-independentgateway standards based on XML/SOAP.
For the OPC data access services the OPC XML/DA stan-
dard enables the access of data on an OPC server through webservices. Two upcoming standards designed speci ﬁcally for
the building automation domain are of particular interest and
ﬁnd support by important manufacturers in the area: oBIX
[33] and BACnet/WS (covered in the following section).
V. O
PENSYSTEM SOLUTIONS
BACnet, LonWorks and EIB/KNX are open systems
claiming the ability to cover BA applications in their en-tirety. They all have achieved considerable signi ﬁcance in
the worldwide market (in case of BACnet and LonWorks)
or in the European market (in the case of EIB/KNX) and are
often chosen by both customers and system integrators forcomplete system solutions.
This section introduces the following aspects of these
systems: standardization and certi ﬁcation; physical charac-
teristics including supported media and network topologies;communication paradigms; application data model; andservices. In addition, standard hardware components and
commissioning tools are discussed where appropriate.
A. BACnet
The Building Automation and Control Networking Pro-
tocol (BACnet) [1], [34] was developed speci ﬁcally to ad-
dress the needs of building automation and control systemsof all sizes and types. Capabilities vital to BA applications
were built into BACnet from the beginning in order to en-
sure the highest possible level of interoperability in an en-vironment possibly involving multiple vendors and multipletypes of building systems.
The development of BACnet began in 1987, when an
American Society of Heating, Refrigerating and Air-Condi-
tioning Engineers (ASHRAE) project committee could notﬁnd an existing protocol that satisfactorily met all of the
criteria the committee members had in mind for a suitable
standard communication protocol for building automation
applications.
The development effort was ﬁnally completed in 1995,
when BACnet was ﬁrst published as an ANSI/ASHRAE
standard. In 2003 BACnet was adopted as both a CEN and
ISO standard [17] and has been, or will be, adopted as anational standard by the 28 member countries of the EUpursuant to CEN regulations. It has also been adopted as
a national standard by Korea and is presently under active
consideration in many other countries including Russia,China and Japan. The current version is [35].
The BACnet speci ﬁcation is under continuous main-
tenance and further development. It is maintained byASHRAE Standing Standard Project Committee (SSPC)
135 [36]. SSPC members represent all sectors of the industry.Additionally, participation in the development process is
completely open. Any interested parties are actively encour-
aged to provide comments and suggested changes.
Based on surveys conducted in the United States, Europe,
and Japan in 2003, there are now more than 28 000 installa-
tions in 82 countries and on all continents. The use of BACnetis free of any licenses or fees.
“BACnet Interest Groups ”(BIGs) exist in Europe
(BIG-EU), North America (BIG-NA), AustralAsia(BIG-AA) and the Middle East (BIG-ME). AdditionalBIGs are in various stages of development in China, Japan,
Russia and Sweden. The Swedish group may expand to
include the other Scandinavian countries. Each BIG hasits own unique character: while the majority of BIG-EUmembers represent corporations, for example, almost all
members of BIG-NA come from colleges and universities.
In the United States, BACnet manufacturers have formed theBACnet Manufacturers Association (BMA) which, in turn,operates the BACnet Testing Laboratories (BTL). All these
organizations are, to varying degrees, active in promotional
activities, educational programs, the exchange of practicalﬁeld experiences, interoperability issues, testing and certi ﬁ-
cation and, last but not least, standards development.
While BACnet messages can, in principle, be conveyed
over any network, a small number of network types werestandardized for BACnet ’s use in order to maximize the
probability that any two devices of comparable function-
ality would use the same type. The network types chosencover a range of speed and throughput. They are Ethernet,ARCNET, Master –Slave/Token-Passing (MS/TP), LonTalk,
and Point-to-Point (PTP). Each local area network type,
except MS/TP and PTP, is a standard, off-the-shelf tech-nology. MS/TP addresses connectivity over twisted pairsusing EIA-485 signaling while PTP supports dial-up com-
munications and other point-to-point applications using
EIA-232 and, possibly, modems or other data communica-tion equipment. Note that the use of the LonTalk protocolis limited to transporting BACnet-speci ﬁc messages. In
particular, BACnet does not make use of the LON standard
network variable type (SNVT) concept. An analysis ofMS/TP performance is provided in [37]. [38] discusses thedetermination of the optimum packet length and buffer sizes
for BACnet on Ethernet.
The desire to be able to make use of the Internet Protocol
(IP) was recognized early on and in 1999 “BACnet/IP ”was
ﬁnalized. The protocol stack was extended with a “BACnet
Virtual Link Layer ”(BVLL) which allows underlying pro-
tocols, such as the User Datagram Protocol over IP, to be
used as if they were in themselves a datalink layer. Thus, IP
networks are now natively supported by the existing BACnetnetwork layer which allows BACnet devices to communicateusing IP directly, rather than via tunneling routers, as had
been speci ﬁed in the original standard. The MS/TP EIA-485
medium provides a low-cost, well-established means forcommunication up to 78.4 kb/s and is useful with traf ﬁc
loads such as would typically be experienced with unitary
KASTNER et al. : COMMUNICATION SYSTEMS FOR BUILDING AUTOMATION AND CONTROL 1193
Authorized licensed use limited to: Ryerson University Library. Downloaded on July 04,2025 at 06:23:02 UTC from IEEE Xplore.  Restrictions apply. 
or application speci ﬁc controllers. BACnet/IP and BACnet
over Ethernet are more suited to communications involvinghigher data volumes. ARCNET is also widely employed for
controller-to-controller communication in the United States
and Asia due to the advent of the low-cost and relativelyhigh-speed (156 kb/s) twisted pair version. PTP is stilloccasionally used but has been largely superseded by the
Internet, at least for workstation traf ﬁc. Only two companies
are known to have offered BACnet over LonTalk simplybecause more cost-effective alternatives, such as twisted pairMS/TP or ARCNET, are readily available. As for wireless
communications, a transparent bridging solution based on
IEEE 802.11 has been recently presented [39] while BACnetover wireless Ethernet has been around for years, provenlargely at trade show exhibitions.
The base element in the BACnet network topology is the
segment . Segments are physical runs of cable, which can
be coupled using repeaters and bridges to form a network .
BACnet networks (of possibly different media types) are con-
nected by routers to form a BACnet internetwork . Only one
path may exist between any two devices on an internetwork.BACnet also provides support for intermittent connections(like PTP) managed by half-routers.
A BACnet network address consists of a 2-byte BACnet
network number and a local address of up to 255 bytes. Thelocal address is speci ﬁc to the link layer medium, e.g., an
IP address for BACnet/IP or a MAC address for LANs. The
BACnet routers which connect the individual networks route
packets based on the network numbers. These routers are re-quired to be self-learning. Provided with the network num-bers for each of their ports, they are able to learn the topology
by using appropriate router network management services,
such as Who-Is-Router-To-Network.
BACnet represents the functionality of a BACS as a set
ofobjects . Each BACnet object is a collection of data el-
ements, all of which relate to a particular function. These
objects correspond to the data points of the control applica-tion. The individual data elements are called the properties
of the object. For example, an analog input object that re-
ports room temperature will ﬁrst of all have a “present-value ”
property (which is associated with the actual space tempera-ture read from the physical input). Other properties describethe sensor, minimum and maximum values of the input, res-
olution and engineering units of the value, and indicate the
reliability status of the sensor. The de ﬁnition of each object
type indicates via a “conformance code ”whether a given
property is required or optional, read-only, or required to be
writable.
BACnet presently de ﬁnes 25 different object types. They
include simple object types such as binary input and output,analog input and output, multistate inputs and outputs, as
well as a number of more complex (yet still generic) types
related to scheduling, trending, alarming, and life safetycapabilities.
Any given building automation device may have zero, one,
or many objects of each object type with the exception of the
“Device ”object, which must be present in every device. This
object is used to present or control various characteristics ofthe device and, among other things, contains an enumera-
tion of all other objects existing in the device. The properties“object-identi ﬁer”(unique to each object in a given BACnet
device), “object-name ”and“object-type ”have to be present
in every object. Nearly two hundred standard properties, andtheir use in each of the standard object types, are currentlydeﬁned.
The BACnet object model can be easily extended to in-
clude new objects or properties as needed. This can be doneby any implementer without obtaining anyone ’s approval and
such new capabilities will not interfere with similar exten-
sions made by others provided the implementer makes use
of its “vendor ID, ”freely available from ASHRAE.
While objects provide an abstract representation of the
“network-visible ”portion of a building automation device,
BACnet services provide messages for accessing and ma-
nipulating this information as well as providing additionalfunctionality. Communication follows a client/server model.BACnet currently de ﬁnes 40 application services which are
grouped into ﬁve categories: Alarm and Event, File Access,
Object Access, Remote Device Management, and VirtualTerminal, although these latter services have largely beensupplanted by web-based tools.
Among the Object Access services are ReadProperty
(the only service mandatory for all devices), WriteProperty,ReadPropertyMultiple and WritePropertyMultiple, whichcollectively can read or manipulate any individual or group
of property values.
BACnet provides three distinct, but complementary,
methods for handling “events, ”including those consid-
ered important enough to be designated as “alarms. ”The
ﬁrst is called “Intrinsic Reporting ”and makes use of
parameters embedded in individual objects. Intrinsic re-porting makes use of standardized event type algorithms(nine are currently de ﬁned, such as “OUT_OF_RANGE, ”
“CHANGE_OF_STATE, ”etc.) but applies them rigidly to
speci ﬁed properties of the standard objects.
“Algorithmic Change Reporting ”makes use of the same
algorithms but allows them to be more broadly applied to
any property of any object. The parameters associated with
the selected algorithm (e.g., high limit, low limit, deadband,time delay, etc.) are contained in an Event Enrollmentobject, rather than “intrinsically ”in the referenced object,
thus allowing different algorithms to be applied, if needed,
to the same property. Both intrinsic and algorithmic changereporting can make use of a Noti ﬁcation Class object which
contains information on how event noti ﬁcations, either con-
ﬁrmed (acknowledged) or uncon ﬁrmed (unacknowledged)
are to be distributed. This combination of capabilities allowsfor extremely powerful alarm and event recognition anddistribution: noti ﬁcations can be tailored to different recipi-
ents at different times of the day or week, assigned varying
priorities, and so on. A life safety alarm, for example, couldbe directed to speci ﬁc workstations during the workday but
cause a dial-out procedure to be invoked after working hours
or on the weekend.
The third type of reporting is called “Change of Value ”
(COV). It causes a COV noti ﬁcation to be sent when a par-
1194 PROCEEDINGS OF THE IEEE, VOL. 93, NO. 6, JUNE 2005
Authorized licensed use limited to: Ryerson University Library. Downloaded on July 04,2025 at 06:23:02 UTC from IEEE Xplore.  Restrictions apply. 
ticular property changes by a prede ﬁned amount or, at the
discretion of the COV server, at prede ﬁned time intervals.
Clients may use the SubscribeCOV service to register for no-
tiﬁcations of the default properties of standard objects, or the
SubscribeCOVProperty service to request COV noti ﬁcation
for any property of any object with any desired COV incre-ment. “Unsubscribed ”COV noti ﬁcations, usually broadcast,
provide a mechanism to distribute the current value of glob-
ally signi ﬁcant information, such as a site ’s outside air tem-
perature or occupancy status, at a repetition rate determinedby the server.
Of the eleven BACnet services dedicated to alarm and
event handling, only the AcknowledgeAlarm service isaimed exclusively at the human operator: it provides ameans to convey to an alarm-originating device that a
human has actually seen, and is responding to, an alarm
event. The originating device may use the receipt of such anacknowledgment, or the lack thereof within a speci ﬁed time
interval, to invoke other application-speci ﬁc logic to deal
with the alarm condition, such as initiating a precautionary
system shutdown, performing a dial-out noti ﬁcation to some
additional recipients, and so forth.
Remote device management services include Who-
Is/I-Am and Who-Has/I-Have for dynamically discovering
the network addressing information of peer devices andparticular objects by way of their object names and/orobject identi ﬁers. Other services in this category allow for
time synchronization, reinitialization of devices, and the
suppression of spurious communications due to hardware orsoftware malfunctions.
The BACnet application layer also directly supports other
services relevant to BA tasks such as the prioritized writing
of start/stop commands, setpoint changes, time of day sched-uling, and trend log processing.
While the BACnet standard de ﬁnes a sizable set of ser-
vices, only a subset is necessary for most devices. Requiring
them all to be implemented would unnecessarily increasecomplexity and cost without providing any particular ben-eﬁt. In order to be able to concisely describe the capabilities
offered by, or required in, a particular device, the concept of
BIBBs (BACnet Interoperability Building Blocks) was intro-duced to the standard
18in 2000. A BIBB describes a par-
ticular functional capability in one of ﬁve interoperability
areas: data sharing, alarm and event management, sched-
uling, trending and device and network management.
BIBBs come in client/server pairs (designated A and B),
allowing the precise speci ﬁcation of whether a given device
functions as the initiator of a service request, the responder
to a service request, or both. A BIBB may also require thepresence of one or more objects, or that speci ﬁc properties be
supported. For example, the BIBB “Trending-Viewing and
18The means previously de ﬁned by the standard was a set of (numerical)
hierarchical conformance classes, which could be augmented with addi-
tional collections of communication capabilities speci ﬁc to particular (ad-
ditional) applications. The conformance classes proved to be unworkable,
however, because they failed to account for the initiator/responder role ofthe devices and did not have suf ﬁcient granularity to describe existing equip-
ment.Modifying Trends Internal-B ”requires that the server side
of the ReadRange-Service be implemented and that a TrendLog object be provided.
To ease the work of speci ﬁers, several standard BACnet
device pro ﬁles have been de ﬁned. Each pro ﬁle is a collec-
tion of BIBBs that is intended to map to commonly availableBA equipment: operator workstations; building controllers;
advanced application controllers; application speci ﬁc con-
trollers; smart actuators; and smart sensors. The BIBBs wereselected to serve as a baseline for the given type of device.In order to claim conformance to a given pro ﬁle, a manu-
facturer must offer at least the capabilities contained in the
proﬁle—but is free to add any additional functionality that
is appropriate to the intended application of the device. De-tails about the portions of BACnet that are implemented in a
device are documented in its protocol implementation con-
formance statement (PICS). This includes the precise set ofservices implemented in client or server role, proprietary andoptional objects and properties, supported network media,
and support for the dynamic creation and deletion of objects,
among other things.
Interoperability testing and certi ﬁcation programs have
been pursued by both the BMA and BIG-EU. The BMA ’s
testing program began in 2002. BIG-EU followed two years
later with its own test lab. Both testing programs have beenharmonized and test results are expected to be mutuallyrecognized.
The main focus of both groups has been to develop suitable
software tools to test BACnet products and the proceduresthat will be used for speci ﬁc kinds of devices. The proce-
dures are mostly based on the companion testing standard to
BACnet [40]. In an effort to go beyond simply verifying that
a device has implemented its BACnet capabilities correctlyand to actually improve “interoperability, ”a BTL working
group was established that has developed a set of guidelines
for implementers to help them avoid problems discovered
in the course of early testing or the “interoperability work-
shops ”that the BMA has sponsored since 2000.
The most recent addition to BACnet are proposed annexes
that describe the use of XML and Web services for the
integration of BACS with other management-level enter-prise systems (BACnet/WS). BACnet/WS will be protocolneutral, and thus equally applicable to non-BACnet systems
(although a comprehensive mapping between BACnet and
BACnet/WS services is included in the draft standard).
Fig. 7 shows an example of a possible BACnet/IP con ﬁgu-
ration that illustrates the use of a Web server for both a graph-
ical user interface and Web services along with a workstation
that contains a traditional BACnet client application.
B. LonWorks
The LonWorks
19system has been originally designed by
Echelon Corp. as an event-triggered control network system.The system (described in [41]) consists of the LonTalk com-munication protocol, a dedicated controller (Neuron Chip)
19“LON ”stands for “local operating network, ”a play of words on the
term “local area network. ”
KASTNER et al. : COMMUNICATION SYSTEMS FOR BUILDING AUTOMATION AND CONTROL 1195
Authorized licensed use limited to: Ryerson University Library. Downloaded on July 04,2025 at 06:23:02 UTC from IEEE Xplore.  Restrictions apply. 
Fig. 7. BACnet/IP con ﬁguration example.
and a network management tool. In 1999 the LonTalk pro-
tocol was published as a formal standard, ANSI/EIA-709
([42], revised 2002 [43]). While it has already been includedin a European prestandard [18], it is planned to be publishedas a separate European standard in 2005. Below, the term
EIA-709 is used to refer to the standardized communication
protocol.
EIA-709 supports a variety of different communication
media and different wiring topologies. Since it was designed
as a generic control network, many protocol parameters are
free to choose for the designer. To achieve interoperability(see below), a number of communication channel proﬁles
were de ﬁned. These still include a variety of twisted-pair
(TP), powerline (PL), and ﬁber optic (FO) channels. RF
(radio frequency) solutions are available as well, albeit nostandard interoperability pro ﬁle exists for these. The most
popular channel for building automation purposes is the
78.1 kb/s free topology TP pro ﬁle (FT-10), which allows
physical segments of up to 500 m using low-cost TP cable.A variant providing link power (LP-10) is also available.Often the 1.25 Mb/s bus topology TP (TP-1250) is used as
a backbone to connect the lower speed FT-10 buses. FO is
sometimes used for backbones as well.
For the TP medium, a unique medium access mechanism
labeled predictive p-persistent CSMA is used. Its key mech-
anism is that when con ﬁrmed multicast services are used, a
certain prediction on the future network load (i.e., the con ﬁr-
mations to be expected) can be made. The length of the ar-bitration phase is modi ﬁed accordingly. Thus, the rise of the
collision ratio with increasing load is mitigated. This helps to
ensure an acceptable minimum packet rate even under heavyload, unlike in Ethernet-style networks using CSMA/CD,where the network load has to be kept well below 50%. Atthe start of the arbitration phase priority time slots are avail-
able for urgent messages. The mechanism, its properties and
effectiveness are further discussed in [44] –[46].
More recently, building backbones turn from TP-1250 to
IP tunneling mechanisms. Standardized in ANSI/EIA-852
[47] (also known as LonWorks/IP ), IP tunneling is readily
supported as a standard channel for EIA-709. Both tunnelingrouters and fully IP-based LonWorks/IP nodes are used.Channel con ﬁguration data including channel membership
are managed by a central con ﬁguration server on the IP
channel.
The entire routable address space of an EIA-709 network
is referred to as the domain. Domains are identi ﬁed by an ID
whose length can be chosen up to 48 bit corresponding to re-
quirements (as short as possible, since it is included in everyframe; as long as necessary to avoid logical interference, es-pecially on open media). A domain can hold up to 255 sub-
netswith a maximum of 127 nodes each. Hence, up to 32 385
nodes can be addressed within a single domain. A subnetwill usually correspond to a physical channel, although itis both possible for multiple physical channels to be linked
into a subnet by bridges or repeaters as well as for multiple
subnets to coexist on the same physical segment. Routing isperformed between different subnets only. In particular, do-main boundaries can be crossed by proxy nodes only (which
transfer the information on the application layer). Subnets are
usually arranged in a tree hierarchy as shown in Fig. 8.
Every domain can host up to 256 multicast groups. Groups
can include nodes from any subnet. Broadcasts can be di-
rected to a single subnet or the entire domain. Each node
carries a world-wide unique 48-bit identi ﬁcation, the Node
ID. It can be used for addressing individual nodes for man-
agement and con ﬁguration purposes, while regular unicast
1196 PROCEEDINGS OF THE IEEE, VOL. 93, NO. 6, JUNE 2005
Authorized licensed use limited to: Ryerson University Library. Downloaded on July 04,2025 at 06:23:02 UTC from IEEE Xplore.  Restrictions apply. 
Fig. 8. Logical segmentation in EIA-709.
communication is handled through logical subnet and node
addresses.
For both unicast and multicast, a reliable transmission
mode ( acknowledged ) with end-to-end acknowledgments
can be selected. In addition to the “one-shot ”unacknowl-
edged mode, an unacknowledged-repeated mode is provided,
where every transmission is automatically repeated a ﬁxed
number of times. When acknowledged multicast is used,groups are limited to a maximum of 64 members each.Otherwise, they can contain an arbitrary number of nodes
from the domain.
For acknowledged transmissions, a challenge-response
authentication mechanism is provided. The challenge con-sists of enciphering a 64-bit random number using a 48-bit
shared secret. The usefulness of this mechanism is limited
since the algorithm is not published, 48-bit keys are not con-sidered to be strong enough for attacks on high-bandwidthchannels and the integrity of the message is not protected.
20
LonWorks/IP allows calculating a secure message authen-tication code for each encapsulated message (MD5 digestwith a 128-bit key). Although this mechanism also does notencrypt the transmitted data, it protects the system from the
injection of tampered messages.
The EIA-709 application layer allows generic application-
speci ﬁc messaging, but offers particular support for the prop-
agation of network variables. Network variables are bound
via 14-bit unique identi ﬁers ( selectors ). The management
20Reference [48] compares security features in BACnet, LonWorks and
EIB/KNX and proposes improvements for LonWorks based on smart cards.and diagnostic services include querying the content type of
the network variables (self-identi ﬁcation), the node status,
querying and updating addressing information and network
variable bindings, reading and writing memory, device iden-tiﬁcation and con ﬁguring routers.
Network nodes can be based on a chip from the Neuron
series by Echelon [49] or other embedded controllers like
the LC3020 controller by Loytec [50]. A typical networknode architecture is shown in Fig. 9. The controller exe-cutes the seven OSI protocol layers and the application pro-
gram, which interfaces with sensors and actuators connected
through the I/O interface. A derivative of ANSI C calledNeuron C is used to program the Neuron chips, whereas stan-dard ANSI C can be used to program controllers like the
LC3020.
Both provide implicit language support for network
variables. Network variables are represented as standardC variables with the unique property that a data packet is
automatically created and transmitted whenever the value of
the C variable changes. Likewise, the value of the C variablewill automatically be updated whenever a data packet hasbeen received from the network.
A variety of installation and management tools are avail-
able for EIA-709 networks. The wide majority, however, isbased on the LonWorks Network Operating System (LNS)management middleware by Echelon. Besides APIs for
commissioning, testing, and maintaining, LNS provides
a common project database, avoiding vendor lock-in ofthese valuable data. For con ﬁguration of vendor-speci ﬁc
parameters LNS provides a plug-in interface.
KASTNER et al. : COMMUNICATION SYSTEMS FOR BUILDING AUTOMATION AND CONTROL 1197
Authorized licensed use limited to: Ryerson University Library. Downloaded on July 04,2025 at 06:23:02 UTC from IEEE Xplore.  Restrictions apply. 
Fig. 9. Typical EIA-709 node architecture.
For performance analysis and troubleshooting, various
protocol analyzers are available, including remote logging
over IP networks. Modern network infrastructure compo-nents also have built-in statistics and diagnostics capabilitiesto allow remote monitoring and maintenance.
Some approaches exist for the automatic con ﬁguration of
messaging relationships ( “self-binding ”or“auto-binding ”).
They are, however, con ﬁned to applications of limited com-
plexity (single-vendor systems or very basic functionalityonly).
It should be noted that entirely nonopen systems can
be (and are being) built using LonWorks technology. TheLonMark Interoperability Association (now LonMark In-ternational) founded in 1994 [51] de ﬁnes guidelines to
manufacture and to integrate interoperable devices. Theseguidelines shall guarantee a smooth integration and op-eration of devices designed, produced, and installed bydifferent manufacturers. They include LonTalk channel pro-ﬁles, standard network variable types (SNVT) and functional
proﬁles. A SNVT comprises syntactic as well as semantic
information, like the associated engineering unit. Over 60
functional pro ﬁles have already been published. They relate
to a number of application domains, most of them with astrong relation to building automation. Examples include“V A V Controller, ”“Constant Light Controller, ”“Scheduler, ”
“Variable Speed Motor Drive ”and“Occupancy Sensor. ”Al-
though freely available, the LonMark guidelines and pro ﬁles
are not part of any formal standard. Interoperability certi-ﬁcation is provided on the basis of inspection of resourcedescription ﬁles only, no laboratory tests are performed. In
the most recent past, LonMark provides a self-certi ﬁcation
tool, which LonMark members can use over the Web tocertify their products.
C. EIB/KNX
The European Installation Bus (EIB) [52] is a ﬁeldbus
designed to enhance electrical installations in homes andbuildings of all sizes by separating the transmission of controlinformation from the traditional mains wiring. EIB is based onan open speci ﬁcation maintained until recently by EIB Asso-
ciation (EIBA). Key parts of it were included in [18] and [53].
In 2002, EIB was merged with Batibus and EHS (European
Home System). The new KNX standard [54] seeks to combinetheir best aspects. The target of this merger was to create asingle European home and building electronic system stan-
dard. Likewise, EIBA joined forces with the European HomeSystems Association and Batibus Club International to formKonnex Association [55]. Still, the EIB system technologycontinues to exist unchanged as a set of pro ﬁles within KNX,
frequently referred to as EIB/KNX.
[56] includes all the parts necessary from [54] for building
products compatible at the bus interface, although some keyelements like the interoperability model are still awaitingpublication. Besides speci ﬁcation maintenance, Konnex
Association is also responsible for promotional activities(including a university cooperation program) and the certi ﬁ-
cation of test labs and training centers.
Regarding physical media, EIB already provided the choice
of dedicated twisted-pair cabling and powerline transmissionaswellasasimpleformofIPtunneling.RFcommunicationandadvancedIPtunnelingwereaddedundertheKNXumbrella(al-beit are not yet published withinthe context of[56]). The KNX
speci ﬁcationalsoincludesadditionalTPandPLvariantswhich
could be used for future devices.
The main EIB/KNX medium is the twisted-pair cabling
variant now known as KNX TP1. The single twisted pair car-ries the signal as well as 29 V DC link power. Data is trans-mitted using a balanced base band signal with 9600 b/s. TP1allows free topology wiring with up to 1000 m cable lengthper physical segment. Up to four segments can be concate-nated using bridges (called line repeaters ), forming a line.
CAN-like, medium access on TP1 is controlled using CSMAwith bit-wise arbitration on message priority and station ad-dress. Four priority levels are provided.
KNX RF uses a subband in the 868 MHz frequency band
reserved for short-range devices (telecommand, -control,telemetry and alarms) by European regulatory bodies whichis limited by a duty cycle requirement of less than one per-cent. Particular attention was given to minimizing hardwarerequirements.Tothisend,KNXRFdoesnotonlysupportbidi-rectional communication, but transmit-only devices as well.This reduces cost for simple sensors and switches without
statusindicators.KNXRFdevicescommunicatepeer-to-peer.
EIBnet/IP addresses tunneling over IP networks.
21Its
core framework supports discovery and self-description of
21EIBnet/IP supersedes “plain ”EIBnet [57], which provided tunneling
over Ethernet, and the legacy EIBlib/IP ( “iETS ”) point-to-point IP tunneling
protocol.
1198 PROCEEDINGS OF THE IEEE, VOL. 93, NO. 6, JUNE 2005
Authorized licensed use limited to: Ryerson University Library. Downloaded on July 04,2025 at 06:23:02 UTC from IEEE Xplore.  Restrictions apply. 
Fig. 10. EIB/KNX network topology.
EIBnet/IP devices. It currently accommodates the specialized
“Service Protocols ”Tunneling and Routing. Actually, both of
them follow the tunneling principle as presented earlier, butdiffer in their primary application focus. EIBnet/IP Tunnelingis to provide remote maintenance access to EIB/KNX instal-lations in an easy-to-use manner and therefore restricted topoint-to-point communication. EIBnet/IP Routing allows theuse of an IP backbone to connect multiple EIB/KNX subin-stallations. Routers using this protocol are designed to work“out-of-the-box ”as far as possible. They communicate using
UDP (User Datagram Protocol) multicast. Group manage-
ment relies on IGMP (Internet Group Management Protocol).No central con ﬁguration server is necessary.As outlined above, the basic building block of an EIB
network is the line, which holds up to 254 devices in free
topology. Following a three-level tree structure, sublines areconnected by main lines via routers (termed line couplers )
to form a zone. Zones can in turn be coupled by a backboneline, as illustrated in Fig. 10. Network partitions on openmedia are typically linked into the topology as a separateline or zone. IP tunneling is typically used for main linesand the backbone, with EIBnet/IP routers acting as couplers.Overall, the network can contain roughly 60 000 devices
at maximum.
Every node in an EIB/KNX network is assigned an indi-
vidual address which corresponds to its position within the
KASTNER et al. : COMMUNICATION SYSTEMS FOR BUILDING AUTOMATION AND CONTROL 1199
Authorized licensed use limited to: Ryerson University Library. Downloaded on July 04,2025 at 06:23:02 UTC from IEEE Xplore.  Restrictions apply. 
topological structure of the network (zone/line/device). This
address is exclusively used for unicast communication. Re-liable connections are possible. Multicast addressing is im-plemented in the data link layer. For this purpose, nodes areassigned additional nonunique MAC addresses ( group ad-
dresses ). The group addressing and propagation mechanism
is thus extremely ef ﬁcient. Yet acknowledgment are provided
on layer 2 (i.e., within an electrical segment) only. The entiregroup answers at once, with negative acknowledgments over-riding positive ones. Group addresses are routed through thewhole network. Routers are preprogrammed with the neces-sary tables. Broadcasts always span the entire network.
EIB/KNX uses a shared variable model to express the
functionality of individual nodes and combine them intoa working system. Although this model uses state-basedsemantics, communication remains event-driven. Net-work-visible variables of a node application are referred toasgroup objects . They can be readable, writable or both
(although the latter is discouraged to better keep track ofcommunication dependencies). Each group of communi-cation objects is assigned a unique group address. Thisaddress is used to handle all network traf ﬁc pertaining to the
shared value in a peer-to-peer manner. Group membership isdeﬁned individually for each group object of a node, which
can belong to multiple groups.
Usually, data sources will actively publish new values, al-
though a query mechanism is provided as well. Since group
addressing is used for these noti ﬁcations, the publisher –sub-
scriber model applies: the group address is all a node needs toknow about its communication partners. Its multicast naturealso means, however, that no authentication or authorizationcan take place this way.
Horizontal communication using shared variables be-
tween EIB/KNX nodes exclusively uses group addressing.Individual addressing is reserved for client-server stylecommunication supporting vertical access. System manage-ment data like network binding information or the loadedapplication program are accessible through the propertiesofsystem interface objects . In addition, every device can
provide any number of application interface objects related
to the behavior of the user application. On the one hand, theirproperties can hold application parameters that are normallymodi ﬁed during setup time only. On the other hand, they can
contain run-time values normally accessed through groupobjects.
22Basic engineering functions like the assignment of
individual addresses are handled by dedicated services.
The speci ﬁcation also encompasses standard system com-
ponents, the most important being the bus coupling units(BCUs). BCUs provide an implementation of the completenetwork stack and application environment. They can hostsimple user applications, supporting the use of group objectsin a way similar to local variables. Application modulescan connect via a standardized 10-pin external interface(PEI), which can be con ﬁgured in a number of ways. Simple
application modules such as wall switches may use it forparallel digital I/O or ADC input. More complex user appli-cations will have to use a separate microprocessor since theprocessing power of the MC68HC05 family microcontroller
22Mappings of these to BACnet objects are de ﬁned in the current BACnet
standards.
Fig. 11. Typical EIB/KNX node architectures.
employed in BCUs is limited. In this case, the application
processor can use the PEI for high-level access to the net-work stack via a serial protocol. As an alternative, TP baseddevice designs can opt for the so-called TP-UART IC. ThisIC handles most of the EIB/KNX data link layer. Unlike thetransceiver ICs used in BCUs, it relieves the attached hostcontroller from having to deal with network bit timings.These design options are illustrated in Fig. 11. Systemcomponents are not included in [56].
For commissioning, diagnosis and maintenance of
EIB/KNX installations, a single PC-based software tool
called ETS (Engineering Tool Software) which can handle
every certi ﬁed EIB/KNX product is maintained by EIBA.
KNX devices may support additional setup modes de ﬁned
by the standard which do not require the use of ETS.A-Mode devices are precon ﬁgured to automatically connect
to each other ( “plug and play ”). In E-Mode, devices whose
1200 PROCEEDINGS OF THE IEEE, VOL. 93, NO. 6, JUNE 2005
Authorized licensed use limited to: Ryerson University Library. Downloaded on July 04,2025 at 06:23:02 UTC from IEEE Xplore.  Restrictions apply. 
group objects are to be bound together are designated by
either pushing special buttons, assigning identical codenumbers via DIP switches or codewheels, or via a handheldconﬁguration device.
When using ETS, group objects are bound individually.
The EIB Interworking Standard (EIS) merely de ﬁned a stan-
dardized bit-level representation for various types of shared
variables. Functional blocks were provided for dimming andcontrol of motorized blinds to ensure a base level of inter-changeability. Such an approach is no longer viable withthe E- and A-Modes. Therefore, numerous semantic datatype and functional block de ﬁnitions for various application
domains are being added to the KNX speci ﬁcation. E- and
A-Modes always link group objects and interface objectproperties at the granularity of these functional blocks (orchannels of multiple blocks).
VI. R
ELATED FIELDS
Home automation ordomotics is probably the ﬁeld
bearing the greatest resemblance to building automation.
Yet it has signi ﬁcantly different characteristics. Instead of
focusing on economic bene ﬁts, comfort and peace-of-mind
are the key drivers. Systems are of considerably smaller
scale, with emphasis on the integration of entertainment
systems. Both equipment as well as commissioning andmaintenance cost have to be kept very low. This favorsrobust “plug-and-play ”systems with the capability of com-
municating via the mains or wireless. A large number of
proprietary, centralized solutions is available. Networkingand middleware standards of particular importance are X10
[58], EHS/KNX [54], and UPnP [59].
The possibility of BAS contributing to information in fa-
cility management data bases (e.g., for maintenance and cost
allocation purposes) was already discussed. As an integral
part of the building services, building automation systemsalso are part of the entities computer integrated architectureis concerned with. This includes the ﬁelds of speci ﬁcation
frameworks (e.g., the Industry Foundation Classes, [60]) and
construction management . The planning of BACS networks
is essentially a part of the construction process. The use ofcompatible data models could ease tasks like heating and
cooling load calculation, as it is the case for radio propaga-
tion today. Building simulation allows to assess the impact
of BA control strategies even before systems are deployedby modeling the physical characteristics of a building. It also
allows proactive instead of only reactive control strategies.
Control can further be improved by retrieving values fromthe model where sensors are not available, for example inthe middle of an of ﬁce space [61].
For future directions, the ﬁelds of pervasive, ubiquitous
and mobile computing come into play. Already now, smartphones and other mobile devices may be used instead of a
light switch. The vision of pervasive and ubiquitous com-
puting as expressed by [62] is that computers will be inte-grated into the environment —so that no one notices their
presence —rather than having computers which are distinct
objects. Sensor webs and microelectromechanical systems
(MEMS) are related concepts. Eventually, building materialsmay become “smart ”themselves, with for example wall paint
itself being able to measure temperature and light level. Fu-ture buildings could also be aware of the tenants and their
actions, taking appropriate measures for their comfort and
safety ( sentient computing, situation modeling, user aware-
ness), possibly using an agent-based model as in e.g., [63].
On a more short-term perspective, technologies discussed
in the context of location-aware systems could be of interest
for BACS commissioning and maintenance, as they wouldallow to determine the location of nodes without referenceto external databases.
VII. C
ONCLUSION AND OUTLOOK
The present paper provided a survey on building automa-
tion systems, directing attention to their communicationsystems. After a general overview on building services andthe bene ﬁts provided by present-day BACS systems, the
three-level functional model was introduced and shown how
control networks can be embedded inside the automationpyramid. While the presented three-level model reduces thecomplexity of each individual level and keeps the levels lean
and transparent, today ’s control networks are ready to span
more than one level. As a result, the hierarchy ﬂattens. The
three-level functional model is mapped onto a two-tier net-work topology, with the functions of the former automation
level being reassigned.
Without question, communication systems based on open
standards are continuously gaining importance. For thisreason BACnet, LonWorks and EIB/KNX were presented inmore detail. LonWorks and EIB/KNX are ﬁeld-level centric
solutions, while the controller-oriented approach of BACnet
lends itself more to upper-level functionality. Especiallyin Europe, BACnet is frequently deployed in combinationwith other control networks covering the ﬁeld level. They
are accessed over a gateway, which provides their object
representation to the BACnet system.
With growing power and integration of building sys-
tems, demands on communications security rise. However,when considering the ultimate goal of sentient, user-aware
buildings it is time to work on appropriate security models
respecting privacy concerns as well. For the next years,interoperability will remain an important issue. Functionalblocks from different domains and systems have to converge,
opening the way for scalable solutions. This topic is related
to the goal of “plug-and-play ”system components on the
one hand and to reusable functional templates on the otherhand to reduce engineering and administration efforts.
Any discussion regarding building automation systems
and their implementation is not complete without addressingdesign issues. Today ’s systems are still being installed
without formal speci ﬁcation or design. System integrators
have to rely on perceived wisdom, experience and best prac-
tice. Thus, techniques for better prediction of performanceand dependability are required along with automated toolsto support this. Up to now, despite the existence of sophis-
ticated management tools, complete analysis or precise
modeling of the distributed application is still beyond reach.
KASTNER et al. : COMMUNICATION SYSTEMS FOR BUILDING AUTOMATION AND CONTROL 1201
Authorized licensed use limited to: Ryerson University Library. Downloaded on July 04,2025 at 06:23:02 UTC from IEEE Xplore.  Restrictions apply.","[-0.08654270321130753, 0.020215610042214394, -0.03358915448188782, -0.017405075952410698, -0.05541941896080971, -0.038698118180036545, 0.026445409283041954, 0.0623118095099926, -0.043769724667072296, 0.018540561199188232, 0.008505893871188164, -0.05920661985874176, 0.1081458032131195, -0.041128285229206085, 0.10165942460298538, -0.01659012772142887, 0.04824524000287056, -0.06919334083795547, -0.052151359617710114, -0.039617013186216354, 0.042720820754766464, 0.0407576709985733, -0.03822484239935875, 0.0003726039722096175, 0.01840849220752716, 0.004332559183239937, 0.054747290909290314, 0.013636350631713867, -0.04327171668410301, 0.015516550280153751, 0.006035930477082729, -0.04086470603942871, 0.14570781588554382, -0.0028041384648531675, 0.041579652577638626, 0.014556980691850185, 0.08611225336790085, 0.044968411326408386, -0.02032938227057457, -0.0633833035826683, -0.07101389765739441, -0.09052322059869766, 0.008776731789112091, -0.017130250111222267, -0.002570250304415822, 0.12045987695455551, -0.11226179450750351, -0.06263788044452667, -0.030553750693798065, -0.043939586728811264, -0.044246867299079895, 0.03405844792723656, 0.04150586575269699, 0.03468911722302437, 0.0661134421825409, 0.040228135883808136, 0.023435674607753754, 0.019098185002803802, 0.03168053925037384, -0.03944027051329613, 0.042347002774477005, 0.011951830238103867, -0.06628511101007462, -0.042144209146499634, 0.02133340761065483, 0.05376267433166504, -0.010885619558393955, 0.0019430274842306972, 0.015204166062176228, -0.09877108782529831, 0.027448439970612526, -0.09632030129432678, 0.04735036939382553, 0.022214198485016823, 0.022804519161581993, 0.03391284868121147, -0.08437301218509674, -0.022078514099121094, 0.014601190574467182, -0.06787662208080292, 0.037205494940280914, 0.009160403162240982, -0.10152807086706161, 0.039367012679576874, -0.0239678006619215, 0.02290021814405918, 0.006991085130721331, 0.10678132623434067, 0.05405966937541962, 0.01180318184196949, -0.006075126584619284, -0.11071845889091492, -0.05164594203233719, 0.012426451779901981, 0.10540401935577393, -0.011111336760222912, -0.046133559197187424, -0.06077801436185837, -0.019927339628338814, 0.008237672038376331, -0.021216902881860733, -0.04663700610399246, 0.051490604877471924, -0.01420659851282835, -0.004987383261322975, -0.08251957595348358, -0.01036367192864418, 0.02281833440065384, 0.0812421515583992, -0.09355183690786362, -0.08478875458240509, -0.06200021877884865, 0.0324133038520813, -0.05731542035937309, -0.01945391483604908, -0.007936731912195683, 0.09677361696958542, -0.006439919117838144, 0.04899003729224205, -0.021488897502422333, 0.03518291935324669, -0.028437182307243347, 0.021387452259659767, 0.04773155227303505, 0.014703677035868168, -0.004140148404985666, 0.014052673242986202, 2.5315137772041693e-33, -0.10313162952661514, 0.03814268484711647, -0.040545739233493805, 0.05431772395968437, 0.06361579149961472, -0.014871661551296711, -0.016115862876176834, 0.05843222513794899, 0.01760162226855755, -0.051317647099494934, -0.004268527030944824, 0.032240383327007294, 0.0011814585886895657, 0.03561852499842644, 0.04520118236541748, -0.013405977748334408, 0.040440093725919724, -0.02707773633301258, -0.017198024317622185, 0.00777044240385294, -0.0011015110649168491, -0.0538623221218586, 0.018485745415091515, 0.031866297125816345, 0.0863015353679657, -0.0263756662607193, 0.07447527348995209, 0.028798604384064674, -0.06810662895441055, 0.003444800851866603, 0.0286230631172657, -0.026599716395139694, -0.02719096839427948, 0.02451130747795105, -0.07813690602779388, -0.025011250749230385, -0.010709352791309357, 0.013953461311757565, -0.04564256966114044, -0.04960259795188904, -0.044159576296806335, -0.007577069569379091, -0.054018259048461914, -0.005827629007399082, 0.04962223023176193, 0.02628481015563011, 0.012140895240008831, 0.017598895356059074, 0.01942872628569603, 0.02672751061618328, 0.053776755928993225, 0.046736203134059906, -0.049210887402296066, 0.027521325275301933, 0.06785371154546738, 0.009164025075733662, 0.06187237799167633, 0.029291631653904915, 0.016946665942668915, 0.018032357096672058, -0.08255767077207565, 0.05895940586924553, 0.01714855059981346, 0.059243541210889816, 0.037946414202451706, -0.09250432252883911, -0.04654930904507637, 0.013890556991100311, 0.00833133701235056, 0.019490236416459084, 0.02521698735654354, -0.053803641349077225, -0.020649032667279243, 0.019960733130574226, -0.0002428641018923372, 0.01164605375379324, -0.03277626261115074, 0.027474191039800644, -0.11529272049665451, 0.04684577137231827, -0.016428524628281593, 0.08719996362924576, 0.00556799303740263, 0.002542459638789296, 0.06510432809591293, -0.07894081622362137, -0.03552745655179024, 0.05030325427651405, -0.09830736368894577, -0.011791280470788479, 0.024232590571045876, -0.010548172518610954, -0.053881172090768814, 0.1046614870429039, -0.032898809760808945, -3.2174533018173604e-33, 0.01979919523000717, 0.0036308392882347107, -0.08178135752677917, -0.03125627711415291, -0.03429265692830086, 0.0318671353161335, -0.05810534209012985, -0.09245888888835907, -0.008440696634352207, 0.047882530838251114, 0.0140463188290596, -0.02915802039206028, 0.0666622519493103, -0.02581202983856201, 0.008312434889376163, 0.01558141503483057, -0.025631330907344818, -0.07495522499084473, -0.025284484028816223, 0.0845017060637474, 0.006940946914255619, 0.04931122437119484, -0.1115434318780899, -0.019850533455610275, -0.06453511863946915, 0.029396679252386093, -0.049744460731744766, 0.14249172806739807, 0.0009897982235997915, 0.023190822452306747, -0.0624413900077343, -0.01682187244296074, 0.0031289588660001755, 0.11457746475934982, 0.027543144300580025, -0.08610489964485168, 0.1205802634358406, 0.0509856641292572, -0.11254661530256271, -0.026343941688537598, 0.058366741985082626, -0.0013225151924416423, -0.043240003287792206, -0.002492352621629834, -0.01642993465065956, 0.007127091754227877, 0.0023331097327172756, -0.05344828963279724, -0.11905384808778763, -0.03959859907627106, 0.08366575092077255, -0.02300841547548771, -0.03864438086748123, -0.06322656571865082, 0.003670952282845974, 0.004002134315669537, 0.04145148769021034, 0.011074217967689037, -0.05508223921060562, 0.04201957955956459, 0.08226923644542694, -0.08884716033935547, 0.11567330360412598, 0.08712764829397202, -0.049701496958732605, 0.06315790861845016, 0.023234175518155098, 0.01029863953590393, -0.010103554464876652, -0.03601045534014702, -0.0115456972271204, -0.03274555876851082, -0.007067776285111904, -0.0074689071625471115, -0.0037602707743644714, -0.04798842966556549, -0.0026490013115108013, 0.03264016658067703, -0.041624151170253754, -0.04625611752271652, -0.05174592509865761, 0.0042123920284211636, -0.031515803188085556, 0.05246302857995033, -0.026771098375320435, -0.00753405736759305, -0.009515455923974514, 0.0047760638408362865, 0.056938935071229935, -0.020351924002170563, -0.01797099970281124, 0.07994034886360168, 0.026938047260046005, 0.08280924707651138, -0.09713073074817657, -4.9337277374661426e-08, -0.0868060290813446, -0.01619436964392662, -0.020343292504549026, -0.06619177758693695, -0.06491786986589432, -0.04370264336466789, 0.06648432463407516, -0.037607342004776, 0.03566169738769531, 0.022220788523554802, -0.0140603668987751, -0.041242633014917374, -0.011790543794631958, 0.08807823807001114, -0.0012144931824877858, -0.021700361743569374, 0.010120004415512085, -0.03023657016456127, 0.007035025395452976, 0.023944182321429253, 0.129684716463089, -0.024715542793273926, -0.002970834029838443, 0.05600855126976967, 0.06829802691936493, -0.04962244629859924, -0.02648933418095112, 0.036813583225011826, 0.0743810161948204, 0.08002592623233795, -0.026889165863394737, 0.019715512171387672, 0.00581949669867754, 0.03700800985097885, -0.004690467845648527, -0.002005249261856079, 0.12457869201898575, -0.04701124131679535, 0.005778093822300434, 0.01343816239386797, 0.029468972235918045, -0.05438064783811569, -0.14317043125629425, -0.044156357645988464, 0.03486184403300285, -0.00966157577931881, -0.02963750623166561, -0.07740212976932526, 0.03544177860021591, 0.034190818667411804, -0.010778795927762985, 0.011815240606665611, 0.040244873613119125, 0.016418319195508957, -0.004137451760470867, 0.0031008590012788773, 0.016467692330479622, -0.12066799402236938, 0.1272629052400589, 0.0460900142788887, -0.009905622340738773, 0.08625301718711853, -0.03993825241923332, 0.039648812264204025]"
Communication_Schemes_for_Centralized_and_Decentralized_Event-Triggered_Control_Systems.pdf,"IEEE TRANSACTIONS ON CONTROL SYSTEMS TECHNOLOGY, VOL. 26, NO. 6, NOVEMBER 2018 2035
Communication Schemes for Centralized
and Decentralized Event-Triggered
Control Systems
Sokratis Kartakis, Anqi Fu, Student Member, IEEE ,M a n u e lM a z o ,J r . , Member, IEEE ,
and Julie A. McCann, Member, IEEE
Abstract — Energy constraint long-range wireless sensor/
actuator-based solutions are theoretically the perfect choice tosupport the next generation of city-scale cyber-physical systems.Traditional systems adopt periodic control which increasesnetwork congestion and actuations while burdens the energyconsumption. Recent control theory studies overcome these prob-lems by introducing aperiodic stra tegies, such as event-triggered
control (ETC). In spite of the potential savings, these strategiesassume actuator continuous listening, while ignoring the sensingenergy costs. In this paper, we ﬁll this gap, by enabling sensingand actuator listening duty cycling and proposing two innovativemedium access control protocols for three decentralized ETCapproaches. A laboratory experimental test bed, which emulatesa smart water network, was modeled and extended to evaluatethe impact of system parameters and the performance of eachapproach. Experimental results reveal the predominance of thedecentralized ETC against the classic periodic control either interms of communication or actuation by promising signiﬁcantsystem lifetime extension.
Index Terms — Communication protocols, cyber-physical sys-
tems (CPSs), event-triggered control (ETC), networked controlsystems, wireless sensor/actuator networks.
I. I NTRODUCTION
OVER the last decade, there has been a growing trend
in industry to transform large-scale manual control and
monitoring systems, such as electrical grids and water net-
works, into fully automatic cyber-physical systems (CPSs).
The aim of this transformation is the improvement of quality ofservice (QoS) and the reduction o f maintenance cost. In order
to achieve these goals, plants and physical environments have
Manuscript received November 11, 2016; revised July 14, 2017 and
September 11, 2017; accepted September 11, 2017. Date of publication
October 6, 2017; date of current version October 9, 2018. Manuscript receivedin ﬁnal form September 13, 2017. This work was supported in part by theBig Data Technology for Smart Water Networks research project through
NEC Corporation, Japan, and in part by the China Scholarship Council.
Recommended by Associate Editor A. Serrani. (Corresponding author:
Sokratis Kartakis.)
S. Kartakis was with the Department of Computing, Imperial College
London, London SW72AZ, U.K. He is now with Intel Labs Europe, LondonE145EJ, U.K. (e-mail: sokratis.kartakis@intel.com).
A. Fu and M. Mazo, Jr., are with the Delft Center for Systems and Control,
Delft University of Technology, 2628C D Delft, The Netherlands (e-mail:
a.fu-1@tudelft.nl; m.mazo@tudelft.nl).
J. A. McCann is with the Department of Computing, Imperial College
London, London SW72AZ, U.K. (e-mail: j.mccann@imperial.ac.uk).
Color versions of one or more of the ﬁgures in this paper are available
online at http://ieeexplore.ieee.org.
Digital Object Identiﬁer 10.1109/TCST.2017.2753166been augmented with sensor and actuator nodes which enable
monitoring and control by communicating wirelessly and
periodically to data centers or local base stations. However,these periodic dynamic control implementations introduce
communication and energy consumption overheads.
In large scale CPS, sensor and actuator nodes are usu-
ally energy constraint and installed in harsh environments.
For example, in smart water network more than 97% of sens-ing and actuation assets are located underground and powered
by batteries [1]. To transmit the required information through
long-range (several kilometres) wireless communications, hightransmission power is required that leads to fast battery
depletion. In addition, the periodic sensing, transmission, and
actuation, regardless the state of the plant, decreases network
bandwidth and increases actuations and consequently the
energy consumption. Recent cont rol theory studies propose to
solve these problems by introducing aperiodic strategies, such
as event-triggered control (ETC) strategies [2]–[7] in which
the sensors and actuators co mmunicate only when necessary.
In spite of the potential of signiﬁcant savings, ETC tech-
niques have only been partially examined and implemented
on real systems, i.e., [8]–[19]. Eekelen et al. [10] propose a
system based on the Diddyborg robot and examine the strategy
presented in [7]. However, this system is ﬁrst-order and, there-fore, unable to test complex event-triggered strategies. In [19],
an experimental evaluation was made for time-triggered con-
trol (TTC) and ETC from [2]. However, this paper requiresstate monitoring continuously to check event conditions. Addi-
tionally, the results in [2] can only be used for system with
collocated sensors. To the best of our knowledge, there is no
experiment that validates and compares different decentralized
event-triggered mechanisms under the same conditions.
ETC systems have been studied extensively in order to
guarantee convergence of plants under reduced communication
schemes. However, the design and implementation of acommunication protocol, which fully exploits the ETC
behavior and ensures optimal communication, is still
missing [20]. The state-of-the-art ETC approaches that
are focused on communication, i.e., [21]–[29], have been
limited to simulate or analyze theoretically the impactof network states on system performance. Carrier-Sense
Multiple Access (CSMA) [30], Time-Division Multiple
Access (TDMA) [31], and ALOHA [32] were the threecommunication protocols which have been used in the
1063-6536 © 2017 I EEE. Personal u se is perm itted, but republication/redistri bution requires IEEE permission.
See http://www.ieee.org/publications_standards/publications/rights/index.html for more information.
Authorized licensed use limited to: Ryerson University Library. Downloaded on July 29,2025 at 18:18:38 UTC from IEEE Xplore.  Restrictions apply. 
2036 IEEE TRANSACTIONS ON CONTROL SYSTEMS TECHNOLOGY, VOL. 26, NO. 6, NOVEMBER 2018
above-mentioned approaches. Speciﬁcally, [21], [22]
provide useful insights and comparison of all the above-
mentioned communication protocols. Ramesh et al. [23],
Demirel et al. [24], and Ramesh et al. [25] present a Markov
model that captures the joint interactions of the event-
triggering policy and a contention resolution mechanism over
CSMA communication. In [26] and [27], the ALOHA pro-tocol, which has been applied in long term evolution random
access procedure, was combined with ETC, with [27] to
introduce the impact of collisions into the system performance.
TDMA-based communication protocols, i.e., time-triggered
network-on-a-chip and time-triggered controller area network,were analyzed in [28], which discusses their application to
ETC systems. The earliest practical work is [19], continued
in [29], by proposing the extension of the TDMA-basedIEEE 802.15.4 Medium Access Control (MAC) layer [33]
which has been used in communi cation protocols for network
control via wireless, i.e., WirelessHART [34]. However,
the main drawbacks of this approach are the assumption that
the actuator nodes listen continuously to network messages.Furthermore, none of the prior work has considered the cost
of sensing. For example, in our evaluation platform [35],
the sensing costs almost the half the energy consumptionof communication. In industrial systems with more energy
hungry sensors, e.g., laser-based turbidity sensors for water
quality, the energy cost may surpass communications.
Note that ETC is different than similar proposals on the
communications domain [36]. Such event-based communi-cations are data-driven techniques aimed at increasing also
network energy efﬁciency. However, such techniques are obliv-
ious of any requirements to guarantee stability in a real-timecontrol application. In contrast, ETC approaches provide pre-
designed stability and performance guarantees, while reducing
resources’ consumption.
Uniquely, in this paper, the proposed system avoids con-
tinuous sensing and state transmission from the sensor nodes,as well as radio listening for new control signals from the
actuator nodes. These goals are achieved by applying peri-
odic decentralized ETC strategies combined with innovativeTDMA-based communication schemes.
Speciﬁcally, the contributions of this paper are listed as
follows:
1) practical combination of sensor duty cycling with three
decentralized aperiodi c control approaches;
2) a new MAC protocol that facilitates decentralized syn-
chronous ETC without the requirement of continuous
actuator communication;
3) a novel ﬂexible MAC protocol that can also accom-
modate two decentralized and asynchronous ETC
approaches, communicating, ﬁrst, absolute states andalternatively relative states only.
By using an extended version of the WaterBox test bed
environment [35], we provide experimental results from
TTC and four different ETC techniques: periodic centralized
ETC (PETC) [4], periodic synchronous decentralizedETC (PSDETC) [5], and periodic asynchronous decentralized
ETC (PADETC) by transmitting absolute or relative state [37].
To the best of our knowledge, this is the ﬁrst real deploymentof most of the implemented ETC techniques to a real
plant.
II. E
VENT -TRIGGER CONTROL TECHNIQUES
We denote the positive real numbers by R+, the natural
numbers including zero by N.|·|denotes the Euclidean norm
in the appropriate vector space, when applied to a matrix |·|
denotes the l2induced matrix norm. A matrix P∈Rn×nis said
to be positive deﬁnite, denoted by P/follows0, whenever xTPx>0
for all x/negationslash=0,x∈Rn. For the sake of brevity, we write
symmetric matrices of the form/bracketleftbigAB
BTC/bracketrightbig
as/bracketleftbigAB
⋆C/bracketrightbig
.
A. Periodic Control
Consider a linear time-invariant plant [38] and controller
˙ξ(t)=Aξ(t)+Bv(t) (1)
v(t)=Kξ(t) (2)
where ξ(t)∈Rnis the state vector and v(t)∈Rmis the input
vector at time t. Assume A+BK is Hurwitz, the system is
completely observable, and each sensor can access only one
of the system states.
A sample-and-hold mechanism is implemented for the
controller (2)
v(t)=Kˆξ(t) (3)
where
ˆξ(t):=ξ(tb),t∈[tb,tb+1[ (4)
and{tb}b∈Nis the sequence of the update time of the state.
Representing the sample-and-hold effect as a measurement
error, we have
ε(t):=ˆξ(t)−ξ(t). (5)
Deﬁne Tas the sample period. In a periodic TTC strategy,
tbis determined by
{tb|tb=bT,b∈N,T>0}. (6)
B. Periodic Centralized Event-Triggered Control
In ETC strategies, the control input update time is
determined by some predesigned conditions. These condi-tions usually involve the system state and sample-and-hold
error (5) [2]–[5]. Therefore, control executions happen only
when necessary. However, the centralized event-triggered con-
dition presented in [2] require s the continuous monitoring and
transmission of the current state to check the event conditions.If the state cannot be measured continuously, we can either
compute a stricter event condition considering measurement
delays or apply the PETC strategy from [4], which combinesperiodic sampled-data control and ETC.
Consider system (1), (3), (5), and a sample sequence (6).
At each sampling time t
b, the controller updates its state by
ˆξ(tb)=/braceleftBigg
ξ(tb), when ξT
p(tb)Qξp(tb)>0
ˆξ(tb−1),when ξT
p(tb)Qξp(tb)≤0(7)
Authorized licensed use limited to: Ryerson University Library. Downloaded on July 29,2025 at 18:18:38 UTC from IEEE Xplore.  Restrictions apply. 
KARTAKIS et al. : COMMUNICATION SCHEMES FOR CENTRALIZED AND DECENTRALIZED ETC SYSTEMS 2037
where ξp(t)=/bracketleftbig
ξT(t)ˆξT(t)/bracketrightbigT,Qsatisﬁes Q:=/bracketleftbig(1−σ)I−I
−II/bracketrightbig
,
andσ> 0.
For the system (1), (3), (5), and (6), if ∃c>0
andρ> 0 such that for any initial condition ξ(0)∈ Rn,
∀t∈R+,|ξ(t)|≤ ce−ρt|ξ(0)|is satisﬁed, then the system
is said to be globally exponential stable, we call ρthe decay
rate [39].
According to [4, Corollary III.3], given a decay rate ρ> 0,
if there exist a matrix P/follows0 and scalars μi≥0,i∈{1,2},
such that
/bracketleftbigg
e−2ρTP+(−1)iμiQJT
ie¯ATTP
⋆ P/bracketrightbigg
/follows0,i∈{1,2}(8)
where
¯A:=/bracketleftbiggAB K
00/bracketrightbigg
,J1:=/bracketleftbiggI0
I0/bracketrightbigg
,J2:=/bracketleftbiggI0
0I/bracketrightbigg
then the system is globally exponential stable with a decay
rateρ.
C. Periodic Synchronous Decentralized
Event-Triggered Control
The event-triggered strategies presented in (7) are cen-
tralized event-triggered strategies, since the event conditions
require the whole vector of current state and current error.
When the sensors are not colo cated, decentralized event con-
ditions are preferred. We introduce the PSDETC strategy based
on [5].
For system (1), (3), and (5), a decentralized event-triggering
condition with periodic sampling (6) is given by
ˆξ(tb)=/braceleftBigg
ξ(tb), when ∃i:ε2
i(tb)−σξ2
i(tb)>θ i
ˆξ(tb−1),when ∀i:ε2
i(tb)−σξ2
i(tb)≤θi(9)
where εi(t)andξi(t)denote the ith coordinates of
ε(t)andξ(t), respectively, and {θi}i≤nis a set of parameters.
Deﬁne {tk}: ={ tb|∃i,ε2
i(tb)−σξ2
i(tb)>θ i}the sequence of
event times. The sequence {θi}i≤nis obtained solving at each
event time tk⎧
⎪⎪⎪⎪⎨
⎪⎪⎪⎪⎩ˆG
i(tk+te)=ˆε2
i(tk+te)−σˆξ2
i(tk+te)−θi(k)
ˆGi(tk+te)=ˆGj(tk+te),∀i,j∈{1,2,..., n}
n/summationdisplay
i=1θi(k)=0(10)
where for t∈[tk,tk+1[
ˆξi(t)=ξi(tk)+˙ξi(tk)(t−tk)+1
2¨ξi(tk)(t−tk)2+···
+1
q!ξ(q)
i(tk)(t−tk)q
ˆεi(t)=0−˙ξi(tk)(t−tk)−1
2¨ξi(tk)(t−tk)2−···
−1
q!ξ(q)
i(tk)(t−tk)q.
The map te:N→ R+can be set to either te(k)=Tor
te(k)=tk−tk−1. We apply [5, Algorithm 1] to determine
te(k)in the experiments.Thus, with the current θi(k)being calculated and transmitted
from the controller to each sensor node, the sensor node can
locally determine the occurrence of local events. When there is
an event, the corresponding sensor node notiﬁes the controller,and then the controller requests fresh measurements from all
sensors to compute and update the control input.
Proposition 1: For system (1), (3), (5), and (9), given a
decay rate ρ> 0, if there exist a matrix P/follows0 and scalars
μ
1,μ2,μ3≥0, such that
⎧
⎪⎪⎪⎪⎪⎪⎪⎪⎪⎨
⎪⎪⎪⎪⎪⎪⎪⎪⎪⎩/bracketleftBigg
e
−2ρTP−μ1QJT
1e¯ATTP
⋆ P/bracketrightBigg
/follows0
/bracketleftBigg
e−2ρTP+μ2QJT
2e¯ATTP
⋆ P/bracketrightBigg
/follows0
/bracketleftBigg
e−2ρTP+μ3QJT
1e¯ATTP
⋆ P/bracketrightBigg
/follows0(11)
hold, then the system is globally exponential stable with a
decay rate ρ.
Proof: According to [5], ∀i:ε2
i(t)−σξ2
i(t)≤θi
implies εT(t)ε(t)≤σξT(t)ξ(t), which is equivalent to
ξT
p(tb)Qξp(tb)≤0. However, ∃i:ε2
i(t)−σξ2
i(t)>θ imay
indicate ξT
p(tb)Qξp(tb)>0o rξT
p(tb)Qξp(tb)≤0. From the
proof of [4, Corollary III.3], i f the hypothesis in Proposition 1
holds, by applying the S-procedure [40], one obtains
xTQx>0 holds ,then W(J1x,0)≤W(x,T)
xTQx≤0 holds ,thenW(J2x,0)≤W(x,T)
xTQx≤0 holds ,thenW(J1x,0)≤W(x,T)
in which W(x,τ) is a Lyapunov function deﬁned
as [4, eq. (18)]. Therefore, Wdoes not increase during
samplings. Together with the results from [4, Th. III.2], such
aPcan guaranteed
dtW≤− 2ρWbetween samplings; the
system is globally exponen tial stable with a decay rate ρ.
D. Periodic Asynchronous Decentralized
Event-Triggered Control
A periodic asynchronous ETC strategy is presented in [37].
In this strategy, again the triggering condition is distributed
to each sensor node. When there is an event, in contrast with
PSDETC, only the corresponding sensor node data are used
to update the controller. The updated control input is then
calculated and transmitted to the actuators.
Remark 1: In [37], the periodic asynchronous event-
triggered mechanism requires only the transmission of the
relative value of the state (i.e., increment and sign). In thispaper, we call this mechanism PADETCrel. Additionally,
we introduce the PADETCabs mechanism in which the nodes
transmit the state (or absolute value) of the plant.
Consider system (1), (3), and (5), the current sampled state
in the controller is updated as
ˆξ
i(tb)=/braceleftBigg
q(ξi(tb)),ifi∈J
ˆξi(tb−1),ifi∈Jc(12)
Authorized licensed use limited to: Ryerson University Library. Downloaded on July 29,2025 at 18:18:38 UTC from IEEE Xplore.  Restrictions apply. 
2038 IEEE TRANSACTIONS ON CONTROL SYSTEMS TECHNOLOGY, VOL. 26, NO. 6, NOVEMBER 2018
where q(s)denotes a quantized signal of s,Jis an index set:
J⊆{1,..., n}forξ(t), indicating the occurrence of events,
Jc:= {1,..., n}\J.
Deﬁne /Gamma1J:=diag(γ1
J...,γn
J). The element γl
J, with
l∈{1,..., n}is equal to 1, if l∈J,a n d0o t h e r w i s e .
Furthermore, we use the notation /Gamma1j=/Gamma1{j}. The local event-
triggering condition is
i∈JiffξT
p(tb)Qiξp(tb)≥ηi(tb) (13)
where Qi:=/bracketleftbig/Gamma1i−/Gamma1i
−/Gamma1i/Gamma1i/bracketrightbig
,ηi(t):=ω2
iη2(t)is a local threshold,
ωis a predesigned distributed parameter satisfying |ω|=1,
η(t)is a global threshold, determined by
η/parenleftbig
t+
b/parenrightbig
=⎧
⎪⎪⎪⎨
⎪⎪⎪⎩μη(t
b), if|ˆξ/parenleftbig
t+
b/parenrightbig
|≤/rho1η(tb)∧η(tb)>μ−1ηmin
ηmin, if|ˆξ/parenleftbig
t+
b/parenrightbig
|≤/rho1η(tb)∧η(tb)≤μ−1ηmin
μ−1η(tb),if|ˆξ/parenleftbig
t+
b/parenrightbig
|≥μ−1/rho1η(tb)
η(tb), otherwise
(14)
where ηmin>0 is a prespeciﬁed minimum threshold,
μ∈]0,1[is a predesigned parameter, and /rho1is a design para-
meter which can be determined by validating the feasibility of
some bilinear matrix inequalities (17).
Consider the Hamiltonian matrix
H:=/bracketleftbiggH11 H12
H21 H22/bracketrightbigg
(15)
where H11:= ¯A+ρI,H12:= 0,H21:=
−(γ2I−I)−1,H22:= − (¯A+ρI)T,f o rs o m e γ> 1,
and some given ρ> 0. And introduce the matrix exponential
F(τ):=e−Hτ=/bracketleftbiggF11(τ) F12(τ)
F21(τ) F22(τ)/bracketrightbigg
. (16)
Assumption 1: F 11(τ)is invertible ∀τ∈[0,T].
Base on [4], if Assumption 1 holds, then the matrix
−F−1
11(T)F12(T)can be guaranteed to be positive semideﬁ-
nite. Deﬁne the matrix ¯Ssatisfying ¯S¯ST:= − F−1
11(T)F12(T).
According to [37, Th. IV .4], consider the system (1), (3),
(5), (12), and (14), given the Assumption 1 holds and a decay
rateρ> 0. If there exist matrix P/follows0, scalars /rho1> 0,β1>0,
β2>0, and /epsilon1Ji>0,J⊆{1,..., n},i∈{1,..., n}such
that the bilinear matrix inequality
⎡
⎢⎢⎢⎢⎣β
2IF−T
11(T)P¯S˜F−β2JJ 0
⋆ I−¯STP¯S 00 0
⋆⋆ ˜F 00
⋆⋆ ⋆ P+˜H1 0
⋆⋆ ⋆ ⋆ ˜H2⎤
⎥⎥⎥⎥⎦/follows0 (17)holds, where
˜F:=F
−T
11(T)PF−1
11(T)+F21(T)F−1
11(T)
˜H1:= −β1I+β2JT
JJJ−/summationdisplay
i∈J/epsilon1JiQi+/summationdisplay
i∈Jc/epsilon1JiQi
˜H2:=β1/rho12I−β2¯/Delta1T
J¯/Delta1J+/summationdisplay
i∈J/epsilon1Ji/Theta1T/Gamma1i/Theta1
−/summationdisplay
i∈Jc/epsilon1Ji/Theta1T/Gamma1i/Theta1
¯/Delta1J:=/bracketleftbigg0
/Gamma1J/Theta1/bracketrightbigg
,JJ=/bracketleftbiggI 0
/Gamma1J I−/Gamma1J/bracketrightbigg
/Theta1=/bracketleftbigω1···ωn/bracketrightbigT
thenA:= { x||x|≤¯/rho1ηmin}is a globally preasymptotically
stable set for the system [41], where ¯/rho1:=max{|JJ|/rho1+
|¯/Delta1J|,∀J}. Intuitively, the globally preasymptotically stability
indicates that the hybrid system state converges to a set alongthe hybrid timeline. This set is the globally preasymptotically
stable set.
In [37], the update of the signals ˆξ
i(tb)is given by
ˆξi(tb)=ˆξi(tb−1)+sign(ˆξi(tb−1)−ξi(tb))mi(tb)/radicalbig
ηi(tb)
(18)
in which mi(tb):= ⌊ (|ˆξi(tb−1)−ξi(tb)|)/(√
ηi(tb))⌋,
i∈{1,..., n}. Thus, in practice, the sign (ˆξi(tb−1)−ξi(tb))
andmi(tb)has to be transmitted from the sensor to the con-
troller. The increment and sign represent the relative value in
PADETCrel. In PADETCabs, the signals ˆξi(tb)is instead
updated by ˆξi(tb)=ξi(tb). Note that, all the ETC mechanisms
have a ﬁne static quantizer due to the analog to digital
conversion. In PADETCrel, the sensor nodes transmit onlythe relative state. Therefore, an additional coarse dynamic
quantizer can be applied with maximum quantization error√
ηi(tb)for each sensor, i.e., let q(ξi(t))in (12) be of the
form shown in (18). However, since the ﬁne static quantizers
we install in our experimental setting have quantization errornegligible compared with the noise, only PADETCrel consid-
ers the output quantization error.
III. I
NCORPORATING ETC W ITH THE MAC L AYER
In this section, we present the design and implemen-
tation of three innovative TDMA-based MAC protocolswhich enable the deployment of TTC, PETC, PSDETC, and
PADETC approaches accordingl y: control-TDMA (C-TDMA),
synchronous decentralized C-TDMA (SDC-TDMA), andasynchronous decentralized C-TDMA (ADC-TDMA). The
main beneﬁts of these ETC-speciﬁc MAC protocols are:
the optimization of communications by fully exploiting thebehavior and needs of ETC; the minimization of actuator node
listening through duty cycling; and the off-load of the local
controller node by allowing only one node to communicate
with a base station per time.
For the proposed TDMA-based communication schemes,
we assume a city-scale CPS network infrastructure, such as
in Fig. 1, which represents a smart water network. In this
architecture, the sensors and actua tors are divided into clusters.
Authorized licensed use limited to: Ryerson University Library. Downloaded on July 29,2025 at 18:18:38 UTC from IEEE Xplore.  Restrictions apply. 
KARTAKIS et al. : COMMUNICATION SCHEMES FOR CENTRALIZED AND DECENTRALIZED ETC SYSTEMS 2039
Fig. 1. Network architecture.
Fig. 2. Simplistic TDMA MAC protocol.
Each clusters consists of only the sensors, actuators, and a base
station which are involved in the control loop of an application
for a speciﬁc area. The sensor/actuator nodes communicate
in single-hop1with a base station and retrieve acknowledg-
ment messages per transmission. Based on this architecture,
we assume a star topology in which all the nodes of the
same cluster can communicate with the base station (in which
the controller is running) of the cluster. Contemporary long-
range communication technologies, such as low-power wide-area [42], are representative examples of embodiments this
architecture. Furthermore, the controller, which computes the
control signals, is executed in the base station. In this paper,the terms controller and base station are used interchangeably.
Our communication schemes ar e applied within each cluster
while the information exchange among different clusters is out
of the scope of this paper. Note that, despite the single-hop and
centralized communication, the triggering of state transmissionis distributed for decentralized ETC mechanisms.
A. Simplistic TDMA Protocol
TDMA is a channel access method for shared medium
networks, which allows several users to share the same fre-
quency channel. Speciﬁcally, time is divided into intervals T
i
with length T, so-called superframes. Each interval is split
into smaller time slots Sj, with/summationtextN
j=1Sj≤T,w h e r e Nis
1We selected a single-hop communication, because a dynamic multihop
network infrastructure cannot provid e guarantees for time delays; a critical
factor for control systems.
Fig. 3. CTDMA protocol.
the number of sensor/actuator nodes which share the same
channel.2In each time slot, only one predeﬁned sen-
sor/actuator node Njcan transmit ( Tx) or receive ( Rx)a
burst of messages to and from a base station. Outside the
timeslot Sj,Njsleeps or executes other tasks depending on
the hardware infrastructure and the provided ability to duty
cycle. To avoid time violations of time slot bounds due to
Njpossible clock drift, a guard slot forces the termination of
communication before the end of each Sj.F i g .2s h o w st h e
communication scheme of a simplistic TDMA protocol.
Due to synchronous operation, a TDMA-based protocol [34]
can guarantee tight bounds on dela ys which are critical for
network control systems. On the other hand, synchronizingsensor/actuator nodes is considered as the main drawback of
TDMA-based systems. However, the state-of-the-art solutions,
i.e., GPS clock synchronization technologies [43], ensure
typical accuracy better than 1 μs by consuming ultralow power
and without introducing communication overheads. This timesynchronization technology has been tested widely, in term of
robustness and performance, in real city-scale deployments,
such as the smart water network in [44].
B. C-TDMA, and TTC and PETC
C-TDMA is designed to enable TTC and PETC
approaches (see Fig. 3). In order to ensure the simultaneous
state sampling, in the beginning of every interval T
iat time ti,
every node Njhas to retrieve a state measurement xjfrom the
available sensors. Then, the channel bandwidth is divided into
two sets of time slots which are separated by a time delay.
1) Measurement Slots Sx
j(X-Slots): Every sensor/actuator
node Njtransmits xjwithin the time slot Sx
jto the controller.
Within each time slot only one successful message is required.
Thus, the size selection of Sx
jis application speciﬁc and
depends on the size of xj(e.g., 2 Bytes per sensor) and the
number of retransmissions to achieve high reliability based on
the selected hardware.
2) Delay dc:After receiving the complete sampled state
by receiving xj,∀j∈N, a time delay is required to allow
the computation of appropriate control signals ujfor every
sensor/actuator node Nj. The length of this delay depends on
the controller infrastructure and the complexity of the control
model.
2A superframe can be divided into equal time slots that fully utilize the
channel or to minimal slots which cove r the application requirements and
allow the communication to new nodes into the same channel.
Authorized licensed use limited to: Ryerson University Library. Downloaded on July 29,2025 at 18:18:38 UTC from IEEE Xplore.  Restrictions apply. 
2040 IEEE TRANSACTIONS ON CONTROL SYSTEMS TECHNOLOGY, VOL. 26, NO. 6, NOVEMBER 2018
Fig. 4. Communication schemes for decentralized ETC techniques. (a) SDC -TDMA protocol for PSDETC approach. (b) ADC-TDMA protocol for PADETC
approach.
3) Actuation Slots Su
j(U-Slots): The last set of time slots
is related to the control message retrieval by the sensor/
actuator nodes Nj. In each time slot Su
j, node Njtransmits a
request rjfor a control signal ujto the controller. Then, ujis
piggybacked to the acknowledgment message. The beneﬁt of
rjrequest is twofold: 1) off-loads the controller side and
2) reduces Njlistening time. Otherwise, the controller has to
transmit or broadcast ujcontinuously by blocking other tasks,
while Njhas to be active in receive mode during the full length
of the Su
jslot until a successful control message retrieval.
Furthermore, this approach causes more energy savings for
nodes with communication modules that consume the sameamount of energy for transmission and listening, i.e., [45].
The length of S
u
jdepends on the size of ujsignals.
Based on the above, the minimum interval size Tmincan
be deﬁned by the length of X-slots, U-slots, and delay dc,
and the number of the nodes. Furthermore, Tmin can be
considered as the maximum time delay of the system.
TTC and PETC are centralized a pproaches and are executed
in the controller. In both cases, the system requires the trans-mission of the current state to the controller at every T
iduring
the X-slots. Then, in the TTC technique, the controller replies
back in the U-slots of every interval Tiwith a new ujcontrol
signal. On the other hand, in PETC, the controller evaluates
the event condition, as has been described in (7), and transmitsthe new u
jonly if there is a violation. This behavior allows
PETC to save energy due to actuation reduction. Note that
the base station has only as extra overhead the evaluation ofthe event-triggered condition in ( 7). Therefore, the introduced
computational complexity is minor compared with that of
TTC systems.
C. SDC-TDMA and PSDETC
PSDETC is a distributed technique and each sensor node is
responsible for the state transmission decision in every T
i.
The computation of control signals ujandθjparame-
ters require the complete knowledge of the system’s state
for the interval Tiin which a threshold violation has
happened. For example, consider a system with three nodes,
{N1,N2,N3}, in which only two of the nodes, i.e., {N2,N3},
observe threshold violations. The controller requires the state
from all the three nodes to compute the control signals.Using the same example, in a TDMA-based communication
scheme in which each node is assigned to a predeﬁned
time slot S
j, node N1is precluded from transmitting itsstate by being unable to be informed about the threshold
violations of N2and N3. To overcome these limitations,
SDC-TDMA introduces a new set of time slots Sv
j, the V-slots
[see Fig. 4(a)].
1) Violations Slots Sv
j(V-Slots): In the beginning of
every Ti, each node retrieves a measurement and evaluates (9).
Then, the result of each threshold vjis transmitted by the
corresponding node Njto the controller at time slot Sv
j.
2) Measurement Slots Sx
j(X-Slots): In the beginning of
every Sx
jin X-slots, each node Njasks the controller, by send-
ing an ajrequest, whether a threshold violation was observed
in the V-slots. If no threshold violation occurred, the sensor
node sleeps immediately until the next interval Ti+1[gray box
in Fig. 4(a)]. Otherwise, each node transmits each state xjto
controller, wait for the delay dcand actuation slots, U-slots,
follow.
3) Delay dcand Actuation Slots Su
j(U-Slots): Similar to
the C-TDMA approach, after a delay dc, each node requests
the new control signal ujfrom the controller. ujand the
new threshold parameters θj, which is being calculated based
on (10), are being piggybacked into the acknowledgmentmessages of U-slots.
Based on the above, SDC-TDMA sacriﬁces channel avail-
ability and increases the minimum interval length, T
minand
consequently the system’s maximum delay, by adapting V-slots
into the TDMA scheme. Howeve r, in the case of threshold
violation absence, the communication is being minimized
signiﬁcantly by avoiding the transmission of state xjand the
entire execution of U-slots.
D. ADC-TDMA and PADETC
Similar to PSDETC, the PADETC approach transfers the
communication decision making from the controller down
to the sensor/actuator nodes. Additionally, due to its asyn-chronous feature, this approach increases the communication
savings by avoiding the state transmission x
jfrom every
node Njin every interval Ti. The only overhead in the
communication is ηjupdate based on (14) and transmission
toNj.T h ev a l u eo f ηjis being piggybacked with the control
signal ujin the acknowledgment message.
Speciﬁcally, the architecture of ADC-TDMA is similar to
C-TDMA and consists of sensing task, X-slots, dcdelay, and
U-slot [see Fig. 4(b)]. In a Sx
jslot, the node Njevaluates
the threshold of (13). In the case of no threshold violation,
the node Njskips the communication and returns to sleep
Authorized licensed use limited to: Ryerson University Library. Downloaded on July 29,2025 at 18:18:38 UTC from IEEE Xplore.  Restrictions apply. 
KARTAKIS et al. : COMMUNICATION SCHEMES FOR CENTRALIZED AND DECENTRALIZED ETC SYSTEMS 2041
Fig. 5. WaterBox evaluation platform. (a) Wat erBox test bed. (b) Schematic of the WaterBox.
mode until Su
j. For example, the communication in gray boxes
of Fig. 4(b) can be avoided completely or partially dependingon the violations. Otherwise, N
jtransmits to the controller:
xjin PADETCabs or the increment mjin PADETCrel (see
Section II-D). Then, the controller computes the appropriate
control signals and updates the local and global ηbased
on (14) by using only the available xjstates.
In the U-slots, every node has to send a rjrequest message
to the controller, in order to be notiﬁed about a possible
threshold violation from another node. Therefore, the violation
of at least one threshold causes the update of ujandηjto
be sent to every actuator node. The values of ujandηjare
piggybacked to the acknowledgment message.
IV . E VA L UAT I O N PLATFORM :WATER BOX
Smart water networks have been used as a proof of con-
cept for our proposed framework. The WaterBox platform
(see Fig. 5) is a scaled version of such a water network [35]
and developed to demonstrate real time monitoring and control
by adapting innovative communication theories and control
methodologies.
In this paper, our aim is to demonstrate the event-triggered
techniques on possible practical relative setups. Therefore,
WaterBox was used as evaluation platform for our proposedETC techniques and communication schemes. In the future,
the same infrastructure will allow us to evaluate nonlinear
event-triggered mechanisms.
A. WaterBox Infrastructure
A Water supply network structure consists of three individ-
ual layers: 1) storage and pumping; 2) water supply zones anddistrict meter areas (DMAs); a nd 3) end users (water demand).
While valves control ﬂows and pressures at ﬁxed points in the
water network, pumps pressurise water to overcome gravity
and frictional losses along supply zones, which are divided into
smaller ﬁxed network topologies (in average 1500 customerconnections) with permanent boundaries, DMAs. The DMAs
are continuously monitored with the aim to enable proactive
leakage managemen t, simplistic pressure management, and
Fig. 6. WaterBox sensor/actuator node.
efﬁcient network maintenance. WaterBox was designed to
support this architecture as follows.
1) Water Storage and Pumping: The structure of the Water-
Box is shown as Fig. 5(b). The WaterBox has a lower tank
(i.e., ground and soil), an upper tank (i.e., reservoir and lake),and three small tanks (i.e., DMAs). The lower tank collects
water from small tanks, and supplies water to the upper tank
by an underwater bilge supply pump. This supply pump can
supply enough water as the system requires. An assistant bilge
pump and a new powerful pump are installed in series insideand after the upper tank, respectively, and supply water to the
small tanks. When the small tanks require more water supply,
the assistant pump and powerful pump work together. Whenthe small tanks require less water supply, only the assistant
weak pump works. This behavior emulates the day and night
pumping operation of a water network in which the demand
changes dramatically.
2) Water Supply and Sensor/Actuator Node: The water from
the powerful pump ﬂows into three small “DMA” tanks via
a pipe network. For the inlet each tank, a sensor/actuatornode (see Fig. 6), based on the Intel Edison development
board [46], controls the water ﬂow though a motorized
gate valve, so-called in-valve, and monitors the water ﬂow,
Authorized licensed use limited to: Ryerson University Library. Downloaded on July 29,2025 at 18:18:38 UTC from IEEE Xplore.  Restrictions apply. 
2042 IEEE TRANSACTIONS ON CONTROL SYSTEMS TECHNOLOGY, VOL. 26, NO. 6, NOVEMBER 2018
Fig. 7. Local controller visualization application.
pressure (before and after in-valve), and the in-tank water
level. Furthermore, a turbine (ﬂow-based energy harvester) is
installed before each in-valve to harvest energy. To capture
the total energy consumption of each sensor/actuator node,a custom made sensor module was created.
Remark 2: In the WaterBox infrastructure, the sensors and
actuator of each inlet are connected to the same node.
However, our proposed communication schemes can be
applied to noncollocated infrastructures.
3) Water Demand Emulation: At the bottom of each small
tank, there is an opening which enables the emulation of water
consumption. A gate valve, so-called out-valve, is installedafter each opening and can be cont rolled by a sensor/actuator
node. The control of out-valves changes the outlet ﬂow rate
and facilitates the emulation o f user’s random water consump-
tions (i.e., external disturbance).
4) Base Station (Controller): Every sensor node is con-
nected to a local isolated Wi-Fi network.
3Al a p t o pi su s e d
as a controller or base station and hosts a visualization appli-
cation (see Fig. 7) which presents at real time the current stateof the system, allows the manual control of actuators, logs the
retrieved messages, and enables our proposed communication
schemes and ETC scenarios per experiment. Additionally, dueto lack of an indoor GPS time synchronization, an Network
Time Protocol (NTP) server is running in the local controller
and ensures less than millisecond time synchronization accu-
racy among the nodes. To avoid the communication overhead
of the NTP approach, each node executes the synchronizationprocess only at the begi nning of each experiment.
B. System Identiﬁcation and Modeling
We apply gray-box identiﬁcation [47] to generate the system
model and to ﬁnd the uncertain parameters. A ﬁrst principles
model is obtained following [48]. We identify independentlymodels under both mode 1: only the assistant pump works
and mode 2: both pumps work. Using the MATLAB cftool,
we generate ﬁtting curves for the gate valve coefﬁcient of each
in-valve, the turbine efﬁciency, and the pump efﬁciency. These
3The isolation was achieved by disabling service set identiﬁer opera-
tion (broadcast of Wi-Fi availability to new users) from the router and selecting
the low occupied communication channel for the nodes based on spectrometerexperimentscurves are used to compute the ﬁrst principles model. Since
our aim is to stabilize the water level of each tank j∈{1,2,3}
at the desired height h/prime
j, the model is linearized around this
height. In this process, in order to simplify the simulation ofthe user water consumption, we keep the out-valves open, thus,
constant out ﬂow rates can be assumed.
V. H
YBRID CONTROLLER DESIGN
To evaluate the proposed ETC-based communication
schemes, the following control scenario was used: “Control
in-valves to stabilize the water level of the small ’DMA’ tanks
to a certain level ensuring pressure and ﬂow bounds. Enablemode 2(weak and powerful pump), only if the system is away
from the target levels. Switch to mode 1(weak pump), only
when the system is close to the reference state to guarantee
efﬁcient low pressure and ﬂow operation.”
In the design of the controller, the following limitations need
to be considered.
1)Saturation of the Actuators: The maximum open level
of one in-valve is 360°, while the minimum is 0°.
2)Actuator Quantization: Due to the limitation of the
valve’s control components, their open levels can only bechanged in steps of 10°. Therefore, small disturbances
may result in dramatic changes of actuations.
3)Over-Pressure Protection: Due to mechanical limitations
of the pipe network, there is a maximum allowable
pressure for the pipe network.
Since the height of the water levels have a direct effect
on the QoS, the closed-loop system requires a fast response;
however, since the size of the small tanks are lim-ited, the overshoot should simultaneously be constrained.
Experiments show that, in mode 2, the pipe network may be
over pressured, when the open level of the in-valves, deﬁnedbyα
in
j, cannot satisfy
3/summationdisplay
j=1αin
j≥180°. (19)
Overshoot and disturbances could make condition (19) be
violated. While in mode 1, there is no such constrains, that is,
even all three in-valves are totally closed, the pipe networkwill not be over pressured. Therefore, ﬁlling the small tanks
in mode 2 and switching to mode 1 when (19) is violated
is required. Also experimentally, we observe that, when thesystem is in mode 1, the pump may not provide enough water
supply to the small tanks even at the maximum open level,
i.e.,α
in
j=360°,∀j∈{1,2,3}. Therefore, switching back to
mode 2 when the water in the tanks reaches some predeﬁned
low levels is necessary. To support this mode switching,
we deﬁne h
:=/bracketleftbig
h
1h
2h
3/bracketrightbigT,h
j<h/prime
j,j∈{1,2,3},a st h e
lower water levels. If ∃j∈{1,2,3}such that hj(t)≤h
j,
the system switches from mode 1 to 2. With carefully chosen
h
jand properly designed controllers, this violation can only
happen in mode 1. Further analysis shows that, (19) can onlybe violated when h
j(t)> h/prime
j, which together with the fact
thath
j<h/prime
jprecludes Zeno behavior.
Letϑ∈{1,2}represents the corresponding system mode.
The linearized switched model and switched controller of
Authorized licensed use limited to: Ryerson University Library. Downloaded on July 29,2025 at 18:18:38 UTC from IEEE Xplore.  Restrictions apply. 
KARTAKIS et al. : COMMUNICATION SCHEMES FOR CENTRALIZED AND DECENTRALIZED ETC SYSTEMS 2043
Fig. 8. Hybrid controller state automaton.
WaterBox are described by
˙ξ(t)=A(ξ(t)+h/prime)+Bϑv(t), ϑ =1,2 (20)
v(t)=S(−Kϑξ(t)+¯αin
ϑ), ϑ =1,2 (21)
where ξ(t)=/bracketleftbigξ1(t)ξ2(t)ξ3(t)/bracketrightbigT,ξj(t):=hj(t)−h/prime
j,j=
1,2,3 are the system states, hj(t)∈Rare the water levels, and
h/prime
j∈Rare the reference water levels with h/prime=/bracketleftbigh/prime
1h/prime2h/prime3/bracketrightbigT;
v(t)=/bracketleftbigv1(t)v2(t)v3(t)/bracketrightbigT,vj(t):=αin
j,j=1,2,3a r et h e
system control inputs, and ¯αin
ϑare the equilibrium open levels
of the in-valves per operation mode ϑ;Sis a map Rm→
Rmrepresenting actuator saturation and quantization, that is
S(sj):=max{min{10⌊10−1sj⌋,360°},0°}.
Then, the WaterBox hybrid controller state automaton is
s h o w ni nF i g .8 .
From Gray-Box identiﬁcation p rocedure, the system para-
meters are deﬁned as follows. Due to the physical structure ofthe tanks and the low sensitivity of the ﬂow meters, the ﬂow
rates are identiﬁed as constants, that is
A(ξ(t)+h
/prime)=−10−4×/bracketleftbig5.809 3 .554 5 .102/bracketrightbigT.
And
B1=10−5×⎡
⎣0.1436 −0.0170 −0.0164
−0.0098 0 .1060 −0.0100
−0.0139 −0.0139 0 .1492⎤
⎦
B2=10−5×⎡
⎣0.7666 −0.0493 −0.0457
−0.0274 0 .5848 −0.0279
−0.0393 −0.0432 0 .7865⎤
⎦.
The controllers designed are given by
K1=⎡
⎣99950 3029 872
−3014 99940 −1679
−922 1652 99982⎤
⎦
K2=⎡
⎣9998.5 167 .14 1 .0
−166.6 9997 .9−116.0
−43.0 115 .3 9999 .2⎤
⎦.
The designed controller is stable in both modes 1 and 2,
because −B1K1and−B2K2are Hurwitz matrices. Further-
more, due to the long dwell time of the system, the closed loop
retains stable. Given h/prime
j=0.06 and h
j=0.03,∀j∈{1,2,3},
¯αin
1and¯αin
2are computed by solving A(ξ(t)+h/prime)+Bϑ¯αin
ϑ=0
¯αin
1=⎡
⎣503.5950
422.4378
428.5839⎤
⎦,¯αin
2=⎡
⎣84.5099
68.2069
72.8442⎤
⎦.
Since A(ξ(t)+h/prime)is compensated by Bϑ¯αin
ϑ,Ain (1) can be
treated as a zero 3 ×3 matrix. For the presented event-triggeredTABLE I
COMMUNICATION PARAMETER EVA L UAT I O N SETUP
mechanisms, once the inequalities shown in (8), (11), and (17)
are feasible, the system is stable either if A=0o r A/negationslash=0.
However, the speciﬁc dynamics may not result in a large
difference regarding the eff ects of ETC on communications.
In our future work, further analysis and tests will be conducted
with different system dynamics for more conclusive results.Note that, since the linearized model, switching condition,
and input quantization are the same for all the event-triggered
mechanisms, the comparison is fair.
VI. E
VA L UAT I O N
This section summarizes the experimental results of more
than 400 experiments conducted in WaterBox to evalu-
ate our proposed communication schemes for the different
ETC strategies. Each experiment executes the same control
scenario (as described in Sec tion V) and the total process
lasts between 7 and 10 min, including the water state initial-
ization, the execution of experiment, and data logging from
sensor/actuator nodes and local controller.
A. Evaluation Setup
The proposed communication protocols of Section III were
deployed to the WaterBox sensor/actuator nodes by wrapping
the functionality of the Intel Edison Wi-Fi module. Table I
presents the conﬁguration of t he communication parameters.
Based on the predeﬁned packet sizes of the speciﬁc hardware
infrastructure, a set of experiments was conducted to determine
reliable time slot and guard delay sizes.
Based on Table I timing parameters and Section III time
slot analysis, the minimum interval size Tminfor C-TDMA
and ADC-TDMA has to be more than 406 ms while for
SDC-TDMA more than 564 ms (because of the V-slots). Thus,
we evaluate TTC, PETC, and PADETC (with absolute or refer-ence value) with interval size T=0.5,1,2a n d T=1,2sf o r
PSDETC. The selected interval sizes and the rest parameters
of the ETC strategies are listed in Table II. The σandρ
Authorized licensed use limited to: Ryerson University Library. Downloaded on July 29,2025 at 18:18:38 UTC from IEEE Xplore.  Restrictions apply. 
2044 IEEE TRANSACTIONS ON CONTROL SYSTEMS TECHNOLOGY, VOL. 26, NO. 6, NOVEMBER 2018
TABLE II
PARAMETERS OF TRIGGERING STRATEGIES
Fig. 9. Experimental results. Note t hat, for PSDETC, the maximum event
interval of small tank 2 is 66 s.
ETC parameters are chosen by ﬁnding feasible solutions of
the corresponding algorithms (8) and (17), while μis tuned
experimentally. Note that, Assumption 1 holds for all those T
listed in Table II.
In the ﬁrst set of experiments, we examine the impact of
the ETC parameters ( σ,μ,a n d/rho1) to the performance of the
system. A ﬁxed interval size T=1 was used with all the
different combinations of ETC parameter values of Table II.
Another set of experiments was conducted to explore the
effect of Tin the behavior of the system. Keeping σ=0.2,
μ=0.95, and /rho1=85 constant, all the experiments were
reexecuted with T=0.5a n d T=2 [Table II (bold text)].
To ensure the validity of the eva luation results, each experi-
ment was repeated 10 times4for each different combination
of ETC parameters and T. Mean values are used to illustrate
the evaluation results. The data were captured from the nodes
and controller for the period of time between the beginning of
each experiment ( t0=0) until a ﬁxed end time ( tend=110 s),
which guarantees the system turns to mode 1 and convergesto steady state, denoted T
exp.
B. Experimental Results
In this section, we compare TTC, PETC, PSDET,
PADETabs, and PADETrel experimental results in terms of
4The number of experiment repetitions was selected experimentally by
analyzing the variance of the results (i.e., under 2% of mean).the following.
1)Water Level Overshoot: the maximum water level during
the experiment. This paramet er indicates the system’s
maximum state overshoot which is critical for water
network asset safe operation.
2)Switching Time (t sm):the duration between experiment
start time t0and the ﬁrst switch mode time tsm,
as described in condition (19). The time to mode switch-
ing is employed as an estimate of the system settling
time (due to its ease of detection in our setup).
3)Sleep Time: the total sleep time of all the nodes. This
parameter evaluates the use of the bandwidth and CPU
in the sensor/actuator node.
4)Discharge (Energy Consumption): our custom made
sensor module retrieves current measurements cnin mA
at a ﬁxed frequency of 10kHz. The energy consumption
of a speciﬁc time period /Delta1tin seconds and with average
current measurements over this period/angbracketleftbigC/angbracketrightbig
/Delta1tcan derived
from E(/Delta1t)=/angbracketleftbig
C/angbracketrightbig
/Delta1t·/Delta1t/3600. We used a hardware
average to ensure the continuity of the current measure-
ments and validated our instrument against a calibrated
reference [49]. The energy consumption includes theconsumption because of the communication, sensing,
actuation, and idle mode. We present two discharge val-
ues, i.e., the whole discharge and discharge without sleeptime. Based on these parameters, the battery lifetime of
different hardware infrastructures can be implied.
5)Actuations: the number of valves’ changes,
i.e.,/summationtext
∀tb∈[t0,tend]/summationtext3
j=1Yj(tb),w h e r e
Yj(tb)=/braceleftBigg
1,ifαin
j(tb)/negationslash=αin
j(tb−1)
0,otherwise
where tbis deﬁned in (6). The amount of actuations
indicates the lifetime of actuators, which is vital for
industrial deployments. For example, in water networks,an increase to the valve actuations implies fatigue
enhancement of mechanical parts and frequent expensive
maintenance.
6)Valve Movement: the sum of valves’ movement
in degrees between two consecutive changes,
i.e.,/summationtext
∀tb∈[t0,tend]/summationtext3
j=1|αin
j(tb)−αin
j(tb−1)|. Combined
with the number of actuations, the valve movement can
be used to estimate physical system lifetime.
7)Violations: the sum of event condition violations. For
each violation the local controller transmits a con-
trol signal ujto each node, i.e., three times. There-
fore, the total transmitted control signal is equal to
three times the violations. This metric indicates the
communication requirements of actuators. Violationsand actuations are different values, because the local
controller can produce the same consecutive control
signal.
8)State Transmissions: the sum of state x
jtransmissions
to local controller. This metric indicates the commu-nication requirements of sensors. Both violations and
state transmissions represents the total communication
requirements of the system.
Authorized licensed use limited to: Ryerson University Library. Downloaded on July 29,2025 at 18:18:38 UTC from IEEE Xplore.  Restrictions apply. 
KARTAKIS et al. : COMMUNICATION SCHEMES FOR CENTRALIZED AND DECENTRALIZED ETC SYSTEMS 2045
Fig. 10. Impact of ETC parameters ( σ, μ,ρ ) in: (a) water level overshoot, (b) switching time, (c) sleep time, (d) discharge, (e) actuations, (f) valve movement,
(g) violation, and (h) state transmissions.
Fig. 11. Impact of interval length Tin: (a) water level overshoot, (b) switching time, (c) sleep time, (d) discharge, (e) actuations, (f) valve movement,
(g) violation, and (h) state transmissions.
Fig. 9 shows an example of raw data as captured from
the nodes and the controller. Next, we analyze the energy
consumption trends compared with sleep time for different
hardware infrastructures, the effect of ETC parameter setup
and interval length Tto the performance of the system, and weaggregate the savings of ETC approaches against the vanilla
scenario of TTC.
1) Energy Consumption and Sleep Time: The hardware
infrastructure of a WaterBox node consumes more energy in
sleep mode. During sleep mode, our process yields priority
Authorized licensed use limited to: Ryerson University Library. Downloaded on July 29,2025 at 18:18:38 UTC from IEEE Xplore.  Restrictions apply. 
2046 IEEE TRANSACTIONS ON CONTROL SYSTEMS TECHNOLOGY, VOL. 26, NO. 6, NOVEMBER 2018
TABLE III
SA VINGS COMPARED WITHTTC (%) T OTAL EXPERIMENT TIME,I.E., [0, tEND], W ITHσ=0.2,ρ=85, ANDμ=0.95
TABLE IV
SA VINGS COMPARED WITHTTC (%) U NTIL MODE SWITCHING TIME,I.E., [0, tSM], W ITHσ=0.2,ρ=85, ANDμ=0.95
to the background tasks of the operating system which are
more energy hungry. In order to generalize the results todifferent hardware infrastructures which support lower energy
consumption during sleep mode (i.e., deep sleep), we provide
the upper and a lower bounds of energy consumption. The
upper bound presents the real experimental results based on
our node while the lower bound represents an estimation ofenergy consumption of a node which supports deep sleep.
5
The need of energy consumption range can be clearly seenin Fig. 11(c) and (d). In spite of the sleep time increase inall cases, the upper bound of energy consumption increases
proportionally (the opposite holds for the lower bound). Addi-
tionally, PSDETC is expected to consume more energy than
the others because of the V-slots . However, Fig. 10(c) and (d)
illustrate the opposite trend for the upper bound (opposite forlower bound) due to the energy hungry sleep mode. Overall,
PADETCabs and PADETCrel consume the least energy com-
pared to the other approaches. In spite of the uses of the samecommunication scheme, PETC performs slightly better than
TTC of actuation reduction (quantitative results will presented
later on).
2) Effect of ETC Parameters: Fig. 10 presents the effect of
different parameters, e.g., σ,ρ,μwith the same interval length
T=1. The experiment results follow the trends shown in the
theory. In PETC and PSDETC, a smaller σforces the system
to be more conservative and leads to more event condition
violations [Fig. 10(g)] and consequently to more actuation[Fig. 10(e)] and energy consumption [Fig. 10(d)]. For the same
reason, in the decentralized PSDETC, the state transmission
reduces with bigger σ[Fig. 10(h)].
In PADETC, a bigger /rho1has similar effect as a smaller
σin PETC. This can be clearly seen in Fig. 10(e) and (g),
in which bigger /rho1causes more actuations and violations,
respectively. A bigger μcan result in more frequent thresh-
old updates, but maintains the threshold less conservative,and thus, the sampling errors can be enlarged. Additionally,
Fig. 10(g) shows that μhas greater impact on violations than
σand/rho1parameters.
5We calculated the lower energy consumption by subtracting the energy
consumption during sleep mode from the total3) Impact of Interval Length Selection: Fig. 11 shows
the impact of different interval lengths, in which the samepredesigned Lyapunov converge rate can be guaranteed, for
the same set of rest of the parameters, e.g., σ,ρ,a n d μ.
It can be clearly seen in Fig. 11 that smaller interval T
results in better performance but worse energy consumptions.
The water level overshoots are almost the same becauseof the actuator quantization. Larger sampling times always
result in longer convergence time and longer sleeping times.
Similarly, the upper bound discharge indicates this trend;longer sleep time leads to higher energy consumption due
to the energy hungry operating system background tasks.
Oppositely, the lower bound of discharge shows that hardware
infrastructures with deep sleep consume signiﬁcant lower
energy for larger interval Tdue to long sleeping time.
4) Savings Compared with TTC: Tables III and IV show
the total savings of different ETC techniques against TTC for
the time period period
1=[0,tend](total experiment time) and
period2=[0,tsm](time until switching mode), respectively.
We provide this data separately due to the existence of the
switched controller and the different behavior of the twomodes.
In period
1PETC performs similar to TTC with the
difference of reduced actuations and violations by 18.6%
and 42.8%, respectively. In spite the saving, PETC causes
more valve movements than TTC. The PSDETC is more con-servative than the centralized PETC, with a result, the lower
savings in terms of violations. However, PSDETC reduces the
valve movements and the state transmissions due to the decen-tralized architecture. PADETC abs outperforms all the other
approaches because of the asynchronous behavior, reducing
signiﬁcantly the violations, state transmissions and actuationsby achieving 44.8%, 51.6%, and 27.2% savings, respectively.
PADETCrel occurs similar actuation and communication sav-
ing with PADETCrel but with the tradeoff of lower per-
formance in terms of water level overshoots and switching
time. As has been described in Section II, this happens,because the PADETC with reference value updates introduces
an extra error, known as maximum dynamic quantization error.
However, this extra error allows this triggering mechanism to
Authorized licensed use limited to: Ryerson University Library. Downloaded on July 29,2025 at 18:18:38 UTC from IEEE Xplore.  Restrictions apply.","[-0.04808259755373001, -0.018714575096964836, -0.03548551723361015, 0.01619226485490799, 0.05523210018873215, -0.032113708555698395, 0.06257779151201248, 0.019158750772476196, 0.02289419062435627, 0.05897723510861397, 0.03699831664562225, -0.04547380283474922, 0.030060041695833206, -0.040971916168928146, 0.05703584477305412, 0.0490804947912693, 0.07384441792964935, -0.0732097178697586, 0.010649568401277065, -0.03495084121823311, 0.10424066334962845, -0.002025669440627098, 0.043263934552669525, 0.005958652589470148, -0.11159808188676834, 0.017274804413318634, -0.023944592103362083, -0.03833546116948128, -0.0640489012002945, 0.03346456214785576, 0.013324074447154999, -0.025281650945544243, 0.0023637597914785147, -0.1368841975927353, 0.002879049628973007, -0.008474154397845268, 0.007200589869171381, 0.03143927827477455, -0.03329663351178169, -0.0212261900305748, 0.005273408256471157, -0.08317893743515015, -0.008615638129413128, 0.006637760438024998, -0.050846513360738754, 0.03091873973608017, -0.007300468161702156, 0.035783253610134125, -0.050590191036462784, 0.006682025734335184, 0.018949776887893677, -0.07237599790096283, 0.0754307359457016, 0.017551792785525322, 0.08967547863721848, -0.019557306542992592, 0.01326976902782917, 0.046544138342142105, 0.03202037513256073, -0.10320371389389038, 0.03413514047861099, -0.006959067657589912, -0.06192430108785629, -0.025910910218954086, -0.023015083745121956, 0.06404981017112732, -0.021620595827698708, 0.0353069081902504, 0.042889613658189774, -0.09147415310144424, -0.03191201016306877, 0.003718707477673888, 0.05575726553797722, -0.027244525030255318, 0.045493364334106445, -0.027741895988583565, -0.05961523577570915, -0.02657919190824032, 0.015001465566456318, 0.018246347084641457, 0.020368702709674835, -0.02627613954246044, -0.037117425352334976, 0.02288542129099369, -0.0020602478180080652, 0.011960688047111034, -0.01708172634243965, -0.019978120923042297, 0.05808239430189133, -0.04082803055644035, -0.021395912393927574, 0.0003792887437157333, -0.016299229115247726, 0.03026539832353592, 0.08494598418474197, 0.01945837400853634, 0.0009902704041451216, -0.009924695827066898, 0.025085726752877235, 0.00020805450913030654, 0.016791025176644325, -0.02937244437634945, -0.08314653486013412, -0.006563243456184864, 0.09681042283773422, -0.03315318003296852, -0.03493643179535866, 0.019243236631155014, 0.08761768043041229, 0.02295849472284317, -0.06952415406703949, -0.08753583580255508, -0.022168418392539024, 0.015097192488610744, -0.014453411102294922, 0.06023023650050163, -0.037786003202199936, 0.05369848012924194, 0.04560587555170059, -0.050677742809057236, -0.002288181334733963, -0.0820244550704956, -0.009564680978655815, -0.01946970820426941, 0.16746638715267181, 0.07284916192293167, 0.053930092602968216, 3.52215906996576e-33, -0.07301376760005951, -0.04493485391139984, -0.07401217520236969, -0.04471905156970024, 0.08646955341100693, -0.03744816407561302, 0.020312482491135597, 0.02980116568505764, -0.005167987663298845, 0.007800515741109848, -0.04743862897157669, 0.020183516666293144, -0.015231934376060963, -0.06132048740983009, 0.09491989016532898, -0.08087208867073059, 0.0018086020136252046, -0.12319174408912659, 0.06223733350634575, -0.013012097217142582, 0.040279608219861984, -0.07908638566732407, 0.016543179750442505, -0.006892414763569832, 0.039375368505716324, -0.00500225555151701, 0.03566886484622955, 0.06771544367074966, 0.07548036426305771, 0.019568217918276787, -0.013938844203948975, -0.02432120591402054, -0.009518391452729702, 0.04466288164258003, 0.004268554504960775, -0.014987779781222343, 0.01022434700280428, -0.03289962559938431, -0.01736597530543804, 0.0007016006857156754, -0.01743509992957115, -0.025864889845252037, -0.08969079703092575, -0.017821600660681725, 0.035150714218616486, -0.0687754675745964, 0.03358178213238716, 0.07822411507368088, -0.016935987398028374, -0.03879160434007645, 0.04774360731244087, -0.005951038096100092, 0.02094028890132904, -0.013048246502876282, 0.003126354655250907, -0.07619472593069077, 0.0179913267493248, 0.05033335089683533, 0.054897550493478775, 0.11803165823221207, -0.07671741396188736, 7.207657472463325e-05, 0.11866576969623566, 0.003885864745825529, 0.09678735584020615, 0.06376970559358597, -0.052691757678985596, 0.026938462629914284, 0.05961769446730614, -0.03394903242588043, 0.021834315732121468, 0.021360913291573524, 0.04834636300802231, 0.047021929174661636, 0.01840539090335369, 0.03069107048213482, 0.010996167548000813, 0.013858304359018803, -0.0937739685177803, 0.0861750915646553, 0.004824233707040548, 0.05768316611647606, 0.0033196648582816124, 0.12682615220546722, 0.04943201690912247, -0.10918302088975906, -0.11495353281497955, 0.004568842239677906, -0.06575791537761688, 0.005599812138825655, 0.06410568952560425, -0.01764855906367302, 0.06845827400684357, 0.06339327245950699, -0.010262232273817062, -3.380039231557453e-33, 0.017379386350512505, 0.010214767418801785, -0.026283226907253265, 0.04558580741286278, 0.10372021049261093, -0.0028931251727044582, -0.01688392460346222, -0.04343496263027191, -0.026944467797875404, 0.06869418174028397, 0.012786596082150936, -0.02845872938632965, -0.022147897630929947, 0.004497544839978218, 0.04885823652148247, -0.03376550227403641, -0.027266452088952065, -0.07628262788057327, -0.019213547930121422, 0.0475543811917305, 0.007286774925887585, 0.06810365617275238, -0.028825029730796814, -0.0787523090839386, -0.03162465617060661, 0.06584238260984421, -0.017001720145344734, 0.06989225745201111, 0.0049483259208500385, 0.017389364540576935, -0.131368950009346, -0.022595783695578575, 0.01315658912062645, -0.014188893139362335, 0.07174954563379288, 0.02574278973042965, 0.06873686611652374, 0.0798206478357315, -0.005043246317654848, 0.0284233670681715, 0.09377216547727585, -0.044845882803201675, -0.00028356481925584376, 0.011168105527758598, 0.014422915875911713, 0.06882749497890472, -0.0643744170665741, 0.013434032909572124, -0.05412892624735832, 0.008306887000799179, 0.02342369221150875, -0.053350143134593964, -0.021131310611963272, 0.024257294833660126, 0.07791132479906082, 0.07481291890144348, 0.08958520740270615, 0.02403784543275833, -0.09760343283414841, -0.003011790569871664, 0.07853148132562637, -0.12366276979446411, 0.03547385334968567, 0.1272517740726471, 0.01564258337020874, 0.06805402040481567, 0.04907695949077606, 0.014113911427557468, 0.052730392664670944, -0.00315602938644588, -0.004835944157093763, 0.011210877448320389, 0.001517175231128931, -0.02052844502031803, 0.02092619612812996, 0.02643241174519062, -0.03222115337848663, -0.030628038570284843, -0.05929834768176079, -0.015196704305708408, -0.04930802062153816, 0.07483916729688644, -0.0028711447957903147, -0.0770917609333992, -0.004283750429749489, 0.032154668122529984, -0.023107578977942467, -0.044283296912908554, 0.02583691105246544, 0.02317536622285843, -0.010309851728379726, -0.0001475750468671322, 0.006712260656058788, 0.10281750559806824, 0.027138644829392433, -5.890762011517836e-08, -0.037435416132211685, 0.050209153443574905, 0.09810280054807663, -0.08893787860870361, 0.008067319169640541, -0.012520010583102703, 0.04575982317328453, -0.1357804536819458, 0.021798936650156975, 0.004176323767751455, 0.005694290157407522, -0.04549941420555115, -0.0037823710590600967, -0.0332641564309597, 0.005140556022524834, -0.014107595197856426, 0.05779976770281792, -0.04919808357954025, -0.04770037531852722, -0.053810395300388336, 0.08022579550743103, -0.08552008122205734, -0.0733678936958313, 0.023049751296639442, 0.048932790756225586, -0.014571156352758408, -0.03341459482908249, 0.056228864938020706, 0.06059078127145767, -0.04248514771461487, -0.06419520080089569, -0.06457206606864929, 0.0064882757142186165, 0.021707644686102867, -0.05353232100605965, -0.040896691381931305, -0.05606084689497948, -0.07781045138835907, 0.03709498792886734, 0.013965140096843243, -0.030834322795271873, -0.02364826388657093, -0.09163058549165726, -0.021064164116978645, 0.0019032738637179136, -0.04140758514404297, -0.09575221687555313, -0.024940360337495804, 0.029314063489437103, 0.10239633172750473, -0.03880702704191208, -0.02564943954348564, 0.05371607840061188, 0.018936745822429657, 0.053835637867450714, 0.024428091943264008, 0.03608902916312218, -0.10085369646549225, -0.05111174285411835, 0.04046202823519707, 0.01596032828092575, 0.03917192667722702, -0.13227064907550812, -0.021172499284148216]"
Control Over Low-Power.pdf,"Control over Low-Power Wide-Area Networks
Aakriti Jain†
Wayne State University
Detroit, USAPrashant Modekurthy†
University of Nevada Las Vegas
Las Vegas, USAAbusayeed Saifullah
Wayne State University
Detroit, USA
Abstract —There has been a growing interest to adopt low-
power wide-area network technology, specially LoRa, for indus-
trial control applications. Its machine-to-machine communication
capabilities can enable management of large-area applications
(e.g., oil fields over hundreds of km2) or process plants that are
often positioned far from the central operations center, at incon-
venient or hazardous locations in difficult terrain or offshore.
While recent works have studied real-time communication over
LoRa, they have not considered optimizing control performance.
To optimize control performance, industrial automation needs a
co-design of real-time scheduling and control. Such a co-design,
in general, is highly challenging due to complex dependencies
between control performance, plant dynamics, and real-time
communication. Existing co-design approaches for other wireless
domains are not applicable to LoRa network. LoRa nodes are
extremely power-constrained hindering frequent communication
and scale. In this paper, we propose a highly energy-efficient
and scalable framework for real-time scheduling and control co-
design for a LoRa network. By taking into account LoRa charac-
teristics, the co-design approach entails state-aware communica-
tion and control to dynamically update the sampling rates while
meeting real-time constraints. To minimize communication and
synchronization overhead, the co-design is decomposed through
a partitioned scheduling. We consider co-design in each partition
of the control loops by developing a new schedulability condition.
The proposed scheduling-control co-design solution dynamically
determines the sampling rates of the sensors to optimize control
performance. Simulations based on NS-3 and a custom control
script show that our co-design approach minimizes control cost
at least by 80% as compared to the baselines.
Index Terms —Networked Control system, IIoT, CPS, LPWAN,
LoRa, Real-Time Communication, Model Predictive Control,
Stability, Scheduling
I. I NTRODUCTION
In industrial domain, Internet of Things (IoT) and cyber-
physical systems (CPS) are emerging in large-scale and wide-
area applications. For example, oil fields can extend over
hundreds of km2(e.g., the East Texas Oil-field has an area
of74×8km2) requiring numerous sensors and actuators for
their management [1]. Emerson is planning to deploy 10,000
sensors and actuators in an oil-field in Texas [2]. Traditional
industrial wireless solutions based on short-range technologies
such as WirelessHART [3] and ISA100.11a [4] form multi-
hop mesh networks, posing a huge challenge to support
such large-scale and wide-area deployments. Therefore, many
recent works have proposed to adopt Low-Power Wide-Area
Network (LPWAN) for industrial control applications [5]–
[7]. In parallel, there has been a growing interest for LP-
WANs in industries, as shown in a recent survey conducted
†Co-primary authorby ON World and the International Society of Automation
(ISA) that 57% of industrial IoT professionals prefer LP-
WAN solutions [8]. Thanks to their long range (km) at low-
power (milliwatts), LPWANs can enable machine-to-machine
communication thereby greatly benefiting the applications like
management of pipelines (that can be hundreds of km long),
silo level, oil refineries, and process plants that are often po-
sitioned far from the central operations center, at inconvenient
or hazardous locations in difficult terrain or offshore.
LoRa (Long Range) is a leading LPWAN technology that is
commercially available across the world with more than 600
known use cases and over 50 million devices deployed on
every inhabited continent [9]. Existing works like [5], [7] have
specifically considered LoRa as a communication backbone
for industrial control applications, specially for the regions
like North America, where LoRa spectrum duty-cycling is not
required. ABI research predicts that more than 50% of all
LPWAN connections will be based on LoRa by 2026 due to
it is flexible for outdoor and indoor applications [10]. Works
[6], [7] have proposed real-time communication over LoRa
to enable control applications. However, these works have
not considered control performance optimization on LoRa
networks. In this paper, we bridge the gap between real-time
communication and control applications and address control
performance optimization for a LoRa network.
Optimizing control performance over a LoRa network is
highly challenging. To optimize control performance, indus-
trial automation needs a co-design of real-time scheduling and
control. Such a co-design, in general, is highly challenging
due to complex dependencies between control performance,
plant dynamics, and real-time communication. Existing co-
design approaches [11]–[15] for other wireless domains are
not applicable to LoRa network as LoRa nodes are extremely
power-constrained. A LoRa node’s battery-life is expected to
be of several years as changing batteries too often in numerous
devices and in remote or inaccessible places is not a practical
option. While energy-efficiency is a general requirement and
challenge in LPWANs, it becomes more complicated in LoRa
when combined with real-time requirement. Specifically, the
nodes’ communications have to be minimal which makes real-
time communication extremely challenging.
The fundamental building blocks of any industrial automa-
tion system are feedback control loops that largely rely on real-
time communication between sensors and actuators. Enabling
closed-loop communication under severe energy constraints of
the nodes is quite challenging. One key method of conserving
1
energy of the LoRa devices is to reduce communication while
doing critical control operation, which could be achieved by
dynamically selecting the sampling rates for the control loops.
However, the selection of sampling rates for these loops is
crucial to achieve a balance between control performance
and real-time communication. Opting for a low sampling
rate can degrade control performance, while a high rate
can introduce substantial communication delays, leading to
subpar performance. Furthermore, the large-scale deployment
of LPWAN/LoRa poses a challenge on the scalability and
stability of the network.
In this work, we explore scheduling-control co-design to
maintain control performance at low energy cost. We address
the above challenges by proposing a highly energy-efficient
and scalable framework for real-time scheduling and control
co-design for a LoRa network. By taking LoRa characteristics
into account, the co-design approach entails state-aware com-
munication and control to dynamically update the sampling
rates while meeting real-time constraints and ensuring stability.
Using Model Predictive Control (MPC) theory, it samples the
system at a slow rate in steady state and faster during the
transients. To minimize communication and synchronization
overhead, the co-design is decomposed through a partitioned
scheduling after which scheduling-control co-design is done
inside each partition of the control loop. The partitioning is
done by adopting RTPL, a partitioned real-time scheduling
algorithm for LoRa proposed in [7]. We develop the co-
design in each partition subject to a schedulability constraint
which, to our knowledge, is the first sufficient schedulability
condition for real-time protocol on a LoRa network supporting
concurrent transmission and reception of packets on distinct
channels. The co-design solution dynamically determines the
sampling rates of the sensors to optimize control performance.
The paper is organized as follows. Section II presents the
necessary background and system model. Section III reviews
related work. Section IV presents the proposed scheduling-
control co-design. Section V evaluates the proposed co-design,
and Section VI concludes the paper.
II. S YSTEM MODEL AND BACKGROUND
In this section, we present a brief overview of LoRa and
the RTPL MAC protocol. We also present the system model,
consisting of a network model and a physical control system.
A. An Overview of LoRaWAN
LoRa is a leading LPWAN technology. Typically, Lo-
RaWAN is known as the MAC layer of the LoRa stack, while
LoRa is considered as the physical (PHY) layer. A LoRaWAN
architecture consists of three devices: gateways, end devices
(nodes), and a network server. Nodes are sensors or actuators
that can communicate directly with a gateway over long
distance (several kilometers) and have a half-duplex radio,
enabling transmission or reception of a packet at a time but not
both. A LoRaWAN network can consist of multiple gateways
that relay information to the network server through a local
LAN/Internet. The network manager and the controller areresponsible for the overall operation of the network. Unlike the
battery powered nodes, the gateway is line-powered, Internet-
connected and has high computation capabilities.
LoRa adopts a proprietary Chirp Spread Spectrum (CSS)
for communication that makes it less sensitive to noise and
interference. A LoRa transceiver entails five transmission
parameters that can be adjusted during runtime: transmission
power, carrier frequency (channel), spreading factor (SF) ,
bandwidth (BW), and coding rate (CR). These parameters are
crucial role in determining the transmission duration, energy
consumption, reliability, and range of the communication.
SF ranges between 7-12 and represents the number of bits
encoded in a symbol. A higher spreading factor implies a
lower-bit rate, longer transmission time, a higher Signal-to-
Noise Ratio (SNR), increased receiver sensitivity, and longer
range. Depending on the SF and bandwidth, LoRa achieves
data rates between 0.3 kbps and 27 kbps.
B. Network Model
We consider an LPWAN based on LoRaWAN. A commu-
nication path in a LoRaWAN network is a combination of
a SF and a channel. LoRaWAN uses orthogonal SFs [16],
where two communications paths are said to be orthogonal to
each other if they have different channels or different SFs. An
uplink communication path (UCP) is a unique combinations
of uplink channels and spreading factors on which a gateway
can simultaneously receive packets. Similarly, a downlink
communication path (DCP) is a unique combination of down-
link channels and spreading factors on which a gateway can
simultaneously transmit packets.
Sensors are responsible for measuring process variables and
transmitting them to the controller on a UCP. The controller,
in turn, sends control commands to the actuators on a DCP.
Actuators apply the control command to modify physical
processes. We refer to the closed loop communication from
a sensor to actuator via a controller as a control loop. A LoRa
gateway is equipped with ( 1 +m′) radios. One radio enables
simultaneous reception across m UCPs, while the remaining
radios enable concurrent transmissions across m′DCPs.
Each control loop is allocated multiple time slots on the up-
link and downlink communication path. The system designer
determines the number of time slots allocated to a control
loop on a communication path, considering the control loop’s
reliability requirement and noise conditions on the commu-
nication path. We define Cup
i(UCP j)as the communication
time requirement on the uplink communication path UCP jfor
control loop ℓi, referring to the number of time slots allocated
for control ℓion the communication path UCP j. Similarly, we
define Cdown
i(DCP j)as the communication time requirement
for control loop ℓion the downlink communication path DCP j.
We adopt the RTPL partitioned scheduling from a recent
work [7]. In RTPL, control loops are partitioned and each
partition is assigned a UCP and DCP. Control loops are
scheduled within a partition using earliest deadline first (EDF).
2
C. Physical Control System
We consider a LoRa network with nwireless control loops
ℓ1, ℓ2,···, ℓn, where ℓirepresents the feedback control loop
between a sensor node siand actuator aithrough a controller
at the gateway. For a control loop ℓi, the controller computes
control command ui(k)upon receiving state information xi(k)
from sensor si, and then sends it to the actuator ai. The
controller also computes the sampling period for each loop.
We model the physical plant as a linear time-invariant
system (LTI). We use an LTI representation since it models a
wide variety of systems with satisfactory accuracy. A control
loopℓiis represented in the discrete state space as follows.
xi(k+ 1) = Aixi(k) +Biui(k);yi(k) =Cixi(k),
Here, xi(k)is the state of the control loop ℓiat time step
k. The control input is denoted as ui(k), while the observed
output is represented by yi(k).Ai∈Rn×n,Bi∈Rn×m, and
Ci∈Rp×n. For each control loop ℓi, we assume that the pair
(Ai,Bi) is controllable, and that the pair ( Ai,Ci) is observable.
Since each control loop is controllable, an optimal controller
such as model predictive controller ensures all control loops
reach their desired state and remain in the desired state.
We denote the sampling period of ℓibypiand the deadline
ofℓibydi. We consider an implicit deadline system, i.e., the
period of control loop equals its deadline ( pi=di). If a control
loopℓimeets its deadline difor all of its packets, then it is
said to be schedulable . A set of control loops is schedulable,
when each control loop in the set is schedulable.
D. RTPL Overview
RTPL is a low-overhead real-time communication protocol
for LoRa that leverages the concurrent reception capabilities
of LoRa proposed in [7]. It adopts a partitioned scheduling
approach, dividing control loops into partitions. The control
loops in each partition uses one uplink and one downlink
communication path with the same SF. Communications of the
control loops inside a partition happen only on that partition’s
uplink and downlink communication paths.
Within a partition, the nodes adopt a time division multiple
access (TDMA) protocol, dividing the network time into slots.
The time slot length is defined as the time to transmit a
packet on the smallest spreading factor. Packet transmission
lengths vary with the SFs. Thus, a control loop requires
multiple time slots to transmit a packet on higher SFs. Within
a partition, the control loops follow the EDF scheduling. The
period and communication time requirement for uplink and
downlink communication for all control loops is disseminated
to all nodes within a partition. Nodes use EDF scheduling to
transmit and receive packets.
RTPL adopts a worst-fit partitioning algorithm. The algo-
rithm iterates over the list of control loops. For each control
loop, the partitioning algorithm identifies a partition with the
largest remaining utilization after allocation. If the control loop
is schedulable on that partition, it assigns the control loop to
that partition. If it cannot be assigned to any partition, the
algorithm decides the case as unscheduleable and stops.RTPL adopts a utilization-based schedulability test to de-
termine the schedulability within a partition. Considering a
control loop ℓihas a period of Tiand a deadline di=Ti, the
utilization of ℓion the partition with UCP jandDCP jis
µi(UCP j) =Cup
i(UCP j) +Cdown
i(DCP j)
Ti.
Considering π(UCP j)represents the set of control loops
allocated to that parition, the schedulability test within the
partition is given by the following equation.X
ℓi∈π(UCPj)µi(UCP j)≤1
III. R ELATED WORK
Several recent studies have suggested using LoRa for indus-
trial control applications [5]–[7] and real-time communication
[6], [7]. [6] introduces a medium access strategy to support
real-time flows in LoRa-based networks, while [7] presents
a partitioned real-time scheduling strategy called RTPL for
LoRa. [17] proposes a strategy to enhance task schedulability
by optimum period selection. In contrast to these works, our
approach involves dynamically updating sampling rates based
on a control cost formulation, which jointly determines the
control signal and sampling period.
Prior studies on scheduling and control co-design [11]–
[15], [18], [19] have predominantly focused on traditional
short-range wireless networks, leaving the potential of LP-
WAN/LoRa unexplored. These studies assume fixed sampling
periods for each sensor, which can be power-consuming,
particularly when the system is in a stable state. In contrast, our
proposed state-aware system model aims to optimize control
performance while ensuring real-time performance.
The study in [20] examines a sufficient condition for the
existence of a stabilizing controller under a fixed upper bound
on the probability of packet failure. Typically, such a fixed
upper bound is derived for worst-case scenarios, leading to
significant overheads and high energy consumption at the
sensors. To mitigate this issue, the approach in [21] adopts
an event-based control strategy, where a sensor transmits
packets only when an event occurs. However, this method
requires continuous monitoring of the system state to check
the triggering condition, leading to high energy consumption.
To address the energy consumption limitation, [22], [23]
propose stability under a self-triggered control without schedu-
lability constraints. However, [24] proposes a self-triggered
control based on a virtual link capacity margin, which is
not applicable to LoRa, even under a single channel. [25]
suggests a self-triggered control for a TDMA network sched-
uler, but this approach relies on single-channel transmission
with packet flooding, leading to high energy consumption.
Energy conservation at the controller is explored in [26].
but a similar approach is not suitable for conserving energy
at sensors. Additionally, [5] has investigated closed-loop
communication in LoRa networks to facilitate event-triggered
control. However, this study does not sufficiently address
energy constraints, as it requires the actuators to remain in
3
continuous listen mode, and it does not leverage the potential
of LoRa’s concurrent reception on orthogonal SFs.
IV. D ESIGN OF SCHEDULING -CONTROL CO-DESIGN
FRAMEWORK
In this section, we present an energy-efficient and scalable
real-time scheduling and control co-design framework for
LoRa. We first formulate the co-design problem, for a single
control loop, as an optimization problem solved using a model
predictive controller. The insights from the single control loop
system drive the design for a multiple control loop system.
Typically, industrial control systems employ static sampling,
wherein a sensor measures the state periodically at a fixed
rate. A static sampling rate negatively impacts the control
performance and energy consumption at each node. For ex-
ample, when a control loop is not in a stable state, sampling
the system more frequently improves control performance,
enabling a smaller settling time, i.e., reaching a stable state
faster. When a control loop is in a stable state, sampling
the system less frequently reduces energy consumption at the
nodes. LPWAN devices are energy-constrained, and minimiz-
ing energy consumption is crucial for their use in control
systems. We propose a co-design of scheduled communication
and control with dynamic sampling, wherein the sampling rate
of a control loop is updated based on the current state.
A. An Overview of the Scheduling-Control Co-design
Sampling rate selection renders opposing impacts on control
performance and real-time guarantees. Control performance
benefits from high sampling rates, but high sampling rates
may violate real-time requirements due to limited capac-
ity/bandwidth of the network. Lower sampling rates have
higher chances of ensuring real-time guarantees, but they lead
to poor control performance. Thus, sampling rate selection
must balance control performance and real-time guarantees.
Figure 1. Scheduling-Control
Co-Design FrameworkTo balance control performance
and real-time guarantees, we for-
mulate the scheduling-control co-
design as an optimization problem
using model predictive control the-
ory [27], [28]. The model predic-
tive controller identifies a sequence
of control commands and sampling
rate for each control loop, resulting
in a minimum control cost. Addi-
tionally, it offers the capability to pre-compute system output
y(k)and control signal u(k)to avoid sudden changes and
delay in system response. The optimization problem includes a
constraint (schedulability condition), ensuring real-time guar-
antees of end-to-end communication under the selected periods
(inverse of the rates). Upon generating the optimal periods, the
control loops are partitioned using the RTPL algorithm and the
communications within each partition follow the EDF policy.
Fig. 1 shows the full framework of the co-design.
After partitioning, to minimize the computation and commu-
nication overhead, we propose to execute the constrained op-
timization problem of finding periods and control commandsfor each control loop after a sync period . A network designer
may tune the sync period prior to network deployment. The
sync period constitutes multiple sampling instances of each
control loop, i.e., the sync period ( τ) is significantly greater
than the sampling period of each control loop, τ > p i∀ℓi.
After each sync period, the controller solves the constrained
optimization to compute the control command and period of
all control loops. The network manager then broadcasts the
updated periods to all nodes and synchronizes their time. This
constitutes our proposed dynamic sampling approach.
Specifically, the dynamic sampling approach functions as
follows: Nodes wake-up periodically after each sync period
to receive new sampling periods. Upon receiving the updated
periods, nodes compute the next transmission time according
to the RTPL scheduler. The default mode of the sensors is to
sleep. Sensors wake up before the transmission time to sense
the plant’s state and transmit the message to the controller.
Upon receiving the new state, the controller executes the
unconstrained control cost optimization to compute (only)
the control command. The controller sends the new control
command to the actuator, which applies the control command
on the plant. The default mode of the actuator is to apply the
received control command on the plant at each time step with
its radio off.
The controller and network manager operate in discrete
time. For the network manager, the length of a downlink
packet transmission on the smallest SF and its acknowledg-
ment defines the time slot size. The plant model defines
the controller’s time step size. We consider a single time
step within the model of a plant comprises of multiple time
slots of the network. Precisely, one time step of the plant
ℓicontains Cup
i(UCP j) +Cdown
i(DCP j)(the sum of uplink
and downlink communication time requirement) network time
slots. The dissimilar step sizes facilitates the application of
control command during the same time step as the sensor
senses the state, thereby simplifying the stability analysis.
Following the dissimilar step sizes, we define the period of
the control loop ℓiaccording to the controller time step as
pi,Ti=pi×(Cup
i(UCP j) +Cdown
i(DCP j)), where Tiis the
period in network time slots.
For simplicity in explanation, we first formulate the co-
design problem for a single control loop. We use the insights of
this problem to formulate and propose an approach to address
the scheduling-control co-design of multiple control loops.
B. Formulating Scheduling-Control Co-Design for a Single
Control Loop
The goal of the controller is to move the state of the system
to0(a zero matrix of the appropriate dimension). To meet
the goal, we formulate the controller’s cost function to trade
off the traditional quadratic control cost and sampling cost
similar to [23]. A control loop ℓioperates with a period
ofpi∈Pi, where Pi= [1,2,···, γi]⊂N+. The model
predictive controller generates a sequence of control com-
mands Ui={ui(k), ui(k+pi),···}.Qi>0andRi>0
are symmetric matrices of appropriate dimensions indicating
4
weight. Considering σi∈R+is a design variable used to trade
off sampling cost against control cost, the cost function of the
controller is expressed by Eq. (1).
Ji 
xi(k), pi, Ui
=σi
pi+∞X
j=0
∥xi(k+j)∥2
Qi+∥ui(k+j)∥2
Ri
(1)
We formulate the cost function for an infinite-horizon con-
troller to ensure the period selection ensures asymptotic sta-
bility at the origin. During runtime, the controller minimizes
the cost for a finite horizon. In a network with a single control
loop, there is no network contention. Thus, the sensor of
control loop ℓisamples the state periodically with a period pi,
starting at time step 0, until the sync period τ. After the sync
period τ, we assume the control loop ℓioperates periodically
with a period ϕi. Therefore, the control cost can be expanded
as follows.
Ji 
xi(k), pi, Ui
=σi
pi+
⌈τ
pi⌉X
r=0pi−1X
j=0 
∥xi(k+r.pi+j)∥2
Qi+∥ui(k+r.pi)∥2
Ri
+
∞X
r=0ϕi−1X
j=0 
∥xi(k+⌈τ
pi⌉pi+r.ϕi+j)∥2
Qi+
∥ui(k+⌈τ
pi⌉pi+r.ϕi)∥2
Ri(2)
In a single control loop system, the smallest period of a
control loop of one time step ensures real-time guarantees on
the network, since the time step of the plant is large enough to
accommodate both uplink and downlink communication on the
network. Thus, the single loop problem formulation minimizes
the cost function in Eq. (2), ignoring scheduling constraints.
The goal of this formulation is to compute a series of control
commands and the sampling period for the first sync period
that result in a minimum cost as shown below.
Minimize {pi,Ui(pi)}Ji
xi(k), pi, Ui(pi)
(3)
Although the controller executes the above optimization
problem only at sync periods, the computation overhead for
finding a solution is high. To minimize the overhead, we split
the problem into two sub-problems. The first sub-problem aims
to compute the sequence of control commands for an arbitrary
period pi. We then use the control commands to simplify the
sub-problem of period selection. Thus the scheduling-control
co-design problem formulation is written as shown below.
Minimize {pi}
Minimize {Ui(pi)}Ji
xi(k), pi, Ui(pi)
(4)
The control command for Ji(xi(k), pi, Ui(pi))can be com-
puted using a dynamic programming approach as mentioned
in [29]. To compute the control command, we define the
following notations. λ(A)denotes the eigenvalues of A.
A(j)
i=Aj
i, Q(j)
i=Qi+jX
q=2A(q−1)T
i QiA(q−1)
i
B(j)
i=j−1X
q=0Aq
iBi, N(j)
i=jX
q=2A(q−1)T
i QiB(q−1)
i
R(j)
i=Ri+jX
q=2 
B(q−1)T
i QiB(q−1)
i +RiLemma 1. For a system with Q > 0,R > 0, and
(A(pi)
i, B(pi)
i)is controllable, then minimizing the control cost
function for an infinite-horizon optimization problem
Minimize {Ui(pi)}∞X
r=0ϕi−1X
j=0 
∥xi(k+⌈τ
pi⌉pi+r.ϕi+j)∥2
Qi+
∥ui(k+⌈τ
pi⌉pi+r.ϕi)∥2
Ri
results in a control command
ui
k+⌈τ
pi⌉pi+r.ϕi
=−V(ϕi)xi
k+⌈τ
pi⌉pi+r.ϕi
∀r∈N+
where V(ϕi)
i is given below
V(ϕi)
i=
R(ϕi)
i+B(ϕi)T
iW(ϕi)
iB(ϕi)
i−1

A(ϕi)T
iW(ϕi)
iB(ϕi)
i+N(ϕi)
iT(5)
andP(ϕi)
i is obtained by solving the Riccati equation below
W(ϕi)
i=Q(ϕi))
i+A(ϕi))T
i W(ϕi))
iA(ϕi))
i
−
A(ϕi))T
i W(ϕi))
iB(ϕi))
i +N(ϕi))
i
V(ϕi))
i(6)
Proof. The proof follows the proof for infinite-horizon optimal
control problem in [23].We extend Lemma 1 to provide control commands for all
samples.
Lemma 2. For a system with Q > 0,R > 0, and
(A(pi)
i, B(pi)
i)is controllable, then the objective function of
the finding the control command can be expressed as follows
Minimize {Ui(pi)}Ji
xi(k), pi, Ui(pi)
=σi
pi+∥xi(k)∥2
W(pi)
i(7)
where
W(⌈τ
pi⌉pi)
i =Q(⌈τ
pi⌉pi))
i +A(⌈τ
pi⌉pi))T
i W(ϕi))
iA(⌈τ
pi⌉pi))
i
−
A(⌈τ
pi⌉pi))T
i W(ϕi))
iB(⌈τ
pi⌉pi))
i +N(⌈τ
pi⌉pi))
i
V(⌈τ
pi⌉pi))
i
V(⌈τ
pi⌉pi)
i =
R(⌈τ
pi⌉pi)
i +B(⌈τ
pi⌉pi)T
i W(ϕi)
iB(⌈τ
pi⌉pi)
i−1

A(⌈τ
pi⌉pi)T
i W(ϕi)
iB(⌈τ
pi⌉pi)
i +N(⌈τ
pi⌉pi)
iT
,
W(j.pi)
i =Q(j.pi))
i +A(j.pi))T
i W((1+j)pi))
i A(j.pi))
i
−
A(j.pi))T
i W((1+j)pi))
i B(j.pi))
i +N(j.pi))
i
V(j.pi))
i
V(j.pi)
i =
R(j.pi)
i +B(j.pi)T
i W((1+j)pi)
i B(j.pi)
i−1

A(j.pi)T
i W((1+j)pi)
i B(j.pi)
i +N(j.pi)
iT
∀j∈[1,⌈τ
pi⌉−1], and W(ϕi)
i is given by Lemma 1. The opti-
mal control command for the above formulation is expressed
as shown below.
ui
k+j.pi
=−V(j.pi)xi
k+j.pi
∀j∈[1,⌈τ
pi⌉]
ui
k+⌈τ
pi⌉pi+r.ϕi
=−V(ϕi)xi
k+⌈τ
pi⌉pi+r.ϕi
∀r∈N+
Proof. Upon applying Lemma 1 to the cost function, the cost
function reduces to a finite-horizon optimal control, solved
using the recurring Riccati equation for W(pi)
i [29].
Applying Lemma 2, the objective function of the
scheduling-control co-design can be reduced to Eq. (8).
Minimize {pi}σi
pi+∥xi(k)∥2
W(pi)
i(8)
5
The algorithm for finding the suitable period for Eq. (8)
involves computing the cost for each feasible period pi∈Pi
and finding the period that results in the smallest cost. The
above algorithm has to test several period values before
termination, incurring large computation overhead. To reduce
computation overhead, we reduce the search space of the
feasible periods to those that ensure stability.
Theorem 1 (Stability of a Control Loop) .For a system with
Q > 0,R > 0, and (A(pi)
i, B(pi)
i)is controllable, then
choosing pi∈Pi⊂N+,
ϕi= max {pi|pi∈Pi,∀λ∈λ(Ai)λpi̸= 1if λ̸= 1} (9)
and using the dynamic sampling approach results in asymp-
totic stability at the origin, i.e.,
lim
k→∞x(k) = 0
where γiis the maximum pi∈Pi,ϵ∈(0,1]andpi∈Pi
fulfills
(A(pi)−B(pi)V(pi))TW(ϕi)(A(pi)−B(pi)V(pi))≤(1−ϵ)W(pi).
(10)
Direct proof. The difference between the cost function at time
stepkand time k+piis bounded, leading to the system state
atk→ ∞ to be 0. This proof follows the stability proof in
[23].
The stability proof provides a mathematical expression of
computing the set of feasible periods using Eq. (10). The set
of feasible periods Piand Riccati solutions for each period
Wpiare computed during network deployment and stored in
memory. The period selection algorithm iterates over the set of
feasible periods and selects the period that results in smallest
cost for Ji(xi(k), pi, U(pi)).
C. Formulating Scheduling-Control Co-Design for Multiple
Control Loops
In this section, we plan to adopt the period selection
algorithm from the single control loop to develop a period
selection algorithm for multiple control loops. For a network
with multiple control loops, RTPL MAC schedules the packets
in the network. The use of RTPL MAC introduces two primary
challenges in adopting the aforementioned period selection.
First, the period selection algorithm should ensure real-time
guarantees in RTPL. Second, the use of EDF scheduling in
RTPL implies that sensors measure system state at some time
step in the interval [k, k+pi). Thus, the time difference
between two sampling instances can be greater than pi.
In RTPL, considering a sampling period pifor control
loop ℓi, the maximum interval between any two sampling
instances is 2pi. The cost function of control loop ℓiassuming
the control loop samples with a fixed sampling interval of
ˆpi= 2piis shown below in Eq. (11). The cost function in Eq.
(11) introduces pessimism since the control loop samples the
system more frequently (decreasing the actual control cost).
Thus, Eq. (11) serves an upper bound of the cost function. We
propose to adopt Eq. (11) for calculating the list of feasible
periods.Ji 
xi(k),ˆpi, Ui
=σi
ˆpi+
⌈τ
ˆpi⌉X
r=0ˆpi−1X
j=0 
∥xi(k+r.ˆpi+j)∥2
Qi+∥ui(k+r.ˆpi)∥2
Ri
+
∞X
r=0ϕi−1X
j=0 
∥xi(k+⌈τ
ˆpi⌉ˆpi+r.ϕi+j)∥2
Qi+
∥ui(k+⌈τ
ˆpi⌉ˆpi+r.ϕi)∥2
Ri(11)
Considering Lirepresents the maximum latency (or re-
sponse time) of control loop ℓi,Li< p i∀ℓiserves as a
schedulability condition for all control loops. The scheduling-
control co-design of multiple control loops is shown below
Minimize {ˆpi,Ui(ˆpi)}X
∀ℓiJi
xi(k),ˆpi, Ui(ˆpi)
s. t. Li≤ˆpi
2∀i(12)
where Ji(xi(k),ˆpi, Ui(pi))is given by Eq. (11).
In the co-design formulation, the cost function of the
multiple control loop case is a sum of individual control loops,
and the cost function for a control loop is identical to that of
the single control loop case. Thus, adopting Lemma 2, the
scheduling-control co-design formulation can be re-written as
shown below.
Minimize ˆpiX
∀ℓiσi
ˆpi+∥xi(k)∥2
W(ˆpi)
is. t. Li≤ˆpi
2∀i
The stability proof of the above equation follows Theorem
1. The feasible periods ˆpi∈Pithat result in asymptotic
stability at origin must obey Eq. (13).
(A(ˆpi)−B(ˆp)V(ˆp))TW(ϕi)(A(ˆp)−B(ˆp)V(ˆp))≤
(1−ϵ)W(ˆp).(13)
Since the control loop operates at pi=ˆpi
2, the feasible
periods are limited to even numbers. Given the set of feasible
periods, the period selection algorithm can try all possible
combination of periods to find the period selection that mini-
mizes the total cost of the plant and ensures schedulability.
Ensuring the schedulability of all control loops for a set
of periods is time-consuming. In the next few sections, we
propose a polynomial time solution for testing schedulability.
D. Schedulability Analysis within a Partition
Schedulability analysis for industrial wireless networks has
been well-studied for half-duplex radios. These works adopt
existing processor schedulability analysis by mapping the
communication on a channel to the execution of a task on
a processor. For the analysis, a unique communication path is
analogous to a core on a processor, and packet transmission on
a channel in one time slot is equivalent to a task execution on
a core for one time unit. Existing works assume (1) uplink and
downlink communication happen on the same communication
path and (2) nodes and gateway can transmit to or receive
from at most one node. LoRa uses separate uplink and down-
link communication channels, and the gateway simultaneously
receives and transmits packets, precluding the direct adoption
of existing schedulability analysis.
6
RTPL adopts an EDF scheduler for scheduling packet trans-
missions on the uplink and downlink communication paths.
Thus, high-priority packets can delay a low-priority packet on
both the uplink and downlink communication path. Typically,
analyzing the interference on the uplink and downlink com-
munication paths relies on a response-time analysis. Response-
time calculation is a pseudo-polynomial time algorithm, that
complicates the proposed period selection algorithm. To sim-
plify the period selection algorithm, we propose a sufficient
utilization-based schedulability condition for RTPL.
To develop a sufficient utilization-based test, we analyze
RTPL scheduling under the assumption that the ordering
of packet transmissions remains the same for the uplink
and downlink communication, which we refer to as RTPL-
Uplink-EDF. Specifically, in RTPL-Uplink-EDF, the uplink
communication schedule follows an EDF schedule, while the
downlink schedule follows the uplink schedule with added
offsets (instead of a local EDF). The offsets in the downlink
schedule account for the time delay to successfully receive
an uplink packet and generate a control command before
transmitting a downlink packet. RTPL-Uplink-EDF scheduler
purports to restrict the interference from high-priority packets
onto one communication path, facilitating a mapping to the
processor domain for a utilization-based test.
With the ordering preserved between uplink and downlink
communication, we estimate the worst-case offset between a
control loop’s packet transmission on the uplink and downlink
channel. We then map the offset in the downlink schedule to
a ghost task and communication on the downlink schedule to
a uniprocessor schedulability analysis to generate a sufficient
schedulability test.
Lemma 3. A set of control loops π(UCP j)assigned to uplink
communication path UCP jand downlink communication path
DCP jare said to be schedulable under RTPL scheduling if
they are schedulable under RTPL-Uplink-EDF .
Proof. A packet transmission schedule generated by RTPL-
Uplink-EDF is transformable to RTPL schedule by a series of
packet transmission swaps, similar to EDF optimality proof.
Thus, a task set schedulable under RTPL-Uplink-EDF is also
schedulable under RTPL-EDF.
Upon restricting the ordering of packets for downlink com-
munication, we define critical interval for RTPL scheduling
Definition 1 (Critical Interval of RTPL) .In RTPL and RTPL-
Uplink-EDF, the critical interval is defined as the interval
starting with an uplink transmission that does not overlap with
any downlink communication and ends in an idle time slot
with no uplink or downlink communication or the start of the
next critical interval.
Critical interval of RTPL scheduler is similar to a critical
instance in the real-time processor scheduling theory. Follow-
ing Definition 1, the start of a critical interval may follow the
last downlink communication of the previous critical interval.
Since there is no overlap between critical intervals, packetsfrom one critical interval cannot delay a packet of another
critical interval. Therefore, a critical interval bounds the delay
experienced by a packet.
Observation 1. [Uplink communication in the first time slot
of the critical interval] An uplink communication marks the
start of a critical interval.
Observation 2. [No downlink Communication in the first time
slot of the critical interval] At the start of the critical inter-
val, there is no downlink communication. The first downlink
communication happens after the uplink communication.
Within a critical interval, the first downlink communication
starts after the first uplink communication completes. The
downlink communication schedule within a critical interval
is offset by the communication time requirement of the first
uplink communication.
Observation 3. [Upper Bound of the Offset for Downlink
Communication within a Critical Interval] The maximum
offset for downlink communication is the maximum uplink
communication time requirement of all control loops, i.e.,
max iCup
i.
For RTPL and RTPL-Uplink-EDF, a control loop’s commu-
nication time requirement comprises of communication time
requirement on the uplink channel ( Cup
i) and communication
time requirement on the downlink channel ( Cdown
i ). The total
communication time requirement is computed as shown below.
Ci=Cup
i+Cdown
i
Due to the parallel uplink and downlink communication, the
total communication time requirement of control loop ℓidoes
not contribute to the length of the critical interval. Instead, the
maximum of the uplink and downlink communication time
requirement contributes to the length of the critical interval.
Lemma 4. A set of control loops π(UCP j)assigned to uplink
communication path UCP jand downlink communication path
DCP jare said to be schedulable under RTPL-Uplink-EDF
scheduling ifmaxiCup
i
minTi−1+P
∀τi∈τmaxCup
i,Cdown
i
Ti<1
Direct Proof. To develop a schedulability test, we map the
RTPL-Uplink-EDF schedule’s critical instant to a unipro-
cessor system’s critical interval. The combination of uplink
and downlink communication paths represents one core. In
processor mapping, a unit time of the processor corresponds
to the minimum number of time slots required for uplink
communication on the partition. A control loop ℓiallocated to
the partition ( π(UCP j)) maps to a task execution τiexecuting
on a core. The period of task τiis the same as the period of ℓi.
The worst-case execution time of τiis equal to the maximum
of the uplink and downlink communication time requirements,
i.e.,WCET i= max( Cup
i,Cdown
i).
For RTPL-Uplink-EDF, we model the offset for downlink
communication as a ghost task τghost that delays all com-
munications. From Observation 3, the ghost task’s worst-case
execution time is given by WCET ghost = max iCup
i. The
ghost task executes every critical instant, which is the smallest
7
period of all control loops. The ghost task must execute with
the highest priority within the critical interval. Therefore, the
ghost task must execute with a period Tghost = (min iTi)−1.
Given the mapping and uniprocessor EDF utilization-based
schedulability test, the schedulability of RTPL-Uplink-EDF is
given by the following equation.
max iCup
i
miniTi−1+X
∀τi∈τmax(Cup
i,Cdown
i)
Ti<1
Theorem 2. A set of control loops π(UCP j)assigned to uplink
communication path UCP jand downlink communication path
DCP jare said to be schedulable under RTPL scheduling if
max iCup
i
miniTi−1+X
∀τi∈τmax(Cup
i,Cdown
i)
Ti<1
Proof. The proof of this theorem follows Lemma 4 and
Lemma 3.
E. Schedulability for RTPL
RTPL adopts a worst-fit paritioning algorithm for parition-
ing control loops. The worst-fit approach checks whether a set
of control loops are schedulable within a partition using The-
orem 2. Only upon ensuring schedulability, control loops are
assigned to a partition. Additionally, the worst-fit heuristic is a
polynomial time solution. Thus, worst-fit heuristic provides a
sufficient test of schedulability, wherein a set of control loops
are schedulable if the heuristic finds a partitioning.
F . Period Selection Algorithm
Selecting and dynamically adjusting the periods of control
loops is critical to the scheduling-control co-design frame-
work. The selected periods must guarantee schedulability (Sec.
IV-E) and successful partitioning of the loops. In this section,
we present an algorithm for selecting periods for control loops
that can ensure stability and schedulability of all control loops.
During deployment, a set of feasible periods pi∈Pi
that ensures stability are determined for each control loop
using Equation (13). From these feasible periods, the one that
leads to the lowest control cost (Eq. (11)) is chosen as the
period for the control loop. If the selected periods result in a
schedulability of control loops, they are assigned to partitions.
However, if the loops cannot be scheduled, periods of control
loops are iteratively updated to find a valid period assignment
that ensures stability and schedulability of all control loops.
In each iteration, the algorithm modifies the period of all
control loops by incrementing them by a small value denoted
as the update size ( Z), selected by the system designer.
The control cost for each control loop is recomputed using
the modified periods, resulting in a new control cost . The
difference between the new and old control costs, denoted as
∆, is calculated for each loop. The algorithm identifies one
control loop whose period adjustment results in the smallest
increase in the control cost. The period adjustment of the
identified control loop is accepted, and all other adjustments
are rejected. Upon updating one control loop’s period, the
schedulability of the system is verified. If the system isschedulable, the algorithm terminates. Otherwise, the algo-
rithm iteratively updates the period until it finds a valid period
assignment. Note that the algorithm may fail to find a valid
period assignment when each control loop’s maximum feasible
period (ensuring stability) does not ensure schedulability. In
such case, the system designer may redesign the network to
ensure stability and schedulability.
G. Handling Re-Partitioning of the Nodes
Addition or deletion of nodes to the network, or a change
in sampling rates may trigger the partitioning algorithm.
Moreover, disseminating partitioning information to all control
loops frequently will consume huge amount of energy. It
becomes highly time consuming specially when the number of
nodes is large. To achieve scalability and energy-efficiency of
the nodes, we propose to run the optimization less frequently,
periodically after a long interval, called schedule epoch .
Nodes are re-partitioned after each epoch period, right after
executing the optimization problem and thus any change in
network dynamics is taken care of periodically. Additionally,
executing optimization less frequently ensures maximum sleep
time of the loops to save energy. As a result, a longer
schedule epoch length leads to lower sampling rates and
lower energy consumption. Conversely, shorter epoch lengths
increase power consumption due to the more frequent need to
solve the optimization problem.
A schedule epoch and a sync period serve distinct func-
tions. A schedule epoch is a longer interval after which the
optimization problem is globally executed for all control loops,
leading to re-partitioning of loops. In contrast, a sync period is
a shorter interval after which only the optimization is done to
compute periods and control inputs of loops within a partition,
without any re-partitioning. Multiple sync periods can occur
within a schedule epoch, but the partitioning algorithm is only
run at the start of each epoch. After the initial execution,
the partitioning algorithm is not run again following any
period update after the sync period which ensures the energy
efficiency of the nodes. The lengths for both the schedule
epoch and sync period can be determined through simulation.
H. Handling Time-Synchronisation of the Nodes
In the scheduling-control co-design framework, only the
nodes in a partition need to be time-synchronized. The sync
period helps in synchronizing the time of all nodes. After each
sync period, the controller computes (and broadcasts) periods
of (to) all control loops. All the nodes within a partition
wake up after the sync period to receive the updated periods.
We propose to broadcast the packets with a longer preamble
to allow the nodes to wake up before the start of actual
transmission. The length of the preamble may be tuned based
on the synchronization requirements and the number of nodes.
V. S IMULATION
In this section, we evaluate our control co-design approach
through simulation.
Setup: We use the NS-3 LoRaWAN module[30] to model
the network in our simulation and a custom script to emulate
8
physical control system. We used up to 350 nodes and a single
gateway. The locations of the nodes were randomly selected
within a range of 5 km from the gateway. The nodes and the
gateway use 8 channels with center frequencies between 902.3
and 903.7 MHz and bandwidth of 125 kHz. To comply with
US regulations, we exclude SF11 and SF12 from our usage.
We use 36 UCPs and 16 DCPs. We set the design variables
A= 1,B= 1,P= 1.1571 ,Q= 1andσ= 1. We set γito 50s
i.e.,Pi= [1s,2s,···,50s]and the update size Zto 1s. The
total run time of the simulation is calculated by multiplying the
total number of schedule epochs taken during the simulation
run, the number of sync periods within each schedule epoch,
and the duration of a single sync period.
Baselines: We compare the proposed scheduling-control co-
design approach against two approaches namely Fixed Periods
and Holistic Control. In the Fixed Periods approach, the
periods are not updated, i.e., the sampling periods are fixed
for the entire simulation. In the Holistic Control approach,
proposed in [25], the Rate adaptation algorithm adapts the
sampling rate of controllers dynamically based on the control
performance, measured by the Lyapunov function V. It com-
pares the Lyapunov function to two thresholds- an increasing
threshold VIth, and a more stringent decreasing threshold
VDth. IfVstays below VDthfor a time interval, indicating
good control performance, the period doubles to save energy.
IfVexceeds VIth, the period halves (with the initial period
being the smallest feasible value) to improve control.
Metrics: We evaluate the control cost over time with dif-
ferent numbers of nodes, schedule epochs, and sync periods.
Furthermore, we evaluate the energy consumption of the nodes
which is defined as the amount of energy expended by each
node to transmit the state and control information from the
sensor to the actuator and is measured in milli-Joules.
A. Results under varying number of nodes
Figure 2. Results under varying
number of nodes (50 nodes)In this simulation, we set
the total number of sched-
ule epochs to 2, the number
of sync periods within each
schedule epoch to 10 and the
duration of a single sync pe-
riod to 100s. Initially, we set
the number of nodes to 50
and assess the control cost.
Subsequently, we increase the
number of nodes to 200 and 350, and evaluate the control cost
for a total simulation time of 2000 seconds.
1) 50 nodes: In Fig. 2, for our co-design approach, we
notice a swift decline in control cost within the initial 100s,
stabilizing at a constant value of 0.20, indicating fast system
convergence. In contrast, the control cost for the fixed periods
approach stabilizes at 5.47, significantly higher than our ap-
proach. This is due to the nodes using fixed periods throughout
without accounting for changes in the system state, leading
to poor control performance. Additionally, we observe that
the control cost for the holistic control approach fluctuates
between 200s and 700s as the system sampling rates multiple
(a) 200 nodes
 (b) 350 nodes
Figure 3. Results under varying number of nodes.
times based on the threshold to achieve stability. It then
gradually decreases, with the system becoming stable after
1400s with a control cost of 4.20.
2) 200 and 350 nodes: Now, we vary the number of nodes
to 200 and 350 and evaluate the control cost in Fig. 3 under the
same setup. As the number of nodes in the network increases,
we notice a corresponding spike in the initial control cost.
Therefore, to better visualize the range of values, we plot the
control cost on a logarithmic scale. In Fig. 3(a), the initial
cost for 200 nodes is 931.08 for our approach and 938.05
for both fixed periods and holistic control. In Fig. 3(b) the
initial cost for 350 nodes is 1917.48 for our approach and
1988.09 for both fixed periods and holistic control. We observe
a similar trend of control cost where it gradually decreases
after first 100s. In fact all the approaches tend to stabilize after
this point by trying to increase the inter-sampling times. Our
approach achieves stability with a very low control cost of 0.80
and 0.93 for 200 and 350 nodes respectively. This consistent
performance demonstrates that our approach maintains a lower
control cost compared to the two baseline approaches. This
indicates that our co-design approach can deliver good control
performance even at a large scale as it relies on dynamic
sampling based on system state. On average, our approach
outperforms the baseline approaches by 80%.
3) Energy consumption of 200 nodes: In this simulation,
Figure 4. Energy consumptionwe present the energy con-
sumption of 200 nodes under
the same setup in Fig. 4. Our
co-design approach aims to
reduce the energy consump-
tion of each node while dy-
namically updating the sam-
pling rates, which also aids in
improving network lifetime.
Introducing disturbance in the system by adding impulse
noise of 0.02 magnitude at every 5s, we observe that the
median energy consumed for our approach is 15.73035 mJ
(half of the nodes consume less, and half consume more). For
holistic control, the median energy consumption per packet
is 26.8804 mJ, indicating higher average energy consumption
compared to our approach. Our approach shows some outliers
at approximately 100 mJ, indicating some nodes consume sig-
nificantly more energy than others. In contrast, holistic control
has several outliers, all above the upper quartile, suggesting
multiple nodes with significantly higher energy consumption.
Fixed periods has the highest median energy consumption at
9
(a) 50 nodes
 (b) 200 nodes
Figure 5. Results under varying schedule epoch and sync period
28.4076 mJ but with relatively few outliers above 100 mJ.
Overall, our approach is more energy-efficient, achieving good
control performance with less energy consumption, even in
the presence of noise. Our approach performs approximately
44.61% better than the fixed periods approach and 41.49%
better than the holistic control approach based on median.
B. Results under varying Schedule Epochs and sync periods
In this simulation, we vary the number of schedule epochs
and the length of sync periods to evaluate the control cost in
Fig. 5. We change the total number of schedule epochs to 4, set
the number of sync periods within each schedule epoch to 20,
and the duration of a single sync period to 200s. We evaluate
the control cost for 50 nodes for a total simulation time of
16000s in Fig. 5(a). We observe that increasing the number
of sync periods leads to a reduced initial cost compared to
previous setups, as dynamic sampling occurs more frequently
but still remains under control. The costs for each approach
gradually decrease as the system stabilizes, with our approach
stabilizing at a very low control cost of 0.20, the fixed periods
approach at 5.47, and the holistic control approach oscillating
between high and low control costs before stabilizing at 4.30.
In Fig. 5(b), we evaluate the control cost for 200 nodes.
We observe a spike as the number of loops increases. To
better visualize the range of values, we plot the control cost
on a logarithmic scale. Initially, the control cost is high for
each approach: 920.08 for fixed periods, 913.02 for holistic
control, and 600.00 for our approach. Our approach quickly
stabilizes with a cost of only 0.60, even over a long run time,
due to dynamically updating periods based on the system state
after each schedule epoch and sync period. However, fixed
periods stabilize at cost of 6.10, while holistic control at 4.78.
This result demonstrates the effectiveness of our approach of
periodically updating sampling periods after sync periods and
schedule epochs for achieving good control performance.
VI. C ONCLUSION
In this paper, we have proposed a highly energy-efficient
and scalable framework for real-time scheduling and control
co-design for a LoRa network. To our knowledge, this is the
first work on control performance optimization over a LoRa
network. Simulations based on NS-3 show that our approach
minimizes control cost at least by 80% as compared to the
considerable baselines.
ACKNOWLEDGEMENT
The work was supported by NSF through grants CNS-
2301757, CAREER-2306486, CNS-2306745, CNS-2211640
and by ONR through grant N00014-23-1-2151.REFERENCES
[1] E. T. O. Field, https://en.wikipedia.org/wiki/East Texas OilField.
[2] “WirelessHART sys. eng. guide,” https://www.emerson.com/documents/
automation/emerson-wirelesshart-system-engineering-guide-en-41252.
pdf.
[3] “WirelessHART,” https://www.fieldcommgroup.org/technologies/hart.
[4] “ISA100:,” http://www.isa.org/MSTemplate.cfm?MicrositeID=1134&
CommitteeID=6891.
[5] L. Bhatia, I. Tomi ´c, A. Fu, M. Breza, and J. A. McCann, “Control
communication co-design for wide area cyber-physical systems,” ACM
TCPS’21 .
[6] L. Leonardi, F. Battaglia, and L. Lo Bello, “Rt-lora: A medium access
strategy to support real-time flows over lora-based networks for indus-
trial iot applications,” IEEE IoT J. , 2019.
[7] S. Fahmida, V . P. Modekurthy, D. Ismail, A. Jain, and A. Saifullah,
“Real-time communication over lora networks,” in IEEE/ACM IoTDI’22 .
[8] M. Hatler, D. Gurganious, and J. Kreegar, Industrial LPWAN – A Market
Dynamics Report , https://www.onworld.com/iLPWAN/index.html.
[9] “LoRaWAN,” https://www.lora-alliance.org.
[10] “LoRa design guide,” https://www.semtech.com/uploads/documents/
LoraDesignGuide STD.pdf.
[11] A. Saifullah, C. Wu, P. B. Tiwari, Y . Xu, Y . Fu, C. Lu, and Y . Chen,
“Near optimal rate selection for wireless control systems,” ACM Trans.
Embed. Comput. Syst. , 2014.
[12] Y . Ma, J. Guo, Y . Wang, A. Chakrabarty, H. Ahn, P. Orlik, X. Guan,
and C. Lu, “Optimal dynamic transmission scheduling for wireless
networked control systems,” IEEE Trans. on Cont. Sys. Tech. , 2022.
[13] F. Mager, D. Baumann, C. Herrmann, S. Trimpe, and M. Zimmerling,
“Scaling beyond bandwidth limitations: Wireless control with stability
guarantees under overload,” ACM TCPS , 2022.
[14] V . P. Modekurthy and A. Saifullah, “Online period selection for wireless
control systems,” in IEEE ICII’19 .
[15] Y . Ma, Y . Wang, S. Di Cairano, T. Koike-Akino, J. Guo, P. Orlik,
X. Guan, and C. Lu, “Smart actuation for end-edge industrial control
systems,” IEEE Trans. on Automation Sci. and Eng. , 2022.
[16] https://lora-developers.semtech.com/documentation/
tech-papers-and-guides/lora-and-lorawan/.
[17] D. Roy, C. Hobbs, J. H. Anderson, M. Caccamo, and S. Chakraborty,
“Timing debugging for cyber-physical systems,” in DATE’21) .
[18] Y .-Q. Xia, Y .-L. Gao, L.-P. Yan, and M.-Y . Fu, “Recent progress in
networked control systems—a survey,” International J. of Automation
and Computing , 2015.
[19] P. Park, S. C. Ergen, C. Fischione, C. Lu, and K. H. Johansson, “Wireless
network design for control systems: A survey,” IEEE Comm. Surv. &
Tut., 2018.
[20] K. Tsumura, H. Ishii, and H. Hoshina, “Tradeoffs between quantization
and packet loss in networked control of linear systems,” Automatica ,
2009.
[21] J. Ara ´ujo, M. Mazo, A. Anta, P. Tabuada, and K. H. Johansson, “System
architectures, protocols and algorithms for aperiodic wireless control
systems,” IEEE TII , 2014.
[22] M. Mazo and P. Tabuada, “Input-to-state stability of self-triggered
control systems,” in IEEE CDC/CCC 2009 , pp. 928–933.
[23] E. Henriksson, D. E. Quevedo, E. G. W. Peters, H. Sandberg, and K. H.
Johansson, “Multiple-loop self-triggered model predictive control for
network scheduling and control,” IEEE Trans. on Cont. Syst. Tech. , 2015.
[24] J. Bai, E. P. Eyisi, F. Qiu, Y . Xue, and X. D. Koutsoukos, “Optimal
cross-layer design of sampling rate adaptation and network scheduling
for wireless networked control systems,” in IEEE/ACM ICCPS’12 .
[25] Y . Ma and C. Lu, “Efficient holistic control over industrial wireless
sensor-actuator networks,” in IEEE ICII’18 , pp. 89–98.
[26] Y . V . Pant, H. Abbas, K. Mohta, T. X. Nghiem, J. Devietti, and
R. Mangharam, “Co-design of anytime computation and robust control,”
inIEEE RTSS’15 , pp. 43–52.
[27] J. M. Maciejowski, Predictive Control With Constraints . Prentice Hall,
2002.
[28] J. H. Lee, “Model predictive control: Review of the three decades of
development,” International J. of Cont., Auto. and Sys. , 2011.
[29] D. Bertsekas, Dynamic programming and optimal control: Volume I .
Athena scientific, 2012.
[30] D. Magrin, M. Capuzzo, and A. Zanella, “A thorough study of lorawan
performance under different parameter settings,” IEEE IoT J. , 2019.
10","[-0.04309520125389099, 0.03786091133952141, -0.022380731999874115, 0.013129517436027527, 0.0008609995129518211, -0.0718233734369278, -0.044623080641031265, 0.01080529298633337, -0.01792304962873459, -0.018322579562664032, -0.0430486761033535, 0.03746531158685684, 0.008103996515274048, -0.11708249896764755, 0.05062774941325188, 0.0609004870057106, 0.18176697194576263, -0.08209578692913055, -0.05360640212893486, -0.0508924163877964, 0.12554806470870972, 0.039750661700963974, 0.027897311374545097, 0.011944059282541275, -0.009456283412873745, 0.03570295870304108, 0.0130386333912611, 0.0018568269442766905, -0.05529181659221649, -0.014643704518675804, -0.032058894634246826, 0.01060385163873434, -0.005886624101549387, -0.026165800169110298, -0.003913500811904669, 0.030627161264419556, -0.005765505135059357, 0.0971793457865715, 0.05127423256635666, 0.02619192749261856, 0.07390525192022324, -0.03645794838666916, 0.010800174437463284, 0.036530639976263046, -0.0788649246096611, -0.043060965836048126, -0.013649092055857182, 0.018974440172314644, -0.020481856539845467, -0.01958589442074299, 0.008694863878190517, -0.08466166257858276, 0.004430803470313549, -0.035490646958351135, 0.008547409437596798, -0.03183197230100632, -0.009908881038427353, 0.054243821650743484, 0.06579434126615524, 0.06306330859661102, 0.08582369238138199, 0.011041824705898762, 0.013245982117950916, -0.009664293378591537, -0.06248229742050171, -0.003280133940279484, 0.0574827641248703, 0.04763869196176529, -0.06159307062625885, -0.1035221666097641, 0.05125017091631889, -0.042631328105926514, -0.08700929582118988, 0.054809026420116425, 0.005680854897946119, -0.03937527537345886, 0.02191101759672165, -0.001512190094217658, 0.040426384657621384, 0.0009258457575924695, 0.05343363434076309, 0.06657809764146805, -0.038139309734106064, 0.03139764070510864, -0.03923676535487175, -0.04335445165634155, -0.034602317959070206, 0.010941539891064167, 0.0770275816321373, -0.08386006206274033, -0.036689549684524536, -0.02780592069029808, -0.006424165330827236, 0.04328801855444908, 0.049108169972896576, 0.020059557631611824, 0.02551628090441227, -0.0585896372795105, -0.0743517279624939, 0.019195295870304108, 0.04525212198495865, -0.06855230778455734, -0.03801526874303818, -0.07019511610269547, 0.010345915332436562, -0.013046469539403915, -0.01692345179617405, 0.02991955354809761, 0.002018074505031109, 0.026110656559467316, -0.027033749967813492, 0.02714480273425579, -0.030185343697667122, -0.030947238206863403, -0.06833997368812561, 0.004015703685581684, 0.020937548950314522, -0.012638404965400696, 0.010358775965869427, -0.02413482777774334, -0.08580450713634491, -0.11302726715803146, 0.06323446333408356, -0.0008360361098311841, 0.09151007980108261, 0.028617216274142265, 0.008395422250032425, 3.0426534347592476e-33, -0.06889023631811142, 0.008337147533893585, -0.08571798354387283, -0.03664008900523186, 0.03885897994041443, -0.02238466776907444, 0.053748346865177155, 4.524134783423506e-05, -0.042711809277534485, 0.03149246796965599, -0.03662370145320892, 0.02617616206407547, 0.004008320160210133, -0.05925366282463074, 0.09592133015394211, -0.054465897381305695, 0.08110002428293228, -0.07822802662849426, 0.07010315358638763, -0.034539755433797836, -0.0060917166993021965, -0.09466423839330673, 0.0030426117591559887, 0.05892554298043251, 0.06148046627640724, -0.021980583667755127, 0.05340263992547989, -0.06047393009066582, 0.04957845062017441, 0.016692660748958588, 0.019395112991333008, -0.004412418231368065, 0.09010463207960129, 0.043770719319581985, -0.03559684753417969, 0.007650366984307766, -0.06810703873634338, -0.056295182555913925, -0.027156228199601173, 0.004387265536934137, -0.044072531163692474, 0.01210822258144617, -0.06741319596767426, -0.05622626468539238, -0.02491043135523796, 0.007341101765632629, 0.07158039510250092, 0.07377099990844727, -0.09052768349647522, -0.013161702081561089, -0.022118207067251205, 0.058841772377491, 0.01067134365439415, 0.06751973181962967, 0.07106898725032806, 0.03310514986515045, 0.061329834163188934, 0.025227822363376617, 0.0670471042394638, 0.0883769616484642, -0.03890305012464523, 0.0017737860325723886, 0.024529363960027695, 0.0408155731856823, 0.06362151354551315, -0.09627094119787216, -0.05892791971564293, 0.015089550986886024, 0.05261481553316116, 0.05228503420948982, 0.06460271030664444, -0.05427010357379913, 0.017682507634162903, -0.012634294107556343, 0.06227365881204605, 0.005657118745148182, -0.0005257318262010813, 0.04724954441189766, -0.11061177402734756, 0.07829291373491287, -0.01941055804491043, 0.07011651992797852, 0.04039387032389641, 0.05181286111474037, 0.05459066480398178, -0.06302861124277115, -0.05156698450446129, 0.09487683326005936, -0.09762146323919296, 0.05431687831878662, -0.014568616636097431, 0.001740336767397821, 0.06870601326227188, -0.004383823834359646, -0.029926924034953117, -8.853232948153174e-34, -0.03151395171880722, 0.03475792706012726, -0.01841297373175621, 0.030238935723900795, 0.07221932709217072, -0.03410614654421806, -0.04445118084549904, -0.05195178464055061, -0.017518557608127594, 0.10068323463201523, -0.05817580223083496, -0.10674762725830078, -0.019524799659848213, -0.07026433944702148, 0.08278335630893707, -0.08503874391317368, 0.004552851431071758, -0.07353799045085907, -0.018687017261981964, -0.01139779668301344, 0.00803128257393837, 0.03060007654130459, -0.0406067818403244, -0.09581519663333893, -0.03484103083610535, -0.014258590526878834, -0.09734172374010086, 0.03377385437488556, -0.026926517486572266, 0.05500717833638191, -0.10360598564147949, 0.016006575897336006, 0.026427414268255234, 0.02009737677872181, -0.011005609296262264, -0.014026335440576077, 0.06047649681568146, 0.04845108091831207, -0.02218732051551342, -0.019643059000372887, 0.07972513139247894, -0.09805278480052948, -0.09119892120361328, -0.0004059392085764557, -0.04072771593928337, -0.010155494324862957, -0.07277848571538925, -0.048838481307029724, -0.06819528341293335, 0.042452242225408554, 0.015804260969161987, -0.011257633566856384, 0.01363853458315134, 0.045635927468538284, 0.026149505749344826, 0.003997772932052612, 0.05665946751832962, 0.06812936067581177, -0.06273611634969711, 0.010333160869777203, 0.031603310257196426, -0.1441245973110199, 0.05588626116514206, 0.11359735578298569, 0.032652195543050766, 0.07869068533182144, 0.07495652139186859, 0.039962850511074066, 0.0215297844260931, 0.02858549728989601, -0.0348794087767601, 0.0717427134513855, 0.022730287164449692, 0.00974171794950962, -0.051941461861133575, 0.0021241423673927784, 0.006541961804032326, 0.016091005876660347, -0.02484380453824997, 0.03007054515182972, -0.025333775207400322, 0.05253274738788605, -0.06253853440284729, -0.0028646134305745363, 0.03887207433581352, 0.027203749865293503, -0.044731348752975464, -0.0008111897041089833, 0.07706163078546524, 0.010880781337618828, -0.02599436417222023, -0.03216708078980446, 0.009591957554221153, 0.011367480270564556, -0.0729907751083374, -4.8208434577645676e-08, -0.11297117173671722, 0.037383392453193665, 0.03793145716190338, 0.0006673654424957931, 0.043520186096429825, 0.02494261972606182, 0.06392786651849747, -0.026878928765654564, 0.04317241907119751, 0.06795322895050049, 0.021059775725007057, -0.019594065845012665, 0.018018631264567375, -0.03536613658070564, 0.05196073278784752, -0.02617298811674118, 0.051544368267059326, -0.03830275684595108, 0.04191002994775772, 0.011044043116271496, 0.10109703242778778, -0.024999450892210007, -0.040332645177841187, 0.11400658637285233, 0.07968010008335114, -0.02850743569433689, -0.019944801926612854, 0.008311563171446323, 0.0914149284362793, 0.013462461531162262, -0.05428057536482811, -0.012771742418408394, 0.041173044592142105, 0.07749732583761215, -0.025485249236226082, -0.05349348112940788, -0.02537762001156807, 0.0036754277534782887, -0.024178816005587578, 0.061178360134363174, 0.018769623711705208, 0.029336171224713326, -0.04089416190981865, -0.009898240678012371, 0.015051969327032566, -0.007758083287626505, -0.0643349438905716, -0.059230681508779526, 0.043162330985069275, 0.0006238502101041377, -0.0438230037689209, 0.01575220562517643, 0.06029472500085831, 0.009823692962527275, 0.04328485578298569, -0.017768947407603264, 0.0708978921175003, -0.12475068867206573, 0.06617361307144165, 0.05199025198817253, -0.05839792266488075, 0.060976676642894745, -0.06330934166908264, 0.023129422217607498]"
Frequency_Shift_Chirp_Modulation_The_LoRa_Modulation.pdf,"1818 IEEE SIGNAL PROCESSING LETTERS, VOL. 24, NO. 12, DECEMBER 2017
Frequency Shift Chirp Modulation:
The LoRa Modulation
Lorenzo V angelista , Member , IEEE
Abstract —Low power wide area networks (LPW AN) are emerg-
ing as a new paradigm, especially in the ﬁeld of Internet of Things
(IoT) connectivity. LoRa is one of the LPW AN and it is gaining quite
a lot of commercial traction. The modulation underlying LoRa is
patented and has never been described theoretically. The aim of
this letter is to give the ﬁrst rigorous mathematical signal process-
ing description of the modulation and demodulation processes. We
provide as well a theoretical derivation of the optimum receiver
entailing a low-complexity demodulation process, resorting to the
Fast Fourier Transform. We compare then the performance of the
LoRa modulation and the frequency-shift keying modulation both
in an additive white gaussian noise channel and a frequency selec-
tive channel, showing the superiority of the LoRa modulation in
the frequency selective channel. The results of this letter will en-
able a further assessment of the LoRa based networks, much more
rigorous than what has been done until now.
Index T erms —Chirp modulation, frequency shift chirp modula-
tion (FSCM), Internet of Things (IoT), LoRa, low power wide area
networks (LPW AN).
I. I NTRODUCTION
LOW power wide area networks (LPW AN) are emerging
as a new paradigm, especially in the ﬁeld of Internet of
Things connectivity [1]–[3].
LoRa is one of the LPW AN (see [3]) and it is gaining quite
a lot of commercial traction. Strictly speaking, LoRa is the
physical layer of the LoRaW AN system, whose speciﬁcation
is maintained by the LoRa Alliance.1The LoRa modulation is
patented and has never been described theoretically. The patent
[4], indeed, does not provide the details, in term of equations and
signal processing. Paper [5] gives a high level description of the
LoRa modulation, providing some basic equations and relying
on the intuition of the reader for the decoding process. Papers
[6] and [7] get more in detail with the signal, modulation and
demodulation description, but still lack a mathematical, signal
theory based deﬁnition of the modulation and demodulation
processes, partly because the analysis is limited to the analog
domain. For example, in [7] it is said that “ F or a spreading
Manuscript received August 17, 2017; revised October 3, 2017; accepted
October 10, 2017. Date of publication October 13, 2017; date of current ver-
sion October 25, 2017. The associate editor coordinating the review of this
manuscript and approving it for publication was Dr. Andre L. F. de Almeida.
The author is with the Department of Information Engineerng, University of
Padova, Padova 35131, Italy (e-mail: lorenzo.vangelista@unipd.it).
Color versions of one or more of the ﬁgures in this letter are available online
at http://ieeexplore.ieee.org.
Digital Object Identiﬁer 10.1109/LSP .2017.2762960
1https://www.lora-alliance.org/factor S,log2(S)bits deﬁne f0,” i.e., the initial frequency shift,
but there is no explanation of how this is done.
Actually the LoRa modulation is often referred to as a “chirp
modulation” [8]–[10]. A close inspection of LoRa reveals that
the information bearing element is the frequency shift at the
beginning of the symbol and the chirp is similar to a kind of a
carrier. For this reason, in our opinion, LoRa is better described
as a Frequency Shift Chirp Modulation (FSCM).
The rest of the paper is organised as follows. In Section II,
we provide a description of the modulation process and identify
the orthogonal signals basis characterising the modulation; in
Section III, we provide a description of the optimum demod-
ulator and an efﬁcient implementation of it making use of the
Fast Fourier Transform; in Section IV, we provide the results
of some computer simulations experiments on the link level
performances, comparing as well the FSCM modulation with
an frequency-shift keying (FSK) modulation with the same car-
dinality. Finally in Section V, we draw the conclusions of the
paper.
II. F REQUENCY SHIFT CHIRP MODULA TION
Let us suppose that the bandwidth of the channel we use for
the transmission is Bso we transmit a sample every T=1
B.
A symbol s(nTs)is sent at the input of the modulator every
Ts=2SF·T. The symbol s(nTs)is a real number formed using
a vector w(nTs)of SF binary digits, with SF an integer param-
eter called, in the context of LoRa, Spreading Factor (usually
taking values in {7,8,9,10,11,12}) i.e.,
s(nTs)=SF−1/summationdisplay
h=0w(nTs)h·2h. (1)
We can see that s(nTs)takes values in {0,1,2,..., 2SF−1}.
The transmitted waveform, of duration Ts, for a certain
s(nTs)is then
c(nTs+kT)=1√
2SFej2π[(s(nTs)+k)mod 2 SF]kTB
2SF (2)
=1√
2SFej2π[(s(nTs)+k)mod 2 SF]k
2SF (3)
fork=0...2SF−1.
We can see that the modulated signal is a chirp waveform, as
the frequency increases linearly with k, which is the time index;
we note that each waveform differs from a base waveform having
1070-9908 © 2017 IEEE. Personal use is permitted, but republication/redistribution requires IEEE permission.
See http://www.ieee.org/publications standards/publications/rights/index.html for more information.
Authorized licensed use limited to: Ryerson University Library. Downloaded on June 02,2025 at 11:42:37 UTC from IEEE Xplore.  Restrictions apply. 
V ANGELISTA: FREQUENCY SHIFT CHIRP MODULA TION: THE LORA MODULA TION 1819
initial frequency equal to 0 by a frequency shift s(nTs). That is
w h yw ec a l li tF C S M .
We remark that all of the analysis of the FCSM modula-
tion in this letter will remain in the discrete domain Z(T)=
{...,−3T,−2T,−T,0,T, 2T,3T,...}, i.e., the fundamental
interval for the frequency analysis is [0,B =1
T]. As a matter of
fact any signal in the discrete domain Z(T)has a frequency rep-
resentation periodic with period B=1
T[12]. Therefore, if one
prefers to have the FCSM described in the frequency interval
[−B/2,B/ 2], e.g., to deal with the analytic signal, the signal
base (4) just need to be multiplied by e−j2πB
2kT=−1k, with
no consequences on the derivations and ﬁndings of the current
letter.
A. On the Orthogonality of the FCSM W aveforms
Having established the possible waveforms of the FCSM, we
investigate their orthogonality. To this end we need to check
/angbracketleftBig
c(nTs+kT)|s(nTs)=i,c(nTs+kT)|s(nTs)=q/angbracketrightBig
=0
i/negationslash=q, i,q ∈{0,..., 2SF−1} (4)
/angbracketleftBig
c(nTs+kT)|s(nTs)=i,c(nTs+kT)|s(nTs)=q/angbracketrightBig
(5)
=2SF−1/summationdisplay
k=0c(nTs+kT)|s(nTs)=i·c∗(nTs+kT)|s(nTs)=q
=1
2SF2SF−1/summationdisplay
k=0ej2π[(i+k)mod 2 SF]k
2SFe−j2π[(q+k)mod 2 SF]k
2SF
=1
2SF2SF−1/summationdisplay
k=0ej2π[(i+k)mod 2 SF−(q+k)mod 2 SF]k
2SF. (6)
Equation (6) can be further elaborated, supposing (without
loss of generality) i>q , by splitting it in three parts, getting rid
of the mod operator in in each of them.
/angbracketleftBig
c(nTs+kT)|s(nTs)=i,c(nTs+kT)|s(nTs)=q/angbracketrightBig
=1
2SF2SF−1−i/summationdisplay
k=0ej2π[(i+k)−(q+k)]k
2SF
+1
2SF2SF−1−q/summationdisplay
k=2SF−iej2π[(i+k−2SF)−(q+k)]k
2SF
+1
2SF2SF−1/summationdisplay
k=2SF−qej2π[(i+k−2SF)−(q+k−2SF)]k
2SF (7)
=1
2SF2SF−1−i/summationdisplay
k=0ej2π[i−q]k
2SF
+1
2SF2SF−1−q/summationdisplay
k=2SF−1−iej2π[i−q]k
2SF·e−j2π[2SF]k
2SF+1
2SF2SF−1/summationdisplay
k=2SF−1−qej2π[i−q]k
2SF
=1
2SF2SF−1/summationdisplay
k=0ej2π[i−q]k
2SF. (8)
Now we consider ﬁrst the case of i−qa odd number. In this
case, we can write the following:
/angbracketleftBig
c(nTs+kT)|s(nTs)=i,c(nTs+kT)|s(nTs)=q/angbracketrightBig
=1
2SF2SF−1−1/summationdisplay
k=0ej2π[i−q]k
2SF+ej2π[i−q]k+2SF−1
2SF
=1
2SF2SF−1−1/summationdisplay
k=0ej2π[i−q]k
2SF+ej2π[i−q](k
2SF+1
2)
=1
2SF2SF−1−1/summationdisplay
k=0ej2π[i−q]k
2SF−ej2π[i−q]k
2SF=0.
Ifi−qis even then it can always be written as i−q=2d·r,
where dis an integer, such that 0≤d< SF and ran odd integer.
We tackle ﬁrst the subcase r/negationslash=1
/angbracketleftBig
c(nTs+kT)|s(nTs)=i,c(nTs+kT)|s(nTs)=q/angbracketrightBig
=1
2SF2SF−1/summationdisplay
k=0ej2π[i−q]k
2SF=1
2SF2SF−1/summationdisplay
k=0ej2π[2q·r]k
2SF
=1
2SF2SF−1/summationdisplay
k=0ej2πrk
2SF−q
=1
2SF2q−1/summationdisplay
h=02SF−q−1/summationdisplay
p=0ej2πrh·2SF+p
2SF−q
=1
2SF2q−1/summationdisplay
h=02SF−q−1/summationdisplay
p=0ej2πrp
2SF−q
=1
2SF2q−1/summationdisplay
h=02SF−q−1/summationdisplay
p=0ej2πrp
2SF−q=0
since/summationtext2SF−q−1
p=0ej2πrp
2SF−q=0 beingrodd.
We tackle now the last remaining case r=1.
/angbracketleftBig
c(nTs+kT)|s(nTs)=i,c(nTs+kT)|s(nTs)=q/angbracketrightBig
=1
2SF2SF−1/summationdisplay
k=0ej2π[i−q]k
2SF=1
2SF2SF−1/summationdisplay
k=0ej2π2q·rk
2SF
=1
2SF2SF−1/summationdisplay
k=0ej2πk
2SF−q=1
2SF2q−1/summationdisplay
h=02SF−q−1/summationdisplay
p=0ej2πh·2SF−q+p
2SF−q
=1
2SF2q−1/summationdisplay
h=02SF−q−1/summationdisplay
p=0ej2πp
2SF−q=0.
Authorized licensed use limited to: Ryerson University Library. Downloaded on June 02,2025 at 11:42:37 UTC from IEEE Xplore.  Restrictions apply. 
1820 IEEE SIGNAL PROCESSING LETTERS, VOL. 24, NO. 12, DECEMBER 2017
As a conclusion for this section, we established the orthogonality
of the basis c(nTs+kT)|s(nTs)=i, i.e., that
/angbracketleftBig
c(nTs+kT)|s(nTs)=i,c(nTs+kT)|s(nTs)=q/angbracketrightBig
=0
i/negationslash=q, i,q ∈{0...2SF−1}. (9)
III. O PTIMUM DETECTION OF FSCM S IGNALS IN ADDITIVE
WHITE GAUSSIAN NOISE CHANNEL (AWGN) C HANNELS
Since we have equal energy signals and we suppose perfect
time and frequency synchronization as well as a source emit-
ting equally probable symbols, the optimum receiver for FSCM
signals in an AWGN channel can be derived easily a described
in [11, Sec. 6.1].
The received signal is
r(nTs+kT)/triangle=c(nTs+kT)+w(nTs+kT) (10)
where w(nTs+kT)is a zero mean white gaussian noise, with
σ2
w(nTs+kT)/triangle=σ2
windependent of ( nTs+kT). The optimum
demodulator consists of projecting r(nTs+kT)onto the differ-
ent signals c(nTs+kT)|s(nTs)=q,q=0...2SF−1and choos-
ing the signal c(nTs+kT)|s(nTs)=lsuch that the (square) mod-
ulus of the projection is maximum as the best estimate of the
transmitted signal. This process is providing the best estimate
ˆs(nTs)=lof the transmitted signal s(nTs).
A. Computationally Efﬁcient Implementation
To calculate the projection, we perform the usual computation
/angbracketleftBig
r(nTs+kT),c(nTs+kT)|s(nTs)=q/angbracketrightBig
=2SF−1/summationdisplay
k=0r(nTs+kT)·c∗(nTs+kT)|s(nTs)=q
=2SF−1/summationdisplay
k=0r(nTs+kT)·1√
2SFe−j2π[(q+k)mod 2 SF]k
2SF
=2SF−1/summationdisplay
k=0r(nTs+kT)e−j2πk2
2SF1√
2SFe−j2π[(q+k)mod 2 SF−k]k
2SF/bracehtipupleft /bracehtipdownright/bracehtipdownleft /bracehtipupright
ϕ(q,k ).
(11)
We now turn our attention to the function
ϕ(q,k)/triangle=e−j2π[(q+k)mod 2 SF−k]k
2SF,q , k =0,1,... 2SF−1.
(12)
We can see that for q+k< 2SF, i.e., for k< 2SF−q,w eh a v e
ϕ(q,k)=e−j2π[(q+k)−k]k
2SF=e−j2πq·k1
2SF. (13)
Instead for q+k≥2SF, i.e., for k≥2SF−q,w eh a v e
ϕ(q,k)=e−j2π[(q+k−2SF)−k]k
2SF
=e−j2πq·k1
2SF·ej2π2SF 1
2SF
=e−j2πq·k1
2SF. (14)Fig. 1. Link level performance of FCSM and FSK modulations in the AWGN
(Flat) and frequency selective (Freq.Sel) channels.
We can now rewrite the inner product in (11) as
/angbracketleftBig
r(nTs+kT),c(nTs+kT)|s(nTs)=p/angbracketrightBig
(15)
=2SF−1/summationdisplay
k=0r(nTs+kT)·e−j2πk2
2SF
/bracehtipupleft /bracehtipdownright/bracehtipdownleft /bracehtipupright
d(nTs+kT)·1√
2SFe−j2πpk1
2SF. (16)
From (16) we can see that the process of projecting
the signal r(nTs+kT)onto the signal basis element
c(nTs+kT)|s(nTs)=pconsists of following two steps:
1) multiplying the signal r(nTs+kT)sample by sample by
the signal e−j2πk2
2SF(the so called down-chirp ), obtaining
the signal d(nTs+kTs)/triangle=r(nTs+kT)·e−j2πk2
2SF;
2) taking the Discrete Fourier Transform of the vector
d(nTs), whose component d(nTs)kis[d(nTs)]k/triangle=
d(nTs+kT)and selecting the output of index p.
IV . L INK LEVEL PERFORMANCE ANALYSIS
In this section, we provide the results of some computer sim-
ulations experiments where we compare the FSCM modulation
of cardinality 27(i.e., with SF =7) against an FSK modulation
with the same cardinality. This means transmitting the waveform
c(nTs+kT)=1√
2SFej2πs(nTs)kTB
2SF (17)
instead of the one in (4) for the input symbol s(nTs).
We have considered a ﬂat frequency additive white gaus-
sian noise channel (AWGN) as well as a unit energy fre-
quency selective AWGN multipath channel with impulse re-
sponse h(nT)=√
0.8δ(nT)+√
0.2δ(nT−T). The results
are depicted in Fig. 1.
We can see that, while for the AWGN channel the perfor-
mance of the FCSM and FSK modulations are the same, for a
frequency selective channel FCSM outperforms FSK. The rea-
son is that any FCSM is sweeping the all frequency range and
kind of averaging the noise. Instead, the FSK signals falling the
Authorized licensed use limited to: Ryerson University Library. Downloaded on June 02,2025 at 11:42:37 UTC from IEEE Xplore.  Restrictions apply. 
V ANGELISTA: FREQUENCY SHIFT CHIRP MODULA TION: THE LORA MODULA TION 1821
area of the channel where there is a larger attenuation generate
an effect on the bit error rate, which is more adverse that the
beneﬁcial effect of the FSK signals falling in the area of the
channel where there is actually an ampliﬁcation.
V. C ONCLUSION
In this letter, we have – to the author’s knowledge – pro-
vided the ﬁrst complete mathematically rigorous description of
the LoRa modulation (i.e., FCSM) and demodulation processes,
based on the (discrete time) signal theory and detection. We de-
rived the optimum demodulator and its efﬁcient version. Finally,
we made a performance comparison of the LoRa Modulation
and the FSK modulation in terms of uncoded bit error rate. We
noted that, while the two modulations exhibit the same perfor-
mance in an AWGN channel, in a frequency selective channel
the LoRa (i.e., FCSM) modulation performs better.
The results presented in this letter will eventually enable a
further assessment of the LoRa based networks much more
rigorous than what has been done until now.
REFERENCES
[1] H. Wang and A. O. Fapojuwo, “A survey of enabling technologies of low
power and long range machine-to-machine communications,” IEEE Com-
mun. Surv. Tuts. , to be published doi: 10.1109/COMST.2017.2721379 .[2] M. Centenaro, L. V angelista, A. Zanella, and M. Zorzi, “Long-range com-
munications in unlicensed bands: The rising stars in the IoT and smart
city scenarios,” IEEE Wireless Commun. , vol. 23, no. 5, pp. 60–67, Oct.
2016.
[3] J. P . Bardyn, T. Melly, O. Seller, and N. Sornin, “IoT: The era of LPW AN
is starting now,” in Proc. 42nd Eur . Solid-State Circuits Conf. , 2016,
pp. 25–30.
[4] F. Sforza, “Communication system,” U.S. Patent 8406275 B2, Mar. 26,
2013.
[5] C. Goursaud and J.-M. Gorce, “Dedicated networks for IoT : PHY/MAC
state of the art and challenges,” EAI Endorsed Trans. Internet Things ,
vol. 1, no. 1, pp. 1–11, 2015.
[6] B. Reynders, W. Meert, and S. Pollin, “Range and coexistence analy-
sis of long range unlicensed communication,” in Proc. 23rd Int. Conf.
T elecomm. , 2016, pp. 1–6.
[7] B. Reynders and S. Pollin, “Chirp spread spectrum as a modulation tech-
nique for long range communication,” in Proc. Symp. Commun. V eh. T ech-
nol., 2016, pp. 1–5.
[8] M. R. Winkler, “Chirp signals for communications,” WESCON Conven-
tion Record Paper 14.2, 1962.
[9] C. E. Cook, “Linear FM signal formats for beacon and communication
systems,” IEEE Trans. Aerosp. Electron. Syst. , vol. AES-10, no. 4, pp. 471–
478. Jul. 1974.
[10] C. Gupta, T. Mumtaz, M. Zaman, and A. Papandreou-Suppappola, “Wide-
band chirp modulation for FH-CDMA wireless systems: Coherent and
non-coherent receiver structures,” in Proc. IEEE Int. Conf. Commun. ,
2003, vol. 4, pp. 2455–2459.
[11] N. Benvenuto and G. Cherubini, Algorithms for Communications Systems
and Their Applications . Chichester, U.K.: Wiley, 2002.
[12] G. Cariolaro, Uniﬁed Signal Theory . Berlin, Germany: Springer, 2011.
Authorized licensed use limited to: Ryerson University Library. Downloaded on June 02,2025 at 11:42:37 UTC from IEEE Xplore.  Restrictions apply.","[-0.05003678426146507, -0.047928400337696075, -0.01567069999873638, -0.007340400479733944, 0.022884877398610115, -0.05910710617899895, 0.035807784646749496, 0.013937697745859623, 0.03716828674077988, 0.004584775771945715, 0.02022852748632431, 0.06512504816055298, 0.03239547088742256, -0.08921918272972107, 0.09132663905620575, 0.016523247584700584, 0.06745433807373047, -0.02686345763504505, -0.04495971277356148, 0.02224620245397091, 0.10029172152280807, -0.04575780779123306, 0.01598353683948517, -0.04330141469836235, 0.0538313165307045, -0.015277493745088577, 0.0273643359541893, 0.011880388483405113, 0.007124220486730337, -0.05319850891828537, -0.04311605170369148, 0.04293219745159149, 0.07290051877498627, 0.012072678655385971, -0.08975298702716827, -0.027853921055793762, 0.10343107581138611, 0.0273740291595459, 0.05422135442495346, 0.12054792791604996, -0.006695971824228764, -0.0716080591082573, -0.037801116704940796, 0.04225725308060646, -0.04136580601334572, 0.03427765890955925, -0.011940072290599346, -0.015561467967927456, -0.08512075990438461, -0.059615667909383774, 0.040843453258275986, 0.07144569605588913, -0.06908882409334183, 0.04711031913757324, -0.042622797191143036, -0.043863654136657715, -0.01305298414081335, 0.03156019374728203, 0.059878163039684296, 0.0868983194231987, -0.003973368089646101, 0.031739044934511185, 0.021166667342185974, -0.03518656641244888, -0.025126978754997253, 0.005818916484713554, 0.05776435509324074, -0.055351730436086655, -0.06848163157701492, -0.11347318440675735, -0.04838641732931137, -0.08888690918684006, -0.10018312931060791, 0.07629941403865814, 0.028465470299124718, -0.06905992329120636, 0.030204888433218002, 0.06126914545893669, 0.054238758981227875, 0.04349847882986069, 0.00926479697227478, -0.007370544597506523, -0.011161941103637218, -0.024906763806939125, 0.0007252771756611764, -0.017179759219288826, -0.0836571678519249, 0.0013899824116379023, -0.037015967071056366, -0.08643607795238495, -0.046689677983522415, -0.04815415292978287, -0.010010616853833199, 0.06746496260166168, 0.07635891437530518, 0.04037806764245033, -0.03221544623374939, -0.05158388987183571, 0.03843460977077484, 0.06235479936003685, 0.042894281446933746, -0.05768406391143799, -0.06668001413345337, -0.02063559927046299, -0.044086553156375885, -0.040148135274648666, 0.06968209147453308, 0.03571702539920807, 0.0014051035977900028, -0.010445408523082733, 0.0066266669891774654, 0.07713594287633896, 0.023825181648135185, -0.010345758870244026, -0.0751187652349472, 0.05963202938437462, -0.010692808777093887, 0.09092651307582855, 0.054355427622795105, -0.02417306788265705, -0.03530142083764076, -0.08721310645341873, -0.03840718790888786, 0.057383473962545395, -0.004158611409366131, -0.0017929889727383852, -0.08521192520856857, 2.715681966896351e-33, -0.0042082397267222404, 0.03652198612689972, -0.09589079022407532, -0.04457707330584526, -0.0337689109146595, 0.0831734836101532, 0.058024812489748, 0.027845531702041626, 0.014437668025493622, 0.08405639231204987, -0.11420837789773941, -0.00683624530211091, -0.06685487926006317, -0.00024887939798645675, 0.0620003268122673, 0.000546140712685883, -0.03339017182588577, -0.059701040387153625, 0.02893773466348648, -0.06837558001279831, 0.08203274011611938, -0.06494869291782379, 0.059029191732406616, 0.005212784744799137, 0.06086542457342148, 0.05388730764389038, -0.034328341484069824, -0.07789673656225204, 0.06376451253890991, 0.0222616009414196, -0.0022171163000166416, -0.012494032271206379, 0.039581213146448135, -0.07602067291736603, 0.0610014982521534, -0.03413457050919533, 0.00032289139926433563, 0.0236625038087368, -0.05232345685362816, -0.041932158172130585, 0.028685571625828743, 0.05975564569234848, -0.11071751266717911, -0.06828203052282333, -0.00898536667227745, -0.01855291612446308, 0.09242578595876694, 0.05921662971377373, 0.02594568207859993, -0.00899860356003046, -0.0324593111872673, -0.06800105422735214, -0.06528597325086594, 0.05020514503121376, 0.09701120108366013, 0.047609202563762665, 0.012964794412255287, 0.022229524329304695, 0.06627148389816284, 0.05668122321367264, -0.028329113498330116, 0.0003507015062496066, 0.10775923728942871, -0.0014945523580536246, 0.08169011026620865, -0.06693611294031143, 0.013194195926189423, -0.023460928350687027, -0.05154743418097496, -0.0286619383841753, 0.0651562362909317, -0.007478358689695597, -0.028274118900299072, -0.08283665776252747, -0.008164758794009686, -0.051314666867256165, -0.04196508601307869, 0.031730957329273224, -0.04081666097044945, 0.009117123670876026, 0.06275466829538345, 0.0782698392868042, -0.02426336519420147, 0.015608219429850578, 0.02475583180785179, 0.012820822186768055, -0.005813519936054945, 0.012234099209308624, -0.10626281052827835, -0.003787635825574398, -0.010239348746836185, 0.008416710421442986, 0.014516047202050686, -0.056023381650447845, -0.021096598356962204, -1.472930329259324e-33, -0.023364830762147903, 0.004737286362797022, 0.011986272409558296, 0.05655713379383087, -0.002478367183357477, -0.04912996664643288, 0.03930870443582535, -0.012096676044166088, 0.031325969845056534, 0.10088766366243362, 0.014903347939252853, -0.07383957505226135, 0.008109749294817448, -0.07154125720262527, 0.024800319224596024, -0.06080126017332077, -0.014806716702878475, 0.008060940541327, -0.02708093635737896, -0.002577555598691106, -0.013381652534008026, 0.003168458119034767, 0.01540288794785738, -0.07155127823352814, 0.03108222968876362, 0.010379141196608543, -0.05658503994345665, 0.1446516513824463, -0.04415147379040718, -0.01215035654604435, -0.08516078442335129, 0.025304237380623817, 0.03159115090966225, -0.022868797183036804, 0.05452122166752815, 0.02804311364889145, 0.08326520025730133, 0.07102891057729721, -0.014501301571726799, -0.05001462250947952, 0.01482351589947939, 0.0035528570879250765, 0.04096617177128792, -0.02189120464026928, -0.005172801669687033, -0.01249653659760952, -0.015309467911720276, -0.051516830921173096, -0.004229056648910046, -0.010099008679389954, 0.14490051567554474, -0.05700210854411125, 0.024016592651605606, 0.014884646981954575, 0.022358356043696404, 0.08260521292686462, -0.05454782396554947, 0.08635285496711731, -0.04597758129239082, -0.013457371853291988, 0.017362987622618675, -0.03746851161122322, 0.09034018218517303, 0.005009382963180542, 0.0470682792365551, 0.0929858610033989, 0.01953129842877388, -0.018324511125683784, 0.03789587318897247, 0.00427516084164381, -0.05445639044046402, -0.022599972784519196, 0.018350034952163696, -0.02188947983086109, 0.012308268807828426, 0.013927505351603031, -0.050392743200063705, 0.018150510266423225, -0.058705054223537445, 0.025680385529994965, -0.06341563165187836, -0.002800523769110441, -0.13015863299369812, -0.041007887572050095, -0.03371046856045723, 0.00911675300449133, 0.05675303563475609, 0.03728834539651871, 0.025361042469739914, -0.028607135638594627, -0.07300693541765213, 0.04188934713602066, 0.04097224026918411, 0.06022430956363678, 0.051701515913009644, -5.098295474681436e-08, -0.0628930926322937, -0.0349808931350708, -0.0839511901140213, -0.03832494840025902, 0.08364985883235931, -0.021928811445832253, 0.07949065417051315, -0.05429956316947937, -0.01803455874323845, -0.08326195925474167, 0.06067235767841339, 0.04840882867574692, -0.07316126674413681, 0.03500981628894806, 0.12404699623584747, -0.0609983392059803, 0.04290622100234032, -0.03207246586680412, 0.04386232793331146, 0.02892591431736946, 0.09641118347644806, 0.014243216253817081, 0.05851546302437782, -0.005427347030490637, 0.06325627118349075, -0.005557302385568619, -0.04145309329032898, 0.02112567238509655, 0.05867769196629524, -0.003318317700177431, 0.016420666128396988, -0.0011279183672741055, 0.04027515649795532, -0.02181495539844036, -0.09946000576019287, -0.03219587355852127, -0.04844748228788376, -0.016589593142271042, 0.013555856421589851, 0.05052769556641579, 0.06602050364017487, 0.017278403043746948, -0.06220215931534767, 0.025866152718663216, -0.0642920508980751, 0.014045970514416695, 0.01175039540976286, 0.011423828080296516, -0.018015652894973755, 0.007557806558907032, 0.023006003350019455, 0.010355477221310139, 0.00392637075856328, -0.0857405737042427, -0.022261567413806915, -0.011170055717229843, 0.08375827968120575, -0.13012994825839996, 0.06651872396469116, 0.05146908760070801, -0.03257743641734123, 0.03152525797486305, -0.05909565091133118, 0.029899831861257553]"
Lora BMS.pdf,"A LoRa Enabled Building Automation Architecture
Based on MQTT
Susanna Spinsante, Gianluca Ciattaglia, Antonio Del Campo, Davide Perla,
Danny Pigini, Giovanni Cancellieri, Ennio Gambi
Dipartimento di Ingegneria dell’Informazione,AEIT Sezione Adriatica
Universita’ Politecnica delle Marche
Ancona, Italy 60131
Email: s.spinsante@univpm.it
Abstract —The current and future trend in building and home
automation sees an increasing pervasiveness of Internet of Things
technologies, that allow to implement networks of low power
sensors and actuators, and, at the same time, to enable advanced
services and applications. In this paper we propose the use of a
common protocol in the IoT domain, the MQTT, over a LoRa
physical communication link, to jointly exploit the lightweight
pub-sub paradigm offered by MQTT and the long range, low
power wireless capabilities offered by LoRa, to deliver building
automation services. Experiments show that the proposed ar-
chitecture ensures commands transmission and actuation in less
than 200 ms.
Index Terms—LoRa, building automation, sensor, MQTT.
I. I NTRODUCTION
Internet of Things (IoT) technologies, with networks of low
power sensors and actuators, and advanced services and appli-
cations supported by cloud-based platforms [1], are applied in
smart buildings, to dynamically adapt to changes in indoor and
outdoor environment, without the need of human intervention.
Typical use cases refer to energy and water metering [2],
appliances monitoring and control [3], residential security
monitoring (e.g. access control), automatic management of
systems and devices (e.g. lighting, air conditioning or heating).
In this paper we propose the use of the Message Queue
Telemetry Transfer protocol (MQTT) over a Long Range
(LoRa) communication link, to jointly exploit the MQTT
lightweight pub-sub paradigm, and the long range, low power
wireless capabilities offered by LoRa. In [4], an MQTT broker
is used to monitor and control room temperature. Wi-Fi is cho-
sen as the communication technology; with respect to LoRa, it
requires a careful network planning in huge buildings, to offer
uninterrupted radio coverage in different areas, by deploying
several APs. On the contrary, thanks to its robustness to deep
indoor signal attenuation [5], LoRa minimizes the number
of gateways needed to cover wide areas, and simpliﬁes the
system deployment. In [6], authors design a home automation
system based on MQTT, but the end devices (sensors and
actuators) used are equipped with a ZigBee transceiver. In
our proposal, on the contrary, native LoRa enabled end nodes
are used, avoiding the need for additional gateways (potential
points of failures in automation solutions). About the choice
of MQTT, it is able to support reliable message transmission
[7], with timely alarm notiﬁcation [8], so it is deemed suitable
Fig. 1. Main components of the proposed system architecture.
for the purpose of message exchange in building automation
scenarios, with real-time constraints.
The paper is organized as follows: Section II shortly de-
scribes the main HW and SW components of the proposed
architecture; Section III presents the experimental evaluation,
ﬁnally Section IV concludes the paper.
II. S YSTEM ARCHITECTURE AND COMPONENTS
Fig. 1 shows the system architecture implemented within
our project. From left to right: the remote node (RN), i.e.
the sensor or actuator, equipped with LoRa transceiver (a
Semtech SX1276 IC [9]); the concentrator/gateway (GW),
with two main elements: the LoRa radio frequency (RF)
module [9] (named local node - LN), and a Raspberry Pi3
acting as the Micro Controller Unit (MCU). The concentrator
connects to RN’s over LoRa, and to an MQTT broker via a
generic data connection (e.g. LAN-Ethernet, 4G). Finally, the
backend server hosts a database and an MQTT broker. Any
other MQTT client (e.g. a smartphone) may reach the broker
via an internet connection. The concentrator receives frames
formatted according to LoRa speciﬁcations from the RN,
provides their conversion into MQTT messages, and publishes
them on speciﬁc topics managed by the MQTT broker, over
the available data connection.
A. The remote node
The RN is implemented on an M0 Adafruit Feather
equipped with SX1276 IC [9]. The RFM95 transceiver of
Authorized licensed use limited to: Ryerson University Library. Downloaded on July 04,2025 at 05:32:28 UTC from IEEE Xplore.  Restrictions apply.","[-0.08980809897184372, 0.026397155597805977, -0.01818416267633438, -0.03490940108895302, -0.011692852713167667, -0.06473589688539505, 0.01885954663157463, -0.0005221750470809639, -0.02386823110282421, 0.053214121609926224, 0.008237142115831375, -0.0039562019519507885, 0.061323851346969604, -0.03755839169025421, 0.10826250910758972, 0.07052061706781387, 0.09900984168052673, -0.10127351433038712, -0.008663192391395569, 0.03471802920103073, 0.06302398443222046, 0.03313272446393967, 0.027645999565720558, -0.002430260181427002, 0.026101451367139816, -0.011523027904331684, 0.050499554723501205, -0.004246552474796772, -0.06479641795158386, -0.03499333932995796, 0.01442182157188654, -0.001782628707587719, 0.04801657795906067, -0.04751412197947502, -0.01054434385150671, 0.018111662939190865, 0.11132841557264328, 0.053605400025844574, -0.014990312047302723, -0.05821431055665016, -0.014991960488259792, -0.10990798473358154, -0.048854753375053406, 0.011457623913884163, 0.0428631491959095, 0.05056897550821304, -0.0569760724902153, -0.05291593074798584, -0.03809768334031105, -0.013861823827028275, 0.01832413859665394, 0.019071444869041443, 0.00849086232483387, -0.012911265715956688, 0.00889619067311287, 0.024862444028258324, -0.009954262524843216, 0.02560703083872795, 0.08309221267700195, 0.024270907044410706, 0.10138844698667526, 0.029874222353100777, 0.0051803793758153915, -0.03172864764928818, 0.007379575632512569, -0.03324068710207939, -0.0021834420040249825, -0.006796943489462137, -0.02128688618540764, -0.10645440965890884, 0.04770663380622864, -0.1139582023024559, -0.023346805945038795, 0.04255425184965134, 0.0057315584272146225, -0.036417633295059204, -0.0056780562736094, -0.011736049316823483, 0.000434761488577351, 0.014680483378469944, -0.02205091156065464, 0.0018687319243326783, -0.08537381887435913, 0.0499998964369297, -0.014711889438331127, 0.035717010498046875, -0.04908446967601776, 0.05851363018155098, -0.01708536222577095, -0.08593825995922089, -0.027050063014030457, -0.0889877900481224, -0.07655783742666245, 0.06913809478282928, 0.1766737550497055, -0.03779883682727814, -0.04923855513334274, -0.11439437419176102, -0.05615409463644028, 0.06013824790716171, 0.016705671325325966, -0.016891982406377792, -0.05966025963425636, -0.0036438829265534878, -0.0032265225891023874, -0.04725358635187149, -0.008950680494308472, -0.021749548614025116, 0.03328224644064903, 0.0025440077297389507, -0.03581075742840767, -0.0366094596683979, 0.00823618657886982, -0.041810378432273865, -0.06299324333667755, 0.04627818986773491, 0.017925288528203964, 0.07342648506164551, 0.08270617574453354, -0.024451464414596558, 0.006255656946450472, -0.01911037229001522, 0.00334048829972744, 0.0017640277510508895, 0.10593941807746887, 0.00931036937981844, -0.005657645408064127, 3.8805459916963665e-33, 0.02592499367892742, 0.05230878293514252, -0.06753794103860855, -0.016375957056879997, 0.06765875220298767, 0.017795709893107414, 0.06310521811246872, 0.05795945227146149, -0.00900878757238388, -0.01600899174809456, -0.04188549518585205, -0.023287998512387276, -0.004603066947311163, -0.012460947036743164, 0.03794562816619873, 0.0020105938892811537, 0.009280513972043991, -0.06499689072370529, 0.04620561748743057, -0.01722271926701069, -0.004717287141829729, -0.08669129014015198, 0.0035302098840475082, 0.07358638942241669, 0.13210046291351318, 0.000542168621905148, 0.04501098021864891, 0.023711249232292175, -0.0037091607227921486, 0.028091993182897568, 0.013324297964572906, -0.022191360592842102, -0.007506959605962038, -0.004805003758519888, -0.04903406277298927, -0.046230096369981766, -0.05773252248764038, -0.055806126445531845, -0.02902471274137497, -0.04339682683348656, -0.01797916367650032, 0.010682088322937489, -0.04965350031852722, -0.08250321447849274, -0.024718565866351128, -0.052385736256837845, 0.0524488165974617, 0.045709893107414246, -0.030134225264191628, -0.004065250512212515, 0.0067200553603470325, -0.008696862496435642, -0.033483780920505524, 0.05344315618276596, 0.015725724399089813, -0.01721946895122528, 0.04705748334527016, 0.05395932495594025, 0.06296617537736893, 0.003001161850988865, -0.042922116816043854, 0.03923384100198746, 0.04748916998505592, 0.027106652036309242, 0.07542581856250763, -0.1042412742972374, 0.025535674765706062, 0.05962834879755974, 0.020170342177152634, 0.07012614607810974, 0.09051315486431122, -0.041933488100767136, 0.009333997964859009, -0.07629582285881042, 0.02553396485745907, 0.024224333465099335, -0.06442052125930786, 0.05647594854235649, -0.0580889917910099, -0.0009571725386194885, 0.051211245357990265, 0.08305583149194717, 0.02959345653653145, 0.0313236229121685, 0.08001495152711868, -0.035237547010183334, -0.0021177649032324553, -0.051765237003564835, -0.07840248197317123, 0.05992099270224571, 0.01958945207297802, 0.0036173060070723295, -0.014121885411441326, 0.014652857556939125, -0.05106455832719803, -2.6335494419204286e-33, -0.005083812400698662, -0.000819777196738869, -0.05788591131567955, 0.041580382734537125, -0.025707799941301346, -0.09639391303062439, -0.020066091790795326, -0.08630762249231339, 0.002456968417391181, 0.10426007211208344, -0.04403500258922577, -0.07950770854949951, 0.033016543835401535, -0.12358222901821136, 0.06759850680828094, 0.028770746663212776, 0.02447172999382019, -0.07290391623973846, -0.009119657799601555, 0.0583675354719162, -0.004986163694411516, 0.03755385801196098, -0.045181769877672195, -0.11508271098136902, 0.015110638923943043, 0.002378911944106221, -0.022499356418848038, 0.06266684830188751, 0.0018265960970893502, -0.03242861106991768, -0.08955790847539902, -0.05169222876429558, 0.032684046775102615, -0.04467585310339928, 0.03979071229696274, -0.018039071932435036, 0.1125534176826477, 0.09236160665750504, -0.05063873901963234, -0.04731115698814392, 0.08994802832603455, -0.007276948541402817, -0.02244032733142376, 0.019317390397191048, -0.019761646166443825, -0.028503242880105972, -0.05254923924803734, -0.046626802533864975, -0.09330067038536072, -0.03896715119481087, 0.09032602608203888, -0.05545710399746895, 0.06653185933828354, 0.006379819940775633, 0.030719850212335587, -0.01627638190984726, 0.03596930205821991, 0.0988311916589737, -0.08014719933271408, 0.013290400616824627, 0.09724454581737518, -0.07894334197044373, 0.05002054199576378, 0.10488264262676239, 0.040505196899175644, 0.0843706876039505, 0.004557386040687561, 0.003392791608348489, -0.027991052716970444, 0.005631770472973585, -0.07182260602712631, -0.02770976535975933, 0.02491307072341442, -0.04039518162608147, -0.01099662110209465, 0.0064516691491007805, -0.016743315383791924, 0.009765801951289177, 0.01874035783112049, -0.03653831034898758, -0.011883233673870564, -0.003957880195230246, -0.034759216010570526, -0.015118777751922607, 0.023935683071613312, -0.0636061504483223, -0.015113824047148228, 0.08442988246679306, 0.03280150517821312, 0.06242449954152107, -0.054417215287685394, 0.08073382824659348, 0.033762652426958084, 0.023056894540786743, -0.09603753685951233, -5.0453561328822616e-08, -0.05237488076090813, -0.023153308779001236, -0.057892899960279465, -0.0072097196243703365, 0.013083160854876041, -0.000700191012583673, 0.05458224192261696, -0.03641554340720177, 0.0857100710272789, 0.045054640620946884, -0.001955044222995639, -0.055830635130405426, -0.01998298615217209, 0.0025014705024659634, 0.05217535421252251, 0.0007655841764062643, 0.035039570182561874, -0.09400560706853867, 0.0028841004241257906, 0.052017901092767715, 0.09948992729187012, 0.024037422612309456, -0.012203049845993519, 0.02484006993472576, 0.06642190366983414, -0.00684382114559412, -0.0440121591091156, -0.008055148646235466, 0.06502803415060043, -0.001589193125255406, -0.07164663821458817, -0.03345411270856857, 0.0657072514295578, 0.014330197125673294, -0.09674497693777084, -0.034786805510520935, 0.03848031163215637, -0.015575581230223179, 0.057757552713155746, -0.01773553341627121, 0.041335754096508026, -0.045426130294799805, -0.10378189384937286, -0.02418677881360054, -0.0251757949590683, -0.03019026666879654, -0.08978389203548431, -0.04766026511788368, 0.025336267426609993, 0.008742853999137878, -0.015378374606370926, -0.01964510604739189, 0.08946988731622696, -0.0014629856450483203, 0.02513858862221241, 0.03576379641890526, 0.07620488852262497, -0.13676570355892181, 0.15513145923614502, 0.059980664402246475, 0.01604703813791275, 0.04573972150683403, -0.022790398448705673, 0.029187265783548355]"
Real Time Comunication Oer Lora.pdf,"Real-Time Communication over LoRa Networks
Sezana Fahmida
Wayne State University
Detroit, USAVenkata Prashant Modekurthy
University of Nevada Las V egas
Las Vegas, USADali Ismail
Southern Illinois University
Edwardsville, USAAakriti Jain & Abusayeed Saifullah
Iowa State University
Ames, USA
Abstract —Today, industrial Internet of Things (IIoT) are
emerging in large-scale and wide-area applications (e.g., oil-
ﬁeld management). Traditional wireless solutions for industrialautomation depend on short-range wireless technologies (Wire-lessHART, ISA100.11a), posing a big challenge to support thescale of today’s IIoT. To address this limitation, we propose toadopt LoRa, a prominent low-power wide-area network tech-nology, for industrial automation. Adopting LoRa for industrialautomation poses some unique challenges. The fundamentalbuilding blocks of any industrial automation system are feedbackcontrol loops that largely rely on real-time communication. LoRausually adopts a simple protocol based on ALOHA with nocollision avoidance to minimize energy consumption which is lesssuitable for real-time communication. Existing real-time proto-cols for short-range technologies cannot be applied to a LoRanetwork due to its unique characteristics such as asymmetrybetween downlink and the uplink spectrum, predeﬁned modes(class) of operation, and concurrent reception through orthogonalspreading factors. In this paper, we address these challenges andpropose RTPL- a Real-Time communication Protocol for LoRanetworks. RTPL is a low-overhead and conﬂict-free communi-cation protocol allowing autonomous real-time communicationof low-energy devices and exploits LoRa’s capability of parallelcommunication. We implement our approach on LoRa devicesand evaluate through both physical experiments and large scalesimulations. All results show that RTPL achieves on average75% improvement in real-time performance without sacriﬁcingthroughput or energy compared to traditional LoRa.
Index T erms—LoRa, Low Power Wide Area Networks, Real-
Time, Industrial Internet-of-Things, Closed Loop, Internet-of-Things, Cyber Physical Systems
I. I NTRODUCTION
The evolution of Internet of Things (IoT) is transforming
the ﬁeld of industrial automation including process control
and smart manufacturing into an important class of IndustrialIoT (IIoT). Industrial automation entails managing, monitor-
ing, and controlling the production or manufacturing processthrough sensors and actuators connected over low-bandwidthnetwork for enhanced efﬁciency and sustainable production.Today, industrial IoT and cyber-physical systems (CPS) areemerging in large-scale and wide-area applications. For ex-ample, the East Texas Oil-ﬁeld extends over an area of 74×8
km
2requiring tens of thousands of sensors and actuators for
automated management [1]. Emerson is targeting to deploy10,000 nodes (sensors and actuators) for managing an oil-ﬁeld in Texas [2], [3]. Today, wireless solutions for industrialautomation are based on WirelessHART [4] and ISA100.11a
This work was supported by NSF through grants CNS-2211510, CAREER-
2211523, CCF-2118202, and by ONR through grant N00014-22-1-2155.[5] that depend on traditional short-range wireless technologiesbased on IEEE 802.15.4. To cover a large area with numerousdevices, they form multi-hop mesh networks at the expense ofenergy, cost, and complexity, posing a big challenge to supportthe scale of today’s IIoT.
In this paper, we propose to adopt the Low-Power Wide-
Area Network (LPW AN) technologies for industrial automa-
tion. As an emerging IoT technology, LPWAN enables low-power (milliwatts) wireless devices to transmit at low datarates (kbps) over long distances (kms) using narrowband(kHz), thereby obviating the need of multihop and allowing thedevices to directly communicate with the control node (gate-way). Recently, multiple LPWAN technologies such as LoRa(Long Range) [6], SigFox [7], RPMA [8], DASH7 [9], Telensa[10], NB-IoT [11], LTE Cat M1 [12],and SNOW (SensorNetwork Over White spaces) [13]–[18] have appeared. Manyof them (e.g., LoRa, SigFox, SNOW) allow numerous devicesto concurrently communicate with the gateway, providing highscalability. While the LPWANs have been mainly explored foruplink communication, their potential for industrial automationhas not yet been explored.
IIoT realization through LPWAN can greatly beneﬁt the
industrial automation solutions like pipeline management [19],silo level, environmental and cold chain control. In suchapplications, pipelines (that can be hundreds of miles long),silos, tanks, and plants are positioned far from the centraloperations center, at inconvenient or hazardous locations indifﬁcult terrain or offshore. Thanks to their multikilometerrange and deep penetration capability, LPWANs can be anattractive solution for communications from massive, granulardata points of geographically dispersed and/or structurallydense industrial campuses like oil ﬁelds, reﬁneries and processplants. Compared to industrial mesh solutions (e.g., Wire-lessHART, ISA 100.11a), they can be implemented withoutcomplex network conﬁguration and at a fraction of both deviceand operational costs. In a 2018 survey on 311 industriesconducted by ON World and the International Society ofAutomation (ISA), as shown in Fig. 1, 57% of industrial IoTprofessionals reported that they were researching or devel-oping LPWAN solutions [20]. Thus, LPWANs will soon bedisrupting the IIoT landscape.
To avoid the cost of licensed band and infrastructure (usu-
ally unavailable in remote locations where process industriesare typically located), we consider non-cellular LPWANs inthe free ISM band. Speciﬁcally, we consider LoRa, whichis widely considered as an LPWAN leader [22] and is com-
142022 IEEE/ACM Seventh International Conference on Internet-of-Things Design and Implementation (IoTDI)
978-1-6654-9641-4/22/$31.00 ©2022 IEEE
DOI 10.1109/IoTDI54339.2022.000192022 IEEE/ACM Seventh International Conference on Internet-of-Things Design and Implementation (IoTDI) | 978-1-6654-9641-4/22/$31.00 ©2022 IEEE | DOI: 10.1109/IOTDI54339.2022.00019
Authorized licensed use limited to: Ryerson University Library. Downloaded on June 19,2025 at 17:21:03 UTC from IEEE Xplore.  Restrictions apply. 
14%
14%
18%
19%35%
LPWANHybrid/ISAWirelessHARTNone/NA
Other wireless
(a) Planned ApproachResearchingNot awareAware/Not DoingPilot testingDeployment2016
2018 12%13%
15%
8%
21%
26%
23%
32%
29%
22%
(b) LPWAN Adoption Status
Fig. 1. LPWAN adoption trend in industrial automation [20], [21]
mercially available all around the globe with more than 600
known use cases and over 50 million devices deployed [6].Industry analyst ABI research projects that more than 50% ofall LPWAN connections will be based on LoRa by 2026 as itis ﬂexible for both outdoor and indoor cases [23].
Adopting LoRa for industrial automation poses some evo-
lutionarily challenges as it was not originally targeted forsuch applications. The fundamental building blocks of anyindustrial automation system are feedback control loops thatlargely rely on real-time communication between sensors andactuators [24], [25]. For example, tanks in oil-ﬁelds needreal-time monitoring and control to avoid overﬂow. However,LoRa was predominantly developed for independent uplinkand downlink communications. Enabling closed-loop commu-nication under severe energy constraints of the nodes is quitechallenging. To minimize the energy consumption of devices,LoRa usually adopts a simple MAC (media access control)protocol based on ALOHA with no collision avoidance that is
naturally unsuited for real-time communication. While energy-
efﬁciency is a requirement and challenge in LPWANs, itbecomes more complicated when combined with real-timerequirement. Speciﬁcally, their communications have to beminimal which makes real-time communication extremelychallenging. On the other hand, real-time communications canbeneﬁt from massive concurrent communication of the deviceswith the gateway. Existing real-time communication protocolsdeveloped for short-range technologies cannot exploit the mas-sive concurrent communication and hence cannot be adoptedfor LoRa. The asymmetry between the downlink and uplinkspectrum in a LoRa network also makes it difﬁcult to adopttraditional real-time scheduling techniques.
In this paper, we address the above challenges and pro-
pose RTPL, a Real-Time communication Protocol for LoRa
networks which can ensure real-time guarantees of end-to-end communication without affecting the concurrent receptioncapability of LoRa. RTPL closes the control loops over theasymmetric spectrum between uplink and downlink communi-cation and also exploits LoRa’s capability of parallel commu-nication. It is a low-overhead real-time MAC protocol allowingautonomous communication of the low-energy devices. Weimplement RTPL on LoRa devices and evaluate through bothphysical experiments and large scale simulations. All resultsshow that RTPL achieves on average 75% improvement inreal-time performance without sacriﬁcing throughput or energycompared to traditional LoRa.
The rest of the paper is organized as follows. SectionII presents an overview of LoRa. Section III describes thesystem model. Section IV reviews related work. Section Vmotivates the need and identiﬁes the challenges for a real-time framework. Section VI presents RTPL. Section VII,VIII and IX presents implementation, experiment results, andsimulation results, respectively. Section X concludes the paper.
II. L
ORAOVERVIEW






 		
Fig. 2. The LoRa network architecture.LoRa is a pioneering
LPWAN technology forconnecting sensors to theCloud. A typical LoRaarchitecture (shown in Fig.2) consists of three parts:gateway, end-devices i.e.,nodes, and a network server.Nodes are sensors/actuatorsthat directly communicatewith the gateway via asingle-hop wireless link.LoRa divides the available spectrum into multiple uplink and
downlink channels. Nodes send data to the gateway on the
uplink channels and the gateway responds on the downlinkchannels. Multiple gateways communicate with the networkserver via a local LAN/the Internet.
LoRa adopts a proprietary Chirp Spread Spectrum (CSS)
for communication [23]. Spreading the signal over a widebandwidth makes it less susceptible to noise and interference.A LoRa transceiver has ﬁve runtime-adjustable transmissionparameters: transmission power, carrier frequency (channel),spreading factor (SF), bandwidth (BW), and coding rate (CR).These parameters inﬂuence the transmission duration, energyconsumption, reliability, and range. In North America, LoRadeﬁnes 64 uplink channels of 125 kHz bandwidth (902.3-914.9 MHz) in 200 kHz increments and 8 downlink channelsof 500 kHz bandwidth (923.3 MHz-927.5 MHz) in 600 kHzincrements. There is no duty-cycle requirement on spectrumusage for LoRa in the US. CR is the amount of Forward ErrorCorrection (FEC) applied to the message to protect it againstburst interference. It ranges between 1 and 4. SF determinesthe number of bits encoded in a symbol and ranges from 6to 12. A higher spreading factor increases the Signal to NoiseRatio (SNR) and, therefore, receiver sensitivity and the signalrange. Higher the SF implies lower bitrate, and hence, thelonger the communication time. LoRa signal data rate is given
by SF∗
4/(4+CR)
2SF/BW. Depending on the SF and bandwidth, LoRa
achieves data rates between 0.3 kbps and 27 kbps. The SFs
in LoRa are orthogonal [26]. Concurrent transmissions withdifferent SF on the same channel do not interfere with eachother and can be successfully decoded.
LoRaWAN (LoRa Wide Area Network) is the currently used
MAC of a LoRa network. In LoRaWAN, LoRa nodes arecategorized into three classes. Class A nodes are allowed for
bidirectional communication where each node’s uplink trans-mission is followed by two short downlink receive windows. Inthe Class A mode, nodes locally schedule transmissions based
15
Authorized licensed use limited to: Ryerson University Library. Downloaded on June 19,2025 at 17:21:03 UTC from IEEE Xplore.  Restrictions apply. 
on their own communication needs with a small variation
based on a random time basis (ALOHA-type protocol). ThisClass A operation is lowest power-consuming and intended forapplications that only require downlink communication fromthe gateway shortly after a node’s uplink transmission. Down-link communications from the gateway at any other time mustwait until the next scheduled uplink. Class B nodes are also
allowed for bidirectional communication, where they allow formore receive slots. In addition to the Class A receive windows,Class B nodes open extra receive windows at pre-scheduledtimes. To resolve clock drifts, nodes’ synchronizes their timewith the gateway through time synchronizing beacons. Class
Cnodes have continuously open receive windows, only closed
when transmitting. Class C mode consumes higher power butoffers the lowest latency communication from the gateway.
III. S
YSTEM MODEL
We consider an LPWAN based on LoRa. A LoRa node is
equipped with one half-duplex radio, enabling transmissionor reception of a packet at a time, but not both. In a LoRanetwork, a channel and a SF together is called a communica-
tion path. Two communications paths with different channelsor different SFs are orthogonal to each other. Concurrent
transmissions on orthogonal communication paths do not in-terfere one another. The number of orthogonal communicationpaths is a system parameter that depends on vendor speciﬁccircuit. The issues related to the coexistence of multiple LoRanetworks are out of the scope and will be studied in the future.
A LoRa gateway has (1+ m
/prime) radios. One radio enables
concurrent reception on muplink orthogonal communication
paths (UCPs), and all other radios enable concurrent trans-missions on m
/primedownlink orthogonal communications paths
(DCPs). UCPs are denoted as ci,c2,···,cmand DCPs are
denoted as δ1,δ2,···δm/prime. All UCPs use a BW of 125khz, and
all DCPs use a BW of 500kHz. The number of orthogonal SFs
available in the network is denoted by η. The spreading factor
and channel used for the jthUCPcjis given by Φ(cj)and
ζ(cj), respectively. Similarly, the spreading factor and channel
used for a DCP δjis given by Φ(δj)andζ(δj), respectively.
For industrial automation, LPWAN node can be a sensor
or an actuator. Unlike the nodes, the gateway is Internet-connected, line-powered, and is powerful in computation.The nodes can be deployed within several kilometers ofthe gateway and still communicate directly with it and viceversa. We consider an LPWAN with nwireless control loops
/lscript
1,/lscript2,···,/lscriptn, where/lscriptiis the control loop between a sensor
nodesiand actuator aithrough a controller at the gateway.
In industrial automation applications, a sensor node samples aplant (or a process) state and sends data to the controller (atthe gateway) along a UCP. The controller determines controlcommands and sends them to the actuators along a DCP. Thesampling period of control loop /lscript
iis denoted by pi. The dead-
linediof control loop /lscriptiequals its period pi(i.e.,pi=di).
This means that the end-to-end communication between sensors
iand actuator aihas to be completed within pitime units.
The actuator aimust receive the control command within pitime units after the generation of a sample. The objective ofRTPL is to meet the deadlines of the control loops. A controlloop/lscript
iisschedulable if it meets its deadline difor all of its
packets. A set of control loops is called schedulable, if every
control loop of the set is schedulable.
IV . R ELATED WORK
Real-time scheduling for wireless network for short range
technologies such as IEEE 802.15.4 standard was studiedwidely [27]–[38]. However, these approaches cannot be ap-plied to a LoRa network due to its unique characteristics suchas (a) asymmetric communication paths between uplink anddownlink, (b) nodes’ restriction to operate in one of the threemodes (A, B, or C) with severe energy constraints, and (c)concurrent reception capability by exploiting orthogonal SFs.
Existing work on LoRa mostly focuses on improving per-
formance [39]–[41], energy consumption and coverage [42],[43], scalability [22], [44], [45], and packet collision resolution[46]–[51]. The potential of LoRa in real-time communicationand control has been explored recently [52]–[55]. Speciﬁ-cally, the work in [55] provides a time-slotted MAC layeron top of LoRaWAN to improve reliability. The work in[52], [56] discusses the feasibility of using LoRa in real-time communications through some measurement studies. Thework in [53] proposes a centralized approach to enable bothreal-time and non real-time trafﬁc in a LoRa network andevaluates through simulations without any implementation onLoRa devices. It considers a simpliﬁed model of trafﬁc whereall nodes in the network operate on the same transmissioninterval. As already pointed out in [57], this approach is notapplicable to a real industrial IoT network as it does notrely on any slot-scheduling mechanism to meet the real-timerequirements of nodes. Besides, this work does not considerthe scheduling of downlink actuator commands, and is notapplicable to control. Enabling real-time communication uponclosing the loop over a LoRa network is quite challengingdue to asymmetric spectrum between uplink and downlink andsevere energy constraints of the nodes.
Closed-loop communication in LoRa networks has been
studied in [54] to enable event-triggered control. However, thiswork relaxes the energy constraints as the actuators as need toalways remain in continuous listen mode. It also does not takeexploit LoRa’s capability of concurrent reception on orthogo-nal SFs. Most importantly, in its approach, the nodes contend
for data transmission slots before sending the data, whichcan lead to collisions and unpredictable latency. In contrast,our approach adopts a time-triggered model and conﬂict-freecommunication, thereby enabling predictable latency and real-time communication. Our approach exploits LoRa’s capabilityof parallel reception and preserves energy as both sensors andactuators only wake up to send/receive data.
V. F
EASIBILITY OF CLOSED LOOP REAL-TIME
COMMUNICATION WITH LORAWAN
Long-range and single-hop communication of LoRa facili-
tates low-latency communication. However, LoRa’s MAC uses
16
Authorized licensed use limited to: Ryerson University Library. Downloaded on June 19,2025 at 17:21:03 UTC from IEEE Xplore.  Restrictions apply. 
an ALOHA-based protocol for uplink communication that
causes signiﬁcant packet collisions, unpredictable latencies,and deadline misses. Furthermore, it introduces challengesin closing the loop. As described in Section IV, there is noexisting work on closed-loop conﬂict-free MAC protocol forreal-time communication that takes into account LoRa’s char-acteristics. Hence, in this section, we experimentally inves-tigate the following: (1) Is real-time communication feasiblebetweeen sensors and gateway? (2) Is closed-loop real-timecommunication feasible in LoRa? and (3) Can LoRa adoptexisting wireless sensor-actuator network (WSAN) protocols?
A. Can LoRaWAN Ensure Real-Time Guarantees for Uplink
Communication?
To answer this question, we ran an experiment with 4 Rasp-
berry Pi 3 with LoRa HAT from Dragino [58] as LoRa sensornodes and one Dragino LG308 LoRaWAN gateway with TheThings Stack network server [59]. The nodes transmitted 10-byte packets with a period of 7 seconds (which is also thepacket’s deadline) to the gateway. All nodes used the samechannel to emulate a dense deployment. The nodes used a5 second receive window delay as per the recommendationsfrom The Things Stack [60]. We measured the latency betweenpacket generation at the sensor and packet reception at thegateway. We compared the measured latency with the deadlineto observe the number of packets that meet the deadline.


	

Fig. 3. Percentage of deadline misses.Fig. 3 shows the number
of packets out of 30 thatwere successfully receivedbefore the deadline by thegateway from each sen-sor. This result shows that100% of packets missed thedeadline for each sensorwhile the network load wasquite low. The results thus show that LoRaWAN can benaturally unsuited for real-time communication.
B. Is Closed-loop Real-Time Communication Feasible under
LoRaWAN?
Feedback control loops are the fundamental building blocks
in many IIoT and industrial CPS applications. In a feedbackloop, a sensor observes the state of the plant and transmitsthe observed state to a controller residing at the gateway.Upon receiving the observed state, the controller generatesa control command and transmits it to the actuator. Thecurrent LoRaWAN MAC is not developed for handling suchdependencies between uplink and downlink communication.As a ﬁrst step, we try to see the feasibility of closing theloop using Class B for downlink communication while theuplink communications happen in Class A mode. Schedulingdownlink messages using Class B on predetermined time slotswould require us to estimate latency of uplink communication.
Since there is no theoretical estimation of uplink latency
for LoRa, we perform experiments to observe the latencydistribution of packets in uplink communication.We used a	

 
 
 
	 
 
Fig. 4. Latency variation in LoRaWAN.similar experimental setup
to that in the previous sec-tion. Fig. 4 shows the cu-mulative distribution func-tion (CDF) of packet la-tency for 30 packets us-ing LoRaWAN. We ob-served that the latency ofthe packet sent from thesame node varies signiﬁ-cantly over a wide range. In 50% cases, the latency is <7.4
seconds, while in 90% it is <7.8 seconds. This variation in
delays is caused mainly for two reasons: packet collisions andthe variation in the spreading factor used for transmissions.This result shows that estimating the latency of LoRa uplinkcommunication is highly challenging. Therefore, it is not quitefeasible to schedule the downlink transmissions using Class Bdue to unpredictability of the preceding uplink communicationof the same control loop under deadline constraints on end-to-end communication. Using Class C for downlink is alsonot a practical option for energy constrained LoRa nodesas Class C mode has extremely high energy overhead [61].This result shows that closing feedback loops with real-timecommunication in a LoRa network needs a new approach.
C. Can we Adopt Existing WSAN MAC Protocols for LoRa?
Real-time communication protocols have been proposed for
industrial WSAN based on short-range wireless technologies
like WirelessHART [4] and ISA100.11a [5]. These protocolsare mostly centralized and depend on table-driven schedulingbased on Time Division Multiple Access (TDMA). Theseprotocols make several assumptions like (1) gateways receivefrom one node at a time, (2) gateways can either transmit apacket or receive a packet at a time, but not both, and (3)uplink and downlink communications happen on the samespectrum. These assumptions are ineffectual under LoRa. ALoRa gateway uses asymmetric uplink and downlink spec-trum in terms of band, bandwidth, and spreading factors.Furthermore, a LoRa gateway can receive multiple packetssimultaneously, and it uses multiple radios to transmit andreceive packets concurrently. Thus, existing real-time com-munication protocols for industrial WSAN are not directlyapplicable to LoRa. Enabling real-time communication over aLoRa network for industrial automation needs a new approach.
VI. D
ESIGN OF RTPL
In this section, we design RTPL by developing an au-
tonomous real-time scheduling framework for a LoRa network.It is designed by exploiting the concurrent communicationcapabilities of LoRa. It also handles frequency hopping, duty-cycling, link failures, network and workload dynamics.
A. Deciding the Scheduling Approach: Global or Partitioned?
The current LoRaWAN adopts ALOHA or Listen Before
Talk (LBT) and is naturally unsuited for industrial automa-
tion. We adopt a Time Slotted Channel Hopping (TSCH)
17
Authorized licensed use limited to: Ryerson University Library. Downloaded on June 19,2025 at 17:21:03 UTC from IEEE Xplore.  Restrictions apply. 

	


	

	 
	
Fig. 5. Uplink and downlink time slot.
like approach which can provide predictable latency and is
preferred in industrial automation [4], [5]. While time slottedcommunication needs time synchronization, in RTPL it canbe obtained through time-synchronized beacons in Class Bmode. In this mode, the gateway broadcasts time-synchronizedbeacons periodically (typically 128s to preserve energy). Thenodes (sensors and actuators) demodulate the beacon and aligntheir internal clocks with the network server. Based on thenetwork timing reference, the device can receive downlinkmessages from the network server at scheduled intervals.
In RTPL, all nodes (sensors and actuators) operate in time
slots. Since a transmission on the spreading factor 7 with125kHz bandwidth results in the smallest transmission time,
we calculate the length of a time slot based on 10 byte(maximum packet-size supported by higher spreading factors)packet transmission and its acknowledgment using spreadingfactor 7 (or SF7) and bandwidth of 125 kHz. We representthe transmission time of a 10 byte packet using spreadingfactor 7 and 125 kHz bandwidth by T
tx(SF7,125 kHz) and
transmission time of acknowledgments using spreading factor7 and125 kHz bandwidth by T
ack(SF7,125 kHz) . In the
calculation of the time slot length, we also include channelswitching time, packet decoding time, and a short interval(few ms) called guard interval to handle time synchronizationerrors. Considering T
dc,sc,g represents the sum of packet
decoding time at the gateway, channel switching time, andguard interval, the length of the time slot is given by (1).
T
k=Ttx(SF7,125 kHz)+Tack(SF7,125 kHz)+Tdc,sc,g (1)
The different components used in the computation of the
time slot are illustrated in Fig. 5. Since the packet transmissiontime changes with spreading factor, the number of time slotsrequired to transmit and acknowledge a packet also varies withUCP and DCP. For example, transmission and acknowledg-ment of a 10 byte packet on a UCP with spreading factor 7takes 1 time slot. However, transmission and acknowledgmentof a 10 byte packet on a UCP with spreading factor 8 takes 2time slots and that on spreading factor 10 takes 8 time slots.
If there are mUCPs then mnodes can transmit together to
the gateway. The gateway can send control commands to allmnodes through a single broadcast message. When n>m ,
packets need to be prioritized. Unlike CPU task scheduling[62], wireless nodes are distributed and unaware of othernodes’ priorities without which they should not transmit asthe packets may collide. To handle this problem, a centralizedapproach can be adopted where the gateway tells which nodewill send next on each UCP. Such an approach will requireall nodes to remain awake most of the time to listen to thegateway. This is not practical for LPWAN as it is highly energyconsuming. Hence, we shall adopt an autonomous approach
where the nodes can decide when to transmit. We enable thisby giving all nodes the periods of all nodes at the beginningof network operation or if/when periods change. Since time issynchronized, a node knows when the others will have packets.
Real-time scheduling has two broad approaches – global and
partitioned. In the context of LPWAN, in global scheduling,
a control loop is dynamically assigned UCPs and prioritiesare global across network. In partitioned scheduling, the set of
control loops are partitioned into mnon-overlapping subsets,
called partitions, each partition being assigned one UCP. The
control loops of a partition will always use that UCP.
A global scheduling approach can suffer from priority
violation problem due to link unreliability and concurrent
transmission in LPWAN. Speciﬁcally, when multiple nodestransmit to the gateway, a higher priority transmission mayfail while the lower-priority ones succeed, raising a scenarioof retransmitting a higher-priority packet after transmitting alower priority one. To avoid such problems, we will resort tothe partitioned scheduling approach where the priorities are
only local to a partition (no global priority), and thus thepriority violation problem is avoided. The partitioning willbe done at the gateway. This greatly simpliﬁes the real-timecommunication protocol and reduces overhead. For example,a node will need to know the periods of only the controlloops of its own partition. This information only needs tobe disseminated once before the start of network operation.Time synchronization will need to be maintained only insidea partition instead of network-wide global synchronization.
B. Control Loop Partitioning in RTPL
We adopt the concept of partitioned scheduling in LPWAN
as follows. The control loops are partitioned into disjoint
groups. Each group is assigned a unique UCP and DCP;their uplink and downlink transmissions happen on that UCPand DCP, respectively. The gateway knows the periods anddeadlines of all nodes. Assigning the control loops to the UCPand DCP is called partitioning. Loops in one partition do not
interfere those in another. In TSCH, a transmission starts inthe beginning of a slot and ends that slot. Hence, we adopt apreemptive scheduling approach, simplifying scheduling.
In each partition, priorities to access the UCP and DCP can
be based on ﬁxed priority such as Deadline Monotonic (DM)
or dynamic priority such as Earliest Deadline First (EDF).
EDF schedules a task based on its absolute deadline. Uponpartitioning, the EDF policy on a UCP schedules a packethaving the earliest absolute deadline. We break ties based onpredetermined policy, such as ﬁrst come ﬁrst serve or lowerindex ﬁrst, distributed to nodes during network deployment.Since EDF is optimal for preemptive scheduling on a singleprocessor [62], it can offer high schedulability. Thus, weconsider partitioned EDF scheduling for RTPL.
C. Challenges of Partitioning in RTPL
There are a number of key challenges in adopting partition-
ing techniques to LoRa as described below.
18
Authorized licensed use limited to: Ryerson University Library. Downloaded on June 19,2025 at 17:21:03 UTC from IEEE Xplore.  Restrictions apply. 
First, multiprocessor task partitioning assumes that a task’s
execution requirement remains same on all processors. How-
ever, in LoRa, the number of time slots required to transmita packet varies across UCP/DCP. Furthermore, to improve thereliability of a packet transmission, the nodes (sensors andactuators) can use additional time slots for retransmissions,similar to existing WSAN technologies [4]. To ensure a highreliability of communication, the sensor of control loop /lscript
i
allocates rup
i(ck,δk)time slots to transmit a packet on UCP
ckand receive an acknowledgment on DCP δk. Similarly, the
actuator allocates rdown
i(ck,δk)time slots to receive a control
message of /lscription DCPδkand transmit an acknowledgment on
UCPck. Note that the values of rup
i(ck,δk)andrdown
i(ck,δk)
are pre-computed by the network manager and disseminatedto all nodes during network deployment. Similar to taskworst-case execution time on processor, we deﬁne worst-
case entailed time (WCET) for a control loop /lscript
ias the total
number of time slots allocated for its uplink and downlinktransmissions. That is, the WCET of control loop /lscript
i,i sg i v e n
asri(ck,δk)=rup
i(ck,δk)+rdown
i(ck,δk). The WCET of
a control loop represents its time of successful end-to-end(sensor to actuator) communication in the poorest conditions(requiring a retransmission in each allocated time slot).
Second, the utilization of a control loop, given by the ratio
of WCET and its period, is used in traditional partitioningalgorithms to determine the schedulability of a loop in a par-tition. However, in processor scheduling the WCET (standingfor worst-case execution time) of a task is considered ﬁxedand known prior to the partitioning. In RTPL, the WCET ofa loop depends on its assignment to a UCP/DCP.
Third, the position of the sensors and actuator may limit
the availability of some UCPs with lower SFs to the con-trol loop. Typically, the longer the distance between a node(sensor/actuator) and the gateway, the higher the required SFfor a successful transmission. Thus, control loops may beconstrained to operate on a speciﬁc set of UCPs based onthe SNR at the gateway. While the bin-packing algorithmsare traditionally adopted in task partitioning on multipro-cessor platforms [62], directly applying those algorithms inRTPL with multiple UCPs and DCPs may lead to un-schedulability even under a very low network utilization.
Finally, the number of UCPs mis usually greater than
number of DCPs m
/primedue to regional regulations. For example,
in North America 64 uplink channels are available, while thenumber of downlink channels is 8. Thus, the same control loop
is scheduled in parts as uplink and downlink communicationon different sets of UCPs and DCPs. This is challenging
because the partitioning in the uplink impacts the partitioningin the downlink and vice versa. Such unique scenario has neverbeen explored in traditional real-time scheduling and requiresa new approach. In multiprocessor scheduling, a task uponpartitioning executes solely on its assigned processor.
Due to the above mentioned challenges, an optimal parti-
tioning for RTPL can be a signiﬁcantly hard problem. We donot formulate and identify the complexity class of the problem.We leave the formulation and classiﬁcation as an open problemthat we will study in the future. We develop a partitioningheuristic for RTPL, described in the following section.
D. The Partitioning Algorithm
We develop the partitioning algorithm for RTPL by ad-
dressing the challenges described in the above section and
by incorporating the characteristics of a LoRa network intothe well-known bin-packing heuristics. We ﬁrst describe thealgorithm assuming the same number of UCPs and DCPs.Later, we extend it to handle cases where the total numberof DCPs is less than that of UCPs.
Assuming an equal number of UCPs and DCPs, we ﬁrst
pair UCPs and DCPs with the same spreading factor. Acontrol loop /lscript
ithat is allocated a UCP ckis also allocated
its corresponding DCP, δk. The sensor of control loop /lscripti
uses UCP ckand DCP δkto transmit a message and receive
an acknowledgment, respectively. Similarly, the actuator of/lscript
iuses DCP δkto receive a control message and UCP ck
to acknowledge the reception. In such a situation, if theacknowledgment transmission by the gateway is not synchro-nized with the acknowledgment transmission by the actuator,it can cause packet collisions. To avoid such collision, weenforce the acknowledgments to start at the same time by(1) employing the same number of time slots (α
i(ck,δk))
for sensors and actuators of /lscriptito transmit sensor messages
and receive control messages, respectively, and (2) forcing thegateway and actuator to start acknowledgments for /lscript
iat the
same time within αi(ck,δk)time slots. Typically, a sensor
uses125kHz bandwidth to transmit a sensor message, while
the gateway uses 500 kHz bandwidth to transmit a control
message. Thus, the number of time slots required to transmitan uplink packet from the sensor is greater than that requiredto receive a downlink packet at the actuator of the samecontrol loop. When the number of UCPs is the same as thenumber of DCPs, we can compute α
i(ck,δk)as the number
of time slots allocated to the sensor of control loop /lscripti, i.e.,
αi(ck,δk)=rup
i(ck,δk). Usingαi(ck,δk), the WCET of
control loop /lscriptican be computed as ri(ck,δk)=2αi(ck,δk).
In RTPL, the performance of bin-packing heuristics heavily
depends on the ordering of the control loops to be assigned.One popular approach is to order the control loops basedon their utilization. However, in this case, the utilization ofa control loop varies with the assignment. Speciﬁcally, theutilization of a control loop /lscript
iwith period pithat is assigned
to a UCP/DCP pair ck,δkis given by ui,k=ri(ck,δk)
piwhere
the WCET ri(ck,δk)of/lscriptidepends on the UCP/DCP pair
(ck,δk). Hence, the actual utilization of the control loop can
only be determined after an assignment. Furthermore, somecontrol loops may be restricted to fewer usable spreadingfactors due to low SNR, and longer distance between node(sensor/actuator) and the gateway.
To address the above limitation, we propose a partitioning
heuristic called worst-ﬁt-UCP-increasing for RTPL. Algo-
rithm 1 shows the pseudocode for our partitioning heuristic.Since some SFs are not usable by a control loop due to lowSNR values, the heuristic starts by computing the smallest
19
Authorized licensed use limited to: Ryerson University Library. Downloaded on June 19,2025 at 17:21:03 UTC from IEEE Xplore.  Restrictions apply. 
acceptable SF for each control loop. The smallest acceptable
SF for a control loop is the smallest SF that enables reliabletransmission both from sensor to gateway and from gateway toactuator. Note that the smallest acceptable SF can be computedduring network deployment through physical experiments orwell-known radio propagation loss models [63]. The heuristicthen generates the list of acceptable UCP, DCP pairs byselecting the pairs that have a spreading factor greater than orequal to the smallest acceptable spreading factor. We denotethe set of acceptable UCP, DCP pairs of a control loop /lscript
iby
Ωi⊆Ω, where Ωis the set of all UCP, DCP pairs.
As control loops with the lowest number of acceptable UCP,
DCP pairs are more likely to cause a control loop set tobe unschedulable, we order the nodes in increasing order ofnumber of acceptable UCP, DCP pairs. The algorithm iteratesover the ordered list of control loops. For a control loop /lscript
i,i t
ﬁrst computes the remaining capacity. Considering π(ck,δk)
as the set of control loops currently allocated to UCP, DCPpair(c
k,δk), we deﬁne the remaining capacity of(ck,δk)pair
as the difference between 1and sum of the utilization of /lscription
UCP, DCP pair (ck,δk)and the total utilization of the (ck,δk),
i.e.,1−u(i,k)−/summationtext
/lscriptj∈π(ck,δk)u(j,k). Note that the remaining
capacity of ckincludes the utilization of /lscripti, and a remaining
capacity of 0indicates that the allocating /lscriptimaxes out the
utilization of the UCP/DCP pair (ck,δk). Similarly, a negative
remaining capacity indicates that allocating the control loop/lscript
ito(ck,δk)causes packet failures.
Upon computing the remaining capacity, the algorithm
orders the UCP/DCP pairs in the decreasing order of theirremaining capacity. It iteratively selects one UCP/DCP pairand veriﬁes if /lscript
iis schedulable on the selected pair. To
test the schedulability of the control loop, we use the EDFuniprocessor schedulability test given by:
/summationdisplay
/lscriptj∈π(ck,δk)u(j,k)≤1 (2)
Note that the EDF uniprocessor schedulability test is an exacttest for a single communication path. Since a control loopschedulable on a single communication path is also said tobe schedulable on two communication paths (i.e.,UCP/DCPpair), the EDF uniprocessor schedulability is only a sufﬁcientschedulability condition for a single partition in RTPL. If /lscript
i
is schedulable, the algorithm continues with the next controlloop. If a control loop is not schedulable on any acceptableUCP, DCP pairs, then it stops with a notiﬁcation that thecontrol loop set cannot be partitioned. Upon the completionof the heuristic, if the partitioning is successful, i.e., all control
loops are assigned a UCP/DCP pair, it is a guarantee thatthey are schedulable (that is, each control loop shall meet
its deadline). This comes from the fact that each partition isschedulable (as it passed the schedulability test). Note thata successful partitioning is only a sufﬁcient condition forschedulability. Therefore, in case of unsuccessful partitioning,nothing can be concluded about the schedulability of theloops. In the worst-ﬁt-UCP-increasing partitioning, the choiceof assigning UCP, DCP pairs based on increasing remainingutilization stems from the fact that it balances the numberof control loops assigned across all available UCPs. Thus, itminimizes the average energy consumption of all nodes in thenetwork.
Algorithm 1 Worst-ﬁt-UCP-increasing
Input: Set of all control loops L, Set of all UCP, DCP
pair,ΩOutput: Set of Partitions {π(c
k,δk)k=1,2,···,m}
forli∈Ldo
Ωi←ComputeAvailableCP(l i)
end forL
/prime←sortLin increasing order of |Ωi|
forli∈L/primedo
assigned ←FALSE
for(ck,δk)i nΩido
ρ(ck,δk)←1−u(i,k)−/summationtext
/lscriptj∈π(ck,δk)u(j,k)
{Compute Remaining capacity of UCP, DCP pair}
end forP
/prime←sortΩiin decreasing order of ρ
for(ck,δk)inP/primedo
if/summationtext
/lscriptj∈π(ck,δk)u(j,k)≤1then
π(ck,δk)←li
assigned ←TRUE
end if
end forifassigned /negationslash=TRUE then
return FAILURE
end if
end for
Upon partitioning, every node is informed of its UCP/DCP
pair and the periods of other control loops on its partition.Nodes (sensors, gateway and actuators) can locally generatea schedule of all transmission based on the EDF policy. Thisschedule can be used to sleep, transmit/receive packets, andtransmit/receive acknowledgments. Note that our proposedpartitioning approach can be generalized to any number ofUCP, DCP pairs. Furthermore, our approach can be extendedto SigFox which is similar to LoRa.
E. Handling Workload and Network Dynamics
To meet application requirement, the period of a control
loop may change over the network operation time. In case of
such workload dynamics, the utilization of a control loop mayincrease. Note that the partitioning heuristic for RTPL willtypically balance the remaining capacity across all UCP, DCPpairs. As such, small variations of workload may be handledwithout re-executing the partitioning heuristic if the currentpartition is still schedulable under the new utilization of theloop. Thus, the network server can notify the other loops inthe partition regarding the workload change and the loops canupdate the schedule accordingly. However, in the worst-case,if the workload changes signiﬁcantly, the partitioning heuristicis executed again. Similarly, if some channel becomes overlynoisy, i.e, signal-to-noise (SNR) ratio becomes very low, the
20
Authorized licensed use limited to: Ryerson University Library. Downloaded on June 19,2025 at 17:21:03 UTC from IEEE Xplore.  Restrictions apply. 
gateway can blacklist it and re-run the partitioning algorithm
excluding that channel.
F . Handling Different Numbers of UCPs and DCPs
Typically, regional regulations limit the number of DCPs
to be less than the number of UCPs. For example, in the
US the number of downlink channels is 8, while the numberof uplink channels is 64. Since DCPs are enabled throughseparate radios, a high number of DCPs become expensive.One approach to address this limitation can be to use onlym
/primeUCPs in the uplink partition, which can lead to under-
utilizatiion of the network.
In RTPL, we group control messages of several control
loops together into a single downlink communication message.The grouping of multiple packets modiﬁes the mapping be-tween UCPs and DCPs to many-to-one, where multiple UCPswith the same SF are mapped to a single DCP. Speciﬁcally,we generate a partition π(c
i,cj,···ck,δp)whereΦ(ci)=
Φ(cj)=··· =Φ (ck)=Φ (δp). For example, c1,c2,c3
andc4can be mapped to δ1. In such a mapping, if the
gateway receives a packet from control loops /lscript1,/lscript2,/lscript3and
/lscript4on UCPs c1,c2,c3andc4, respectively, then the gateways
acknowledges all transmission with a single grouped messageonδ
1. Similarly, the gateway also groups the control messages
of/lscript1,/lscript2,/lscript3and/lscript4and transmits the grouped message on δ1.
Although packet grouping is known to increase the number
of time slots required by the gateway, we have observedthat such overhead is minimal for LoRa. The low time alotoverheads is due to the non-uniform bandwidths allocatedfor uplink and downlink communications. Typically, Lorauses a 125 kHz bandwidth for uplink communication and a500 kHz bandwidth for downlink communication. The higherbandwidth for downlink communication reduces the airtimeby74%. For example, transmission of a 10 byte packet on
spreading factor 10 with a 125 kHz bandwidth takes 320.7ms while it takes only 92.7 ms on 500 kHz bandwidth [64].Thus, LoRa enables the grouping of 4downlink packets
with minimal overhead. Note that depending on the groupingselected, the number of time slots allocated to the sensor maybe different from that allocated to the actuator of the samecontrol loop. When the number of UCPs is greater than thenumber of DCPs, we compute the WCET of a control loop/lscript
ibased on the maximum of number of time slots allocated
to a sensor of /lscriptiand number of time slots allocated to an
actuator of /lscripti. Speciﬁcally, WCET of control loop /lscriptican be
computed as ri(ci,cj,···ck,δp)=2αi(ci,cj,···ck,δp)=
2max/parenleftbig
rup
i(ci,cj,···ck,δp),rdown
i(ci,cj,···ck,δp)/parenrightbig
. Using
the new grouping and WCET calculation, the worst-ﬁt-UCP-increasing heuristic can be used to generate the partitions.
G. Handling Channel Hopping and Duty-Cycling
In the US, there is a maximum dwell time regulation of
400ms on any channel. Additionally, if a node utilizes at
least 50 uplink channels, the nodes are required to implementpseudo-random channel hopping before every transmission.Note that the LoRa nodes are exempt from the channelhopping regulation if the output power is limited to 21dBmand only 8 uplink channels are utilized [65]. To complywith the maximum dwell time regulation, we refrain fromusing SF> 10. We can easily extend our framework to handle
the channel hopping regulation by having a predeterminedsequence of frequency hopping for each UCP. The gatewayshares the sequence with the nodes in the partition. After eachtime slot, the node hops to another channel as per the prede-termined sequence. Through hopping, the physical channel ofa UCP changes but the partitioning remains unchanged as allnodes within a partition switch to the same channel.
Many regions (e.g., North America) do not have any duty-
cycle requirement. In such regions, a LoRa network can hostrelatively more workload and applications with real-time re-quirements. However, there are duty-cycle regulations in someregions (e.g, in Europe, duty cycle is set to 1%) to ensure fairusage of the spectrum. RTPL can be easily extended to handleduty-cycling for such regions. Speciﬁcally, the partitioningapproach in RTPL has to be changed to handle the duty-cycleregulation by stalling the UCP/DCP pair with dummy controlloops. Namely, for every UCP/DCP pair with duty-cycle d,
we assign a dummy control loop with utilization (1−d).
This ensures that our partitioning approach complies with theduty-cycle regulation. It is understandable that with duty-cyclerequirement the network may support lesser workload.
VII. I
MPLEMENTATION
We have implemented RTPL using Raspberry Pi LoRa HAT
(LoRaHAT) and Dragino LG308 LoRaWAN gateway (GW)as LoRa nodes and gateway, respectively [58]. LoRaHAT isa commercial-of-the-shelf (COTS) module that offers low-cost, ultra low-power LoRaWAN implementation. Its designis based on the SEMTECH SX1276 LoRa transceiver [23].The GW implements SEMTECH packet forwarder and iscompatible with the existing LoRaWAN protocol. It includesone SX1301 chip, which contains a LoRa IP concentrator,and two SX1257 chips allowing for ten parallel demodulationpaths [66]. We use the Things Stack network server fromThe Things Industries [59]. It is an open source and widelyused LoRaWAN network server. Due to the lack of a workingimplementation of LoRa class B mode at the time of experi-ment, we emulate class B operation with the help of Internet-based time synchronization. Namely, all Raspberry pi’s wereconnected to the Internet through WiFi, thus even without adedicated time-synchronization protocol they all had almostsimilar timestamps. We use a guard band of 100 ms to reduceany packet collisions due to time synchronization errors. In ourexperiments, we store the EDF schedule locally at each node.We assigned a time slot of 7 seconds based on (1). Note thatthis includes a 5 second receive window delay recommendedby the The Things Stack for sending an acknowledgment.
VIII. E
XPERIMENTS
In this section, we evaluate the performance of RTPL in dif-
ferent environments (indoor and outdoor) in a large metropoli-tan city in the US. As discussed in Section IV, there are some
21
Authorized licensed use limited to: Ryerson University Library. Downloaded on June 19,2025 at 17:21:03 UTC from IEEE Xplore.  Restrictions apply. 

	 
		
	

(a) Harmonic periods
	
	
	
	
(b) Non-harmonic periods
Fig. 6. Schedulability of RTPL
existing works that explore the potential of LoRa in enabling
real-time control [53], [54]. However, the work in [53] doesnot provide a slot-scheduling algorithm to meet real-timerequirements. While, [54] considers an event-triggered modelthrough a contention-based communication which is not di-rectly applicable to time-triggered systems requiring deadlineguaranties. Hence, we evaluate the performance of RTPL bycomparing it with LoRaWAN through physical experimentswith up to four control loops. We plan to setup a larger testbedand perform large scale physical experiments in the future.
A. Default Parameters
We use the following default parameters setting for all
experiments unless stated otherwise.
•Period: 7, 14, 56, 112 (seconds)
•SF: 7, 8, 9, 10
•Deadline = period
•Frequencies: 903.9-904.7 MHz
•Packet size: 10 bytes
•Bandwidth: Uplink: 125 kHz, Downlink: 500 kHz
•TX power: 15 dBm
•Distance: Indoor:2m-6m ,Outdoor: 200 m - 500 m
Note that the performance of our algorithm only increases
with shorter packet size. Thus, in our experiments, we usedthe maximum allowable packet size for SF10 (10 bytes) in theUS as the size of our packet which shows a lower bound of ourperformance. We used up to 4 control loops and 4 SFs (7-10)in our experiment. As the worst-ﬁt UCP increasing algorithmtries to balance the control loops across different assignments,each node was assigned to a different SF. For LoRaWAN, theSFs were assigned based on the ADR algorithm.
B. Indoor Deployment
1) Setup: The indoor experiments are carried inside a
building at our location. We use the same deployment (keeping
the positions of the nodes and the GW unchanged) for exper-iments with LoRaWAN and RTPL. In all the experiments, werun the partitioning algorithm for RTPL. We use the defaultparameters for the experiments in this Section.
2) Real-Time Performance: To observe the performance of
RTPL in terms of schedulability, we conduct three differentexperiments. We observe the schedulability of RTPL in twocases: using harmonic period and non-harmonic period. For theharmonic and non-harmonic period experiments, we use fourcontrol loops and observe the number of schedulable controlloops. Fig. 6 shows the results of our schedulability exper-iments. In Fig. 6(a), all control loops are schedulable under

		
	


(a) Avg latency per loop

		
	


(b) Maximum latency per loop
Fig. 7. Latency vs. # of control loops

"" !	

$ %
!#""

Fig. 8. Avg energy consumption	

 
Fig. 9. Throughput (indoor)
RTPL, while one control loop is schedulable under LoRaWAN.
This is due to LoRaWAN adaptive data rate (ADR) mechanismthat controls several parameters (e.g., SF). Fig. 6(b) shows that100% of the control loops are schedulable with RTPL using anon-harmonic period. This is due to RTPL partitioning, whichguarantees each packet meets its deadline. For LoRaWAN,100% of the control loops are unschedulable.
3) Energy and Latency: In this Section, we measure the
end-to-end energy consumption and latency of the control loopof RTPL and LoRaWAN under default setting. We calculatethe average and maximum latency per control loop for theduration of the hyper-period. Note that we calculate latencyfor packets which were received by the gateway and thecorresponding downlink message was received by the actuator.In our calculation, we include the beacon time on air (approx-imately 160 ms) and RX delay (5 seconds). Fig. 7 shows theresults of our experiments. In Fig. 7(a), the average end-to-endlatency for RTPL for all control loops is around 6 seconds.For LoRaWAN, the average latency for one control loop isaround 7.1 seconds and it increases linearly with the numberof control loops, as shown in Fig. 7(b). For four controlloops, LoRaWAN average latency is 23 seconds. This is due tocollisions and the acknowledgment mechanism in LoRaWAN,(the GW acknowledges uplink transmissions sequentially).
For the energy consumption experiment, we use the same
setup as the latency experiments. To estimate the energy, weuse SEMTECH SX1278 chip energy model (3.3 v voltage,TX 87 mA, RX 12 mA). We measure the average energy con-sumption per control loop for both RTPL and LoRaWAN. Theresults in Fig. 8 shows that the average energy consumptionfor RTPL is around 69.9 mJ and 73.1 mJ for one and fourcontrol loops, respectively. The average energy consumptionfor LoRaWAN is 116 mJ and 157 mJ for one and four controlloops, respectively. This result show that RTPL offers energy-efﬁciency while guaranteeing schedulability.
4) Throughput: To compare the throughput of RTPL and
LoRaWAN, we need measure the throughput of the controlloop without considering its schedulability. For example, ifa packet missed its deadline and is successfully received by
22
Authorized licensed use limited to: Ryerson University Library. Downloaded on June 19,2025 at 17:21:03 UTC from IEEE Xplore.  Restrictions apply. 



Fig. 10. Outdoor GW and nodes locations


	
		
	

(a) Harmonic periods

	
	
	
	
(b) Non-harmonic periods
Fig. 11. Schedulability of RTPL (outdoor)
both the GW and the actuator, we consider it as part of
our throughput calculation. We deﬁne the throughput as thebits received by the GW (uplink) and the bits received bythe actuator (downlink) for three hyperperiods (5.6 minutes).Fig. 9 shows the throughput for both LoRaWAN and RTPL.For LoRaWAN, the throughput is 4272 bps compared to4176 bps for RTPL. The throughput for RTPL is comparableto LoRaWAN as in our setup, we consider non-schedulablecontrol loops. This result shows that while RTPL guaranteesschedulability, it does not compromise the throughput.
C. Outdoor Deployment
1) Setup: For the outdoor deployment, we observe the
performance of RTPL at varying distances and channel condi-
tions. Fig. 10 shows the locations and distances of the nodesand GW in a large metropolitan city in the US. The GW isplaced inside a building while the nodes are placed in thelocations shown on the map. In this section, all the experimentsuse the default setting unless mentioned otherwise.
2) Schedulability Performance: To observe the impact of
distance on the schedulability performance of RTPL, we repeatthe schedulability experiments for the harmonic period andnon-harmonic period outdoors. The GW is placed inside abuilding at our location and the nodes are placed outdoor atvarious locations as shown in Fig. 10. Fig. 11 shows the resultsof our schedulability experiments. In Fig. 11(a), 100% of thecontrol loops are schedulable under RTPL. Under LoRaWAN,all control loops are non-schedulable. This is possible dueto the variation of channel conditions and LoRaWAN ADRmechanism resulting in increasing packet collision. Fig. 11(b)shows that 100% of the control loops are schedulable withRTPL using a non-harmonic period. For LoRaWAN, 100%of the control loops are non-schedulable.

		
	


(a) Avg latency per loop

		
	


(b) Maximum latency per loop
Fig. 12. Latency vs. # of control loops

 


 	""#
! 

Fig. 13. Avg energy consumption	

 
Fig. 14. Throughput (outdoor)
3) Energy and Latency: We estimate the end-to-end energy
consumption and latency of the control loop in outdoor deploy-
ment. We also calculate the average and maximum latencyper control loop for the duration of the hyper-period. Fig. 12shows the results of the latency experiments. In Fig. 12(a),the average latency of RTPL is around 6.2 seconds for all thecontrol loops. While the average latency for one control loopis around 7.3 seconds for LoRaWAN. With four control loops,the average latency for LoRaWAN is around 24 seconds. InFig. 12(b), the maximum latency for RTPL for all controlloops is around 6.3 seconds. On the other hand, the maximumlatency of LoRaWAN is 7.9 seconds and 28 seconds for oneand four control loops, respectively.
We also measure the average energy consumption per con-
trol loop for the outdoor scenario. The result in Fig. 13 showsthat the average energy consumption for RTPL is around 69.9mJ for all the control loops. The average energy consumptionfor LoRaWAN is 217 mJ. This result shows that distancehas an insigniﬁcant impact on the energy consumption of thecontrol loop. Also, RTPL provides schedulability guaranteeswhile remaining energy-efﬁcient.
4) Throughput: Next, we compare the throughput of
RTPL and LoRaWAN for 5.6 minutes. For RTPL and Lo-RaWAN, the throughput is 4160 bps and 3512 bps, as shownin Fig. 14, respectively. This result shows that RTPL achievesbetter throughput in outdoor deployments than LoRaWAN.
IX. S
IMULATION
Here, we evaluate RTPL with large-scale simulations in NS3
with a single gateway and up to 1000 control loops.
A. Setup
We use the LoRaWAN NS3 module proposed in [67] for our
simulation with up to 52 UCPs and 18 DCPs. Each control
loop was assigned a random period chosen from the range[2
12,225]ms and the maximum number of retransmission was
set as 2 time slots. We used a timeslot length of 115 ms.
Sensors and actuators of the loops were positioned randomlyacross a disc centered at the gateway with radius up to 6
23
Authorized licensed use limited to: Ryerson University Library. Downloaded on June 19,2025 at 17:21:03 UTC from IEEE Xplore.  Restrictions apply. 
km. We deﬁne schedulability ratio as the ratio of number of
schedulable control loop sets to total control loop sets. We
report the schedulability ratio and total transmission energyconsumption for the schedulable cases. Each result is averagedover 25 simulation runs of 1 hour. We compare our approachwith regular LoRaWAN and the following variations of RTPL:
BFD: variation of RTPL following the best-ﬁt decreasing
heuristic, where the nodes are ordered in decreasing order of
utilization and the UCP with the least remaining capacity ischosen ﬁrst for assigning a loop.
WFD: variation of RTPL following the worst-ﬁt decreasing
heuristic. Loops are ordered in decreasing order of utilization.FFD: variation of RTPL following the ﬁrs-ﬁt decreasing
heuristic, where the loop is assigned to the ﬁrst UCP with
enough capacity to schedule it. Loops are ordered in decreas-ing order of utilization.
BFUI: variation of RTPL based on best-ﬁt heuristic, where
the nodes are ordered by available UCPs.FFUI: variation of RTPL based on ﬁrst-ﬁt heuristic, where the
nodes are ordered by available UCPs.
B. Results under V arying Number of Control Loops
In this simulation, we ﬁx the number of UCPs to 40 and
the network radius to 4 km and vary the number of control
loops from 200 to 1000. Fig. 15 shows the schedulability ratioand transmission energy consumption under varying numberof nodes for RTPL and the baseline approaches. In Fig. 15(a),100% of the control loop sets are schedulable under RTPL,while in traditional LoRaWAN, none of the control loop setsare schedulable. This is due to high number of collisions inregular LoRa. Furthermore, we see that the schedulability ofthe RTPL variant using traditional BFD becomes close to 0at only 600 nodes. We noticed that a best-ﬁt strategy assignsa loop to the UCP where the WCET of that loop becomeshighest, as it results in the lowest remaining capacity on thatUCP. This, along with the fact that traditional BFD does notconsider the number of available UCP/DCP pair for a loopwhile assigning it to a partition, results in poor schedulabilityperformance of best ﬁt. On the contrary, RTPL, which usesWorst-Fit UCP-Increasing, is highly scalable.
In Fig. 15(b), we show the total transmission energy con-
sumption for the schedulable control loop sets under the samesetup. Note that since traditional LoRaWAN and BFD arenot schedulable for all cases, we do not show the energyconsumption for these approaches. In this ﬁgure, the energyconsumption for all approaches steadily increase as the numberof control loops increase. However, RTPL has the lowestenergy consumption in the compared approaches. In fact, it hason average 45% less energy consumption than BFUI, showingthe energy-efﬁciency of our partitioning heuristic.
C. Results under V arying Network Radius
In this simulation, we set the number of control loops to
600, the number of UCPs to 40 and vary the network radius
from 1000 m to 6000 m and show the result in Fig. 16.In Fig. 16(a), we see a sharp decline in schedulability for200 400 600 800 1000
Number of loops00.51SchedulabilityRTPL
LoRaWAN
WFD
FFD
BFD
BFUI
FFUI
(a) Schedulability200 400 600 800 1000
Number of loo ps2468 Total Tx Energy (kJ)RTPL
WFD
FFD
BFUI
FFUI
(b) Transmission energy
Fig. 15. Results under varying number of nodes.
1000 2000 3000 4000 5000 6000
Network Radius (m)01 SchedulabilityRTPL
LoRaWAN
WFD
FFD
BFD
BFUI
FFUI
(a) Schedulability1000 2000 3000 4000 5000
Network Radius (m)2468 Total Tx Energy (kJ)RTPL
WFD
FFD
BFUI
FFUI
(b) Transmission Energy
Fig. 16. Results under varying network radius.
all partitioning approaches as the network radius increases
to 6000 m. At such a large network radius, the controlloops are required use the higher SFs to ensure a successfulpacket reception at the gateway, leading to limited number ofavailable UCP/DCP pairs. This leads to unschedulable casesat higher network radius. However, we observe that RTPL hasthe highest schedulability ratio among all approaches up to thenetwork radius of 5000 m.
In Fig. 16(b), we notice that the total transmission en-
ergy consumption for almost all schedulable partitioning ap-proaches remain similar until the network radius of 4000m.However at radius 5000 m, we see a sharp increase in energyconsumption for all approaches. This is due to the nodes usinghigher SFs at increased network radius. Furthermore, as BFUItries to assign loops to UCPs with the highest available SF bydefault, it’s energy consumption remains similar at differentnetwork radius. However, we note that RTPL consistently hasthe lowest energy consumption.
D. Results under V arying Number of UCPs
In Fig. 17, we ﬁx the network radius to 4000 m, the number
of nodes to 600 and vary the number of UCPs from 36 to
52. In Fig. 17(a), we notice that at lower number of UCPs,traditional BFD heuristic fails to schedule all control loops.However, the balanced partitioning stategy used in RTPL isable to achieve 100% schedulability ratio even with just 36UCPs. On the other hand, LoRaWAN is unschedulable evenwith 52 UCPs due to high number of collisions.
We report the total transmission energy for the same setup
in Fig. 17(b). In this ﬁgure, we see that as the number ofUCPs increase, the total energy consumption of RTPL does notchange much, as the partitioning heuristic attempts to equallybalance the remaining capacity accross all UCPs. However,in the case of the best-ﬁt variation of RTPL (BFUI), the total
24
Authorized licensed use limited to: Ryerson University Library. Downloaded on June 19,2025 at 17:21:03 UTC from IEEE Xplore.  Restrictions apply. 
36 40 44 48 52
Number of UCPs01 SchedulabilityRTPL
LoRaWAN
WFD
FFD
BFD
BFUI
FFUI
(a) Schedulability36 40 44 48 52
Number of UCPs2345 Total Tx Energy (kJ)RTPL
WFD
FFD
BFUI
FFUI
(b) Transmission Energy
Fig. 17. Results under varying number of UCPs.
0.02 0.04 0.06 0.08 0.1
Duty Cycle00.51SchedulabilityRTPL
LoRaWAN
WFD
FFD
BFD
BFUI
FFUI
(a) Schedulability0.02 0.04 0.06 0.08 0.1
Duty Cycle0123 Total Tx Energy (kJ)RTPL
WFD
FFD
BFUI
FFUI
(b) Transmission Energy
Fig. 18. Results under varying duty-cycle.
energy consumption increases with the number of UCPs. With
higher number of UCPs, loops are assigned to UCPs wherethe WCET of loops are highest, leading to a high energyconsumption for BFUI. This shows the limitation of best-ﬁtbased approaches in terms of energy consumption.
E. Results under V arying Duty-cycle
In this simulation, we evaluate our approach under duty-
cycle constraints. We ﬁx the number of loops to 200, the
network radius was set to 4000 m and the number of UCPs wasset to 36. The control loops used a random sampling periodchosen from the range [2
15,225]ms. Under this setup we vary
the duty-cycle of each UCP from 0.02 to 0.1 and show theresults in Fig. 18.
In Fig. 18(a), we notice that traditional bin-packing heuris-
tics such as BFD,WFD and FFD are not able to schedule allcontrol loops at low duty cycles. However, RTPL is able toachieve close to 100% schedulability ratio in all cases. InFig. 18(b), we see that RTPL has the lowest transmissionenergy consumption among all approaches. We also noticethat as the duty-cycle increases from 0.02 to 0.1, transmissionenergy consumption for BFUI increases. This is due to eachloop being assigned to the UCP where the WCET of loops arehighest. Overall, this result shows that RTPL is able to providehigh schedulability and low energy consumption overheadunder duty-cycle constraints.
F . Comparison of RTPL against an Upper Bound
We compare the performance of RTPL with respect to an
upper bound. We use a brute force algorithm to generate an
upper bound since an optimal solution is unknown for thepartitioning problem for control loops in LoRa. The bruteforce algorithm explores every possible partition. It returnsschedulable if the partition meets the schedulability constraintgiven in (2) within each UCP/DCP pair and reliability con-straint of every control loop (i.e., transmission on the assignedspreading factor results in an acceptable SNIR for decoding).Otherwise, it returns unschedulable. Note that we deﬁne theupper bound with respect to the schedulability conditiondescribed in the paper since relying on actual simulations togenerate a schedulability takes an extremely long time, evenfor a small network.
Since we use a brute force algorithm, we limit the control
loops to 20 with nodes placed randomly in a radius of 1.5 km.We also limit the maximum number of UCP/DCP pairs to 4,limiting the total possible partitions to 160,000 for one controlloop set. To observe the impact of changing trafﬁc patterns,we generate control loop sets with varying total minimum-utilization. We deﬁne a minimum-utilization of a control loopas the ratio of the smallest WCET of all UCP/DCP pairs andthe period. We deﬁne total minimum-utilization as the sum ofminimum-utilization of all control loops. To generate a controlloop set, a total minimum-utilization is ﬁrst selected for acontrol loop. Then, each control loop is assigned a randomminimum-utilization whose sum equals the total minimum-utilization. From the minimum-utilization, the period of eachcontrol loop is computed.
1 1.2 1.4 1.6 1.8 2 2.2
Total Minimum-utilization00.51SchedulabilityRTPL
LoRaWAN
Optimal
Fig. 19. Results under varying total
minimum-utilization.Fig. 19 reports the
schedulability of 100 control
loop sets per total minimum-utilization. Fig. 19 showsthat RTPL performs similarto the upper bound onpartitioning until a total-minimum utilization of 1.8.For a total utilization of2.0, which is close to theinfeasible scenario, the schedulability ratio of RTPL dropsto 0.6 while optimal partitioning remains at 1. We observedthat ordering the control loops in the increasing number ofUCPs was responsible for the drop in the schedulability ratio.However, this drop in performance is observed when the totalminimum-utilization approaches the infeasible region (2.2 inthis simulation). This simulation shows that RTPL schedulesmost control loops, except for those with utilization close tothe infeasible boundary.
X. C
ONCLUSION
Traditional wireless solutions for industrial automation de-
pend on short-range wireless technologies (WirelessHART,ISA100.11a), posing a big challenge to support the scale oftoday’s IIoT. To address this limitation, we propose to adoptLoRa, a prominent low-power wide-area network technology,for industrial automation. Adopting LoRa for industrial au-tomation poses some unique challenges. This paper developsRTPL, a real-time scheduling framework for LoRa to enableindustrial automation. RTPL overcomes challenges arisingfrom the asymmetric uplink and downlink communicationand balancing real-time guarantees and energy constraints. Allresults show that RTPL achieves on average 75% improvementin real-time performance without sacriﬁcing throughput orenergy compared to traditional LoRa.
25
Authorized licensed use limited to: Ryerson University Library. Downloaded on June 19,2025 at 17:21:03 UTC from IEEE Xplore.  Restrictions apply. 
REFERENCES
[1] E. T. O. Field, https://en.wikipedia.org/wiki/East Texas OilField.
[2] “WirelessHART system engineering guide,”
https://www.emerson.com/documents/automation/
emerson-wirelesshart-system-engineering-guide-en-41252.pdf.
[3] http://www.automationworld.com/networking-amp-connectivity/
wireless-shines-emerson-global-user-exchange.
[4] “WirelessHART,” 2007, https://www.ﬁeldcommgroup.org/technologies/
hart.
[5] “ISA100: Wireless systems for automation,” http://www.isa.org/
MSTemplate.cfm?MicrositeID=1134&CommitteeID=6891.
[6] “LoRaWAN,” https://www.lora-alliance.org.
[7] “SIGFOX,” http://sigfox.com.[8] https://www.ingenu.com/technology/rpma.[9] http://www.dash7-alliance.org.
[10] “Telensa,” https://www.telensa.com.[11] https://www.u-blox.com/en/narrowband-iot-nb-iot.[12] https://www.u-blox.com/en/lte-cat-m1.[13] A. Saifullah, M. Rahman, D. Ismail, C. Lu, J. Liu, and R. Chandra,
“Low-power wide-area networks over white spaces,” ACM/IEEE Trans-
actions on Networking, vol. 26, no. 4, pp. 1893–1906, 2018.
[14] A. Saifullah, M. Rahman, D. Ismail, C. Lu, R. Chandra, and J. Liu,
“Snow: Sensor network over white spaces,” in Proceedings of the 14th
ACM Conference on Embedded Network Sensor Systems CD-ROM,
2016, pp. 272–285.
[15] A. Saifullah, M. Rahman, D. Ismail, C. Lu, J. Liu, and R. Chandra,
“Enabling reliable, asynchronous, and bidirectional communication insensor networks over white spaces,” in Proceedings of the 15th ACM
Conference on Embedded Network Sensor Systems, 2017, pp. 1–14.
[16] M. Rahman, D. Ismail, V . P. Modekurthy, and A. Saifullah, “Imple-
mentation of lpwan over white spaces for practical deployment,” inProceedings of the International Conference on Internet of ThingsDesign and Implementation, 2019, pp. 178–189.
[17] ——, “Lpwan in the tv white spaces: A practical implementation and
deployment experiences,” ACM Transactions on Embedded Computing
Systems (TECS), vol. 20, no. 4, pp. 1–26, 2021.
[18] V . P. Modekurthy, D. Ismail, M. Rahman, and A. Saifullah, “Low-latency
in-band integration of multiple low-power wide-area networks,” in 2021
IEEE 27th Real-Time and Embedded Technology and ApplicationsSymposium (RTAS). IEEE, 2021, pp. 333–346.
[19] J. Parello, B. Claise, and a. J. Q. Schoening, B., “Energy management
framework,” 2014, rFC 7326, DOI 10.17487/RFC7326, https://www.rfc-editor.org/info/rfc7326.
[20] M. Hatler, D. Gurganious, and J. Kreegar, Industrial LPWAN – A
Market Dynamics Report. ON World, Inc., November 2018, https://www.onworld.com/iLPWAN/index.html.
[21] “Industrial iot trends: Wsn, lpwan & cloud platforms,”
2017, https://www.automation.com/pdf
articles/ON world/
InTechMagazineInsert ONWorldFinal.pdf.
[22] P. J. Marcelis, V . S. Rao, and R. V . Prasad, “Dare: Data recovery
through application layer coding for lorawan. in 2017 ieee/acm secondinternational conference on internet-of-things design and implementation(iotdi’17),” 2017.
[23] “LoRa modem design guide,” https://www.semtech.com/uploads/
documents/LoraDesignGuide
STD.pdf.
[24] J. Stankovic, T. Abdelzaher, C. Lu, L. Sha, and J. Hou, “Real-time
communication and coordination in embedded sensor networks,” Pro-
ceedings of the IEEE, vol. 91, no. 7, pp. 1002–1022, 2003.
[25] C. Lu, A. Saifullah, B. Li, M. Sha, H. Gonzalez, D. Gunatilaka, C. Wu,
L. Nie, and Y . Chen, “Real-time wireless sensor-actuator networks forindustrial cyber-physical systems,” Proceedings of the IEEE, vol. 104,
no. 5, pp. 1013–1024, 2016.
[26] “Lorawan technical report,” https://lora-developers.semtech.com/
documentation/tech-papers-and-guides/lora-and-lorawan/.
[27] X. Jin, N. Guan, C. Xia, J. Wang, and P. Zeng, “Packet aggregation
real-time scheduling for large-scale wia-pa industrial wireless sensornetworks,” ACM Transactions on Embedded Computing Systems (TECS),
vol. 17, no. 5, p. 88, 2018.
[28] T. Zhang, T. Gong, C. Gu, H. Ji, S. Han, Q. Deng, and X. S. Hu,
“Distributed dynamic packet scheduling for handling disturbances inreal-time wireless networks,” in 2017 IEEE Real-Time and Embedded
Technology and Applications Symposium (RTAS). IEEE, 2017, pp. 261–272.[29] T. Zhang, T. Gong, Z. Yun, S. Han, Q. Deng, and X. S. Hu, “Fd-pas: A
fully distributed packet scheduling framework for handling disturbancesin real-time wireless networks,” in 2018 IEEE Real-Time and Embedded
Technology and Applications Symposium (RTAS). IEEE, 2018, pp. 1–12.
[30] T. Zhang, T. Gong, S. Han, Q. Deng, and X. S. Hu, “Distributed dynamic
packet scheduling framework for handling disturbances in real-timewireless networks,” IEEE Transactions on Mobile Computing, 2018.
[31] J. Shi, M. Sha, and Z. Yang, “Digs: Distributed graph routing and
scheduling for industrial wireless sensor-actuator networks,” in 2018
IEEE 38th International Conference on Distributed Computing Systems(ICDCS). IEEE, 2018, pp. 354–364.
[32] ——, “Distributed graph routing and scheduling for industrial wire-
less sensor-actuator networks,” IEEE/ACM Transactions on Networking,
vol. 27, no. 4, 2019.
[33] V . P. Modekurthy, A. Saifullah, and S. Madria, “Distributedhart: A
distributed real-time scheduling system for wirelesshart networks,” in2019 IEEE Real-Time and Embedded Technology and ApplicationsSymposium (RTAS). IEEE, 2019, pp. 216–227.
[34] ——, “Distributed graph routing for wirelesshart networks,” in Proceed-
ings of the 19th International Conference on Distributed Computing andNetworking, 2018, pp. 1–10.
[35] A. Saifullah, D. Gunatilaka, P. Tiwari, M. Sha, C. Lu, B. Li, C. Wu, and
Y . Chen, “Schedulability analysis under graph routing in WirelessHARTnetworks,” in Proceedings of the IEEE Real-Time Systems Symposium
(RTSS), December 2015, pp. 165–174.
[36] V . P. Modekurthy, A. Saifullah, and S. Madria, “A distributed real-time
scheduling system for industrial wireless networks,” ACM Transactions
on Embedded Computing Systems (TECS), vol. 20, no. 5, pp. 1–28,2021.
[37] V . P. Modekurthy, D. Ismail, M. Rahman, and A. Saifullah, “A
utilization-based approach for schedulability analysis in wireless controlsystems,” in 2018 IEEE International Conference on Industrial Internet
(ICII). IEEE, 2018, pp. 49–58.
[38] V . P. Modekurthy and A. Saifullah, “Online period selection for wireless
control systems,” in 2019 IEEE International Conference on Industrial
Internet (ICII). IEEE, 2019, pp. 170–179.
[39] R. Eletreby, D. Zhang, S. Kumar, and O. Ya ˘gan, “Empowering low-
power wide area networks in urban settings,” in Proceedings of the
Conference of the ACM Special Interest Group on Data Communication,ser. SIGCOMM ’17, 2017, pp. 309–321.
[40] R. Oliveira, L. Guardalben, and S. Sargento, “Long range communica-
tions in urban and rural environments,” in 2017 IEEE Symposium on
Computers and Communications (ISCC). IEEE, 2017, pp. 810–817.
[41] T. V oigt, M. Bor, U. Roedig, and J. Alonso, “Mitigating inter-network
interference in lora networks,” in Proceedings of the 2017 International
Conference on Embedded Wireless Systems and Networks, ser. EWSN
’17, 2017, pp. 323–328.
[42] A. Dongare, R. Narayanan, A. Gadre, A. Luong, A. Balanuta, S. Kumar,
B. Iannucci, and A. Rowe, “Charm: Exploiting geographical diver-sity through coherent combining in low-power wide-area networks,”inProceedings of the 17th ACM/IEEE International Conference on
Information Processing in Sensor Networks, ser. IPSN ’18, 2018, pp.60–71.
[43] S. Fahmida, V . P. Modekurthy, M. Rahman, A. Saifullah, and M. Bro-
canelli, “Long-lived lora: Prolonging the lifetime of a lora network,” in2020 IEEE 28th International Conference on Network Protocols (ICNP) .
IEEE, 2020, pp. 1–12.
[44] A. Mahmood, E. G. Sisinni, L. Guntupalli, R. Rondon, S. A. Hassan,
and M. Gidlund, “Scalability analysis of a lora network under imperfectorthogonality,” IEEE Transactions on Industrial Informatics, 2018.
[45] B. Reynders, Q. Wang, P. Tuset-Peiro, X. Vilajosana, and S. Pollin,
“Improving reliability and scalability of lorawans through lightweightscheduling,” IEEE Internet of Things Journal, 2018.
[46] Z. Xu, P. Xie, and J. Wang, “Pyramid: Real-time lora collision decoding
with peak tracking,” in IEEE INFOCOM 2021 - IEEE Conference on
Computer Communications, 2021, pp. 1–9.
[47] X. Xia, Y . Zheng, and T. Gu, “Ftrack: Parallel decoding for lora
transmissions,” IEEE/ACM Transactions on Networking, vol. 28, no. 6,
pp. 2573–2586, 2020.
[48] M. O. Shahid, M. Philipose, K. Chintalapudi, S. Banerjee, and B. Krish-
naswamy, “Concurrent interference cancellation: Decoding multi-packetcollisions in lora,” ser. SIGCOMM ’21, New York, NY , USA, 2021, p.503–515.
26
Authorized licensed use limited to: Ryerson University Library. Downloaded on June 19,2025 at 17:21:03 UTC from IEEE Xplore.  Restrictions apply. 
[49] X. Wang, L. Kong, L. He, and G. Chen, “mlora: A multi-packet reception
protocol in lora networks,” in 2019 IEEE 27th International Conference
on Network Protocols (ICNP), 2019, pp. 1–11.
[50] S. Tong, Z. Xu, and J. Wang, “Colora: Enabling multi-packet reception
in lora,” in IEEE INFOCOM 2020 - IEEE Conference on Computer
Communications, 2020, p. 2303–2311.
[51] Z. Xu, S. Tong, P. Xie, and J. Wang, “Fliplora: Resolving collisions with
up-down quasi-orthogonality,” in 2020 17th Annual IEEE International
Conference on Sensing, Communication, and Networking (SECON).
IEEE, 2020, pp. 1–9.
[52] M. Rizzi, P. Ferrari, A. Flammini, and E. Sisinni, “Evaluation of the
iot lorawan solution for distributed measurement applications,” IEEE
Transactions on Instrumentation and Measurement, vol. 66, no. 12, pp.3340–3349, 2017.
[53] L. Leonardi, F. Battaglia, and L. L. Bello, “Rt-lora: A medium access
strategy to support real-time ﬂows over lora-based networks for indus-trial iot applications,” IEEE Internet of Things Journal, vol. 6, no. 6,
pp. 10 812–10 823, 2019.
[54] L. Bhatia, I. Tomi ´c, A. Fu, M. Breza, and J. A. McCann, “Control
communication co-design for wide area cyber-physical systems,” ACM
Transactions on Cyber-Physical Systems, vol. 5, no. 2, pp. 1–27, 2021.
[55] D. Zorbas, K. Abdelfadeel, P. Kotzanikolaou, and D. Pesch, “Ts-lora:
Time-slotted lorawan for the industrial internet of things,” Computer
Communications, vol. 153, pp. 1–10, 2020.
[56] S. Liu, C. Xia, and Z. Zhao, “A low-power real-time air quality monitor-
ing system using lpwan based on lora,” in 2016 13th IEEE International
Conference on Solid-State and Integrated Circuit Technology (ICSICT),2016, pp. 379–381.
[57] Q. L. Hoang, W.-S. Jung, T. Yoon, D. Yoo, and H. Oh, “A real-time lora
protocol for industrial monitoring and control systems,” IEEE Access,
vol. 8, pp. 44 727–44 738, 2020.
[58] http://www.dragino.com/products/lora/item/106-lora-gps-hat.html.[59] “The things stack,” https://www.thethingsindustries.com/stack/.[60] “Major changes in the things stack,” https://www.thethingsindustries.
com/docs/getting-started/migrating/major-changes/.
[61] https://lora-developers.semtech.com/library/tech-papers-and-guides/
lorawan-class-b-devices/.
[62] G. C. Buttazzo, Hard Real-Time Computing Systems. Springer, 2005,
2nd edition.
[63] G. Sati and S. Singh, “A review on outdoor propagation models in
radio communication,” International Journal of Computer Engineering
& Science, vol. 4, no. 2, pp. 64–68, 2014.
[64] https://www.thethingsnetwork.org/airtime-calculator.[65] “Lorawan regional parameters,” https://lora-alliance.org/wp-content/
uploads/2020/11/rp
2-1.0.1.pdf/.
[66] “Lorawan regional parameters,” https://www.dragino.com/products/
lora-lorawan-gateway/item/140-lg308.html.
[67] D. Magrin, M. Centenaro, and L. Vangelista, “Performance evaluation
of lora networks in a smart city scenario,” in 2017 IEEE International
Conference on communications (ICC). ieee, 2017, pp. 1–7.
27
Authorized licensed use limited to: Ryerson University Library. Downloaded on June 19,2025 at 17:21:03 UTC from IEEE Xplore.  Restrictions apply.","[-0.08109880238771439, 0.02110888622701168, -0.03637796267867088, -0.022376524284482002, -0.008001059293746948, -0.04242456331849098, -0.032860785722732544, -0.0008028103038668633, -0.060897212475538254, -0.06109758839011192, 0.03501959145069122, -0.03206845372915268, -0.015483674593269825, -0.09041164815425873, 0.03306932374835014, 0.04037303104996681, 0.1973869949579239, -0.11044762283563614, -0.01478552259504795, -0.047413431107997894, 0.0719844177365303, 0.034207358956336975, 0.070257268846035, 0.033171020448207855, 0.0031405531335622072, 0.06643737107515335, 0.011300922371447086, -0.026241295039653778, -0.08523222804069519, -0.056613821536302567, -0.04111348092556, 0.03228258341550827, 0.0014217987190932035, -0.0655827522277832, 0.034128714352846146, -0.03283838555216789, 0.07502207905054092, 0.08556583523750305, 0.0428607203066349, -0.006316105369478464, 0.024818476289510727, -0.08800578117370605, -0.037086039781570435, 0.01638411544263363, -0.050574783235788345, -0.024969900026917458, -0.027148641645908356, -0.03985326737165451, 0.003067637328058481, 0.03220876678824425, -0.00656001316383481, -0.030971618369221687, 0.04328248277306557, 0.02526148408651352, 0.056515295058488846, -0.018227722495794296, -0.04079773277044296, 0.061216648668050766, 0.0348409079015255, 0.06464605778455734, 0.10151602327823639, -0.002804138232022524, 0.02276906557381153, 0.03415946289896965, -0.04916143789887428, -0.030080396682024002, 0.028061319142580032, -0.027324460446834564, -0.04577374458312988, -0.08344153314828873, -0.028258414939045906, -0.05371131747961044, -0.03269892930984497, 0.0589292012155056, 0.044217877089977264, 0.008117200806736946, 0.06874274462461472, -0.008271781727671623, 0.04190748929977417, 0.03350355103611946, -0.017751073464751244, 0.06952223926782608, -0.003918249625712633, 0.0042885360307991505, -0.04222308471798897, -0.018375441431999207, -0.010393844917416573, 0.011511402204632759, 0.075407013297081, -0.07720498740673065, -0.062341053038835526, -0.07594471424818039, -0.04967026039958, 0.017550230026245117, 0.11315758526325226, 0.017024891451001167, 0.05059697479009628, -0.04937801510095596, -0.07137800753116608, 0.04888523742556572, 0.04172742739319801, -0.06269288808107376, -0.04291588440537453, -0.06458373367786407, -0.02448990009725094, 0.008671220391988754, -0.04392832890152931, -0.019095180556178093, 0.04222603142261505, 0.02090342715382576, 0.017101438716053963, -0.02619045041501522, 0.008137520402669907, -0.017291272059082985, -0.05533788725733757, 0.0005834706244058907, -0.02491995319724083, 0.006220868322998285, 0.06385953724384308, -0.034202490001916885, -0.07921954244375229, -0.08431443572044373, 0.005356906447559595, 0.026623202487826347, 0.07956667244434357, 0.08724065870046616, -0.023328015580773354, 3.596051012200433e-33, -0.030361684039235115, 0.027122769504785538, -0.07388357818126678, -0.06516751646995544, 0.03976086154580116, -0.043005481362342834, 0.05421111360192299, 0.03951606526970863, -0.06311563402414322, 0.030206358060240746, -0.022715065628290176, 0.01564367115497589, -0.0010259245755150914, -0.010471014305949211, 0.06255071610212326, -0.07720108330249786, 0.015855608507990837, -0.08066515624523163, 0.06428609788417816, -0.014521751552820206, 0.012360990047454834, -0.047578342258930206, 0.005582219921052456, 0.026214774698019028, 0.0638771504163742, 0.042931098490953445, 0.010786627419292927, -0.01754075475037098, 0.025082238018512726, 0.041461315006017685, 0.01972140185534954, 0.01761367917060852, 0.008905221708118916, 0.0037355998065322638, -0.01448659785091877, -0.030099639669060707, -0.054469700902700424, -0.09184954315423965, -0.027926720678806305, -0.015629561617970467, -0.03847205638885498, 0.04847659915685654, -0.11350159347057343, -0.0584755539894104, 0.010277020744979382, -0.04565588757395744, 0.0794067531824112, 0.10561004281044006, -0.04183366894721985, 0.008389163762331009, -0.04246991127729416, 0.005010331515222788, 0.003992525860667229, 0.0477723628282547, 0.05023014545440674, 0.025421248748898506, 0.006361252628266811, 0.04036476090550423, 0.10161133110523224, 0.07360837608575821, -0.07267618179321289, 0.057937271893024445, 0.031025467440485954, 7.958094647619873e-05, 0.018661705777049065, -0.058656007051467896, -0.02679377608001232, 0.03192044794559479, 0.026994604617357254, 0.021738380193710327, 0.029832594096660614, -0.013377191498875618, 0.016287073493003845, -0.015240666456520557, 0.10168249905109406, -0.0056816511787474155, 0.015004953369498253, 0.0369105190038681, -0.046246640384197235, 0.028568051755428314, 0.05887441709637642, 0.07030825316905975, 0.002250220160931349, 0.008192733861505985, 0.030986927449703217, -0.05223247781395912, -0.009497162885963917, 0.07141794264316559, -0.10267870873212814, 0.06138773262500763, 0.0317721925675869, 0.006058232858777046, 0.05080405995249748, 0.018349571153521538, -0.0016988825518637896, -3.0485681917247992e-33, 0.040807731449604034, -0.03844557702541351, -0.03212183713912964, 0.02917890064418316, -0.007757339160889387, -0.09274546802043915, 0.011790250428020954, -0.04717192053794861, -0.033386122435331345, 0.07624858617782593, 0.0037266609724611044, -0.08377280086278915, -0.017737990245223045, -0.06628279387950897, 0.06587961316108704, -0.05824914202094078, -0.03109663911163807, -0.11364695429801941, 0.014940940774977207, -0.015774710103869438, 0.05800233781337738, 0.023452697321772575, -0.06728845089673996, -0.11635398864746094, -0.03276815265417099, 0.010772358626127243, -0.06155059486627579, 0.08705197274684906, -0.04705137759447098, 0.020333677530288696, -0.07526996731758118, -0.01838524639606476, 0.02021038345992565, -0.012946508824825287, 0.02339709922671318, 0.015175125561654568, 0.07920443266630173, 0.06120220199227333, -0.02202647365629673, -0.05792549252510071, 0.11323405057191849, -0.0801834985613823, -0.12286046147346497, 0.05409563332796097, -0.032814666628837585, -0.006877177860587835, -0.1322370171546936, 0.015173083171248436, -0.028748203068971634, 0.02771284058690071, 0.043998833745718, -0.004799714311957359, 0.03344917669892311, 0.01970321126282215, 0.021336300298571587, 0.0347895547747612, 0.07101525366306305, 0.021083349362015724, -0.10788408666849136, 0.012766645289957523, 0.047929078340530396, -0.11791486293077469, 0.10789492726325989, 0.10894015431404114, 0.08329564332962036, 0.07343798130750656, 0.06698121130466461, 0.03006734326481819, -0.002424238482490182, 0.023892464116215706, -0.003751991083845496, 0.038572393357753754, 0.031476933509111404, -0.047892965376377106, 0.030015069991350174, 0.02671273611485958, -0.005145888775587082, -0.013293666765093803, -0.037263423204422, 0.00163698336109519, -0.06383346021175385, 0.01242807973176241, -0.005285314284265041, -0.040314931422472, 0.08029457181692123, 0.007536557503044605, -0.019831137731671333, 0.017896218225359917, 0.02260180190205574, 0.060454707592725754, -0.013071125373244286, -0.00999095756560564, 0.032895345240831375, 0.06682494282722473, -0.06806658208370209, -5.265308899993215e-08, -0.08789575099945068, 0.00030956073896959424, 0.01721079833805561, 0.0026017678901553154, 0.03170934319496155, 0.034676458686590195, 0.07903067767620087, -0.059547338634729385, 0.048698510974645615, 0.04787622392177582, 0.02226959355175495, -0.02375045232474804, -0.020850785076618195, 0.06548639386892319, 0.12735991179943085, -0.02054530382156372, 0.04368826001882553, -0.08641892671585083, 0.015955599024891853, -0.019905339926481247, 0.059648383408784866, -0.057201024144887924, -0.011736503802239895, 0.0629560649394989, 0.05478190630674362, 0.0004046834073960781, 0.027587980031967163, 0.05344507470726967, 0.04745021089911461, -0.004929268732666969, -0.1170416921377182, -0.023574288934469223, 0.02631308138370514, 0.04312741011381149, -0.05610767751932144, -0.03293535113334656, -0.004382506478577852, 0.00571107491850853, -0.03971657156944275, -0.04352298751473427, -0.0029579498805105686, -0.02559046819806099, -0.0819571390748024, -0.03818827122449875, 0.008288363926112652, -0.013545909896492958, -0.059313345700502396, -0.07480678707361221, 0.051713358610868454, 0.01659482903778553, -0.029001126065850258, -0.025540119037032127, 0.09643249958753586, 0.03627115860581398, -0.0016454948345199227, 0.018309378996491432, 0.06690879166126251, -0.15245933830738068, 0.0691770613193512, 0.07086137682199478, -0.010690156370401382, -0.02481904625892639, -0.027850838378071785, 0.012230225838720798]"
The_Limits_of_LoRaWAN_in_Event-Triggered_Wireless_Networked_Control_Systems.pdf,"The Limits of LoRaWAN in Event-Triggered
Wireless Networked Control Systems
Ivana Tomi ´c, Laksh Bhatia, Michael J. Breza and Julie A. McCann
Department of Computing, Imperial College London, UK
Email:fi.tomic, laksh.bhatia16, michael.breza04, j.mccann g@imperial.ac.uk
Abstract —Wireless sensors and actuators offer beneﬁts to large
industrial control systems. The absence of wires for commu-
nication reduces the deployment cost, maintenance effort, and
provides greater ﬂexibility for sensor and actuator location and
system architecture. These beneﬁts come at a cost of a high
probability of communication delay or message loss due to the
unreliability of radio-based communication. This unreliability
poses a challenge to contemporary control systems that are
designed with the assumption of instantaneous and reliable com-
munication. Wireless sensors and actuators create a paradigm
shift in engineering energy-efﬁcient control schemes coupled with
robust communication schemes that can maintain system stability
in the face of unreliable communication. This paper investigates
the feasibility of using the low-power wide-area communication
protocol LoRaWAN with an event-triggered control scheme
through modelling in Matlab. We show that LoRaWAN is capable
of meeting the maximum delay and message loss requirements of
an event-triggered controller for certain classes of applications.
We also expose the limitation in the use of LoRaWAN when
message size or communication range requirements increase or
the underlying physical system is exposed to signiﬁcant external
disturbances.
Index Terms —Wireless Networked Control Systems, Event-
Triggered Control, Wireless Sensor and Actuator Networks,
LPWA Networks, LoRaWAN.
I. I NTRODUCTION
The design of traditional periodic control systems [1] as-
sumes instantaneous and reliable communication of sensor
data and control actions between the sensors and the con-
trollers. This assumption is easy to meet when the sensors
and controllers are connected by cables or wires. The con-
troller will have relevant data to maintain the stability and
the desired level of performance of the controlled physical
system. Periodic transmissions at a high frequency can be
achieved because wired systems do not pose restrictions on
the bandwidth available.
There is a current movement to instrument industrial control
systems like water/waste distribution, unmanned off-shore oil
rigs, transportation networks, and agricultural facilities with
wireless sensors and actuators. Wireless Networked Control
Systems (WNCSs) are smarter, more responsive to user de-
mand, and more efﬁcient in their use of resources such
as energy [2]. These next generation industrial systems are
composed of a network of sensor nodes installed around
a plant to measure its physical processes and transmit the
measurements (data) via a wireless network. The controller
receives the measurements and processes them according to
an underlying control scheme. The result is a control actionthat is sent wirelessly to actuators to inﬂuence the dynamics of
the plant. The challenge of this approach is that wireless radio
networks are not reliable, and the assumption of instantaneous
and reliable communication no longer holds [3].
There are two associated challenges with WNCSs. The
ﬁrst is to develop control schemes that can tolerate a certain
amount of delay and data loss caused by unreliable wireless
networks. The second is to develop wireless network protocols
that can provide the bounded maximum delay and message
loss required by the control scheme. To provide the solution
that addresses both challenges, the communication and control
systems have to be jointly designed. This is known as the
communication and control systems co-design problem [4],
[5]. An additional constraint on the communication and control
systems design problem is energy efﬁciency. WNCS sensors
are battery powered which introduces restrictions on the
available bandwidth. They are often deployed in inaccessible
locations which makes frequent battery changes difﬁcult. In
this paper, we investigate the feasibility of using the low-power
wide-area communication protocol LoRaWAN with an event-
triggered control scheme.
Event-Triggered Control (ETC) schemes [6] are a solution
to the high communication cost and frequent battery changes
of traditional periodic control schemes. Traditional periodic
control schemes send communication every ﬁxed period of
time, even if there is no change in the underlying physical
process. ETC schemes save energy by only sending commu-
nication when an event occurs and new action is needed. An
event is triggered when there is an indication that the stability
or performance of the system are about to be compromised.
Low-Power Wide-Area (LPWA) networks [7] have been
developed to enable wireless communication over long ranges.
LPWA techniques enable long-range communication of up to
15km’s at a low data rate of 0:3-37:5Kbps. This offers trade-
off between communication coverage, and data rates when
compared to commonly used short-range protocols such as
those used by WirelessHART and ISA-100.a.
In this paper we provide the following contributions:
We model the delays and message losses introduced by
the LPWA communication protocol LoRaWAN [8] for
different rates and message sizes. We analyse an appli-
cation scenario where we model a linear ETC system in
Matlab. We evaluate the effects of LoRaWAN delays and
message loss rates on system stability and performance2018 UKACC 12th International Conference on Control (CONTROL)
Sheffield, UK, 5-7 Sept 2018
978-1-5386-2864-5/18/$31.00 ©2018 IEEE 101
Authorized licensed use limited to: Ryerson University Library. Downloaded on May 19,2025 at 18:48:24 UTC from IEEE Xplore.  Restrictions apply. 
Fig. 1: The architecture of wireless networked control system.
guarantees for both cases, an ideal ETC system and the
ETC system that is exposed to external disturbances.
Most of the existing studies that address event-triggered
controllers with radio networks assume that bounds on
communication delays and packet losses are given a priori
(e.g. [9], [10]). However, it is difﬁcult to obtain such
properties in real applications. In this paper we consider a
practical communication protocol LoRaWAN. LoRaWAN
is an example of a long-range protocol whose use in
control scenarios has received very little attention [4].
The rest of the paper is organized as follows: Sec. 2 presents
the problem formulation. Sec. 3 presents the event-triggered
control model. Sec. 4 presents the LoRaWAN communication
model. We give the evaluation results in Sec. 5 and end the
paper in Sec. 6 with brief concluding remarks.
II. W IRELESS NETWORKED CONTROL SYSTEM PROBLEM
FORMULATION
In Fig. 1 we present a diagram of the closed-loop WNCS
considered in this paper. The WNCS consists of a large
complex physical process (the plant) and the control and
management system which are connected via a LPWA com-
munication network. The plant is a continuous-time physical
system instrumented with the set of sensors fS1;S2;:::;SNg
and the set of actuators fA1;A2;:::;AMg. We assume that all
of the sensors and actuators are collocated on LPWA-enabled
end-devices which share same communication channels.
The end-devices communicate with the set of gateways
fG1;G2;:::;GPgwhen a change in the plant is detected.
Both, sensor-to-gateway and gateway-to-actuator communica-
tion is achieved in a single-hop fashion via a LPWA network.
A single-hop network topology is far more favourable for
control-based systems due to its high reliability and low
energy cost compared to multi-hop networks. The information
exchange between gateways and the controller is achieved via
traditional wired communication and thus is instantaneous and
reliable. In the rest of this paper the terms the gateway and
the controller will be used interchangeably.
To describe the WNCS in Fig. 1 we present two models:1)Event-Triggered Control Model - A general model for
event-triggered control of a linear plant.
2)LoRaWAN Communication Model - We explain how
LoRaWAN works and present its main concepts and
parameters.
We use the notion of communication delays and message
losses to investigate the feasibility of using LoRaWAN with
an event-triggered control system. The LoRaWAN introduces
delays and losses as part of the protocol. In an ETC system
there is a maximum bound on the delay and data loss for
which the system can remain stable and a certain level of
performance is guaranteed. In this paper, we check if these
bounds can be met by LoRaWAN.
III. E VENT -TRIGGERED CONTROL MODEL
Here we give a model of our event-triggered control scheme
as a linear control system of the form:
_(t) =A(t) +B(t); (0) =0 (1)
where(t)2Rndenotes the state input from the sensors and
(t)2Rmdenotes the control action sent to the actuator at
timet. The matrix A2Rnnis the state matrix and B2
Rnmis the input matrix.
The system is connected via a communication channel to
the controller. In this paper, the communication channel uses
LoRaWAN wireless protocol. In a conventional discrete-time
state feedback control, the control input (t)is given by
(t) =K(tk);8t2[tk;tk+1] (2)
wheretk,k2Nare the sampling instants which occur
periodically, i.e. tk=khforh>0. The feedback gain matrix
is denoted as K2Rnn.
In ETC schemes, the sampled state taken from the sensor,
(tk), is used to evaluate a predeﬁned triggering condition
at eachtk=khfork2N,h > 0. In that way, the
controller only updates and sends a control action when the
triggering condition is satisﬁed. We refer to this as to an
event and it can be expressed in terms of the measurement
error(tk) =j(tk) (t)j fort2[tk;tk+1]that
exceeds the predeﬁned threshold value . This approach
differs from conventional periodic control schemes where
events are transmitted regularly regardless of the state of the
plant. ETC schemes only transmit an event if one actually
occurs. This difference reduces the computational load of
the controller and the amount of communication required
between the sensors/actuators and the controller. The reduction
of computation and communication equate to direct energy
savings for the control system. This energy saving aspect is
why ETC strategies are actively researched for WNCSs.
In general, the controller is centralized and it works in a
sample-and-hold fashion:
(tk) =K(tk); ifk= 1
K(tk 1);ifk= 0: (3)978-1-5386-2864-5/18/$31.00 ©2018 IEEE 102
Authorized licensed use limited to: Ryerson University Library. Downloaded on May 19,2025 at 18:48:24 UTC from IEEE Xplore.  Restrictions apply. 
The indicator function k= 1 indicates that the triggering
condition is satisﬁed, k= 0indicates that the triggering con-
dition is not satisﬁed at time tk. Satisfaction of the triggering
condition is based on measurements received from each end-
device.
With ETC control schemes in [11] the event-triggering
mechanism is distributed to the end-devices such that j2
f1;:::;N dg, whereNdis the total number of end-devices
in the network. End-devices work asynchronously. Only the
data of the end-device that measured a threshold viola-
tion is sent to the gateway to update the control action
in Eq. 3, i.e. if j2 f1;:::;N dgandkj= 1 , then
(tk) = [1(tk 1);2(tk 1);:::; j(tk);:::; N(tk 1)]T. The
decentralisation of the event triggering mechanism further
increases energy efﬁciency by reducing the number of events.
There exists a non-zero minimum time that must always
elapse after an event and before the next event is triggered.
This lower bound on inter-arrival time can be explicitly
computed (see [6]). We show later that when an ETC system
relies on a LoRaWAN, there is a practical bound imposed by
LoRaWAN on the event rate due to the LoRaWAN protocol
and the limitations of wireless communication. This practical
bounds imposed by LoRaWAN can be abstracted to event
delays, control action delays and event losses in the previously
discussed ETC implementation. We deﬁne these as:
Deﬁnition 1: We denote by j!C
kthe event delay of the
measurement (tj
k)of the end-device jto the controller Cat
timetj
k. Similarly, C!j
kis the control action delay of the
control action to the end-device j.
Deﬁnition 2: We denote by Pi!C
k the number of successive
event losses in the transmission of the measurement (tj
k)of
end-devicejto the controller Cat timetj
k. A loss of an event
message also means the loss of the subsequent control action
message as it is dependant on the successful reception of the
event message by the controller.
Event or control action delays or losses directly affect
the ability of the controller to maintain a stable plant. They
cause the absence of control actions. The stability or level of
performance of the plant is determined by , the size of the
error that can be tolerated. There is a maximum number of
consecutive event losses and a maximum tolerable delay for
which the performance of the system can be guaranteed (see
[11], [12]). In the next section we discuss LoRaWAN protocol,
and its delays and losses.
IV. L ORAWAN C OMMUNICATION MODEL
In this section we explain how LoRaWAN functions and
discuss some of its parameters. We relate its parameters and
performance to the event and control action delays and losses
discussed in the previous section.
A. Network Architecture and Transmission Parameters
LoRaWAN provides bidirectional communication with an
uplink (end-device to gateway) and a downlink (gateway to
end-device). LoRaWAN deﬁnes three classes of end-devices,
classes A, B and C. Class A end-devices only receive downlinkcommunication from the gateway after a successful uplink
sent from the end-device to the same gateway. There are two
time periods (or windows) that are available to the gateway
for downlink transmissions at 1s and 2s. Class B end-devices
allow the gateway to schedule downlink communication win-
dows without a prior successful uplink transmission from an
end-device. Class C end-devices listen for transmissions from
the gateway all the time unless they are transmitting. In this
paper, we consider only Class A end-devices. Class A devices
are the most energy efﬁcient, and are a perfect ﬁt for ETC
because communication from the gateway is always triggered
by an uplink transmission from the end-device.
LoRaWAN end-devices transmit uplink packets using an
ALOHA-based channel access scheme. The LoRa physical
layer uses Chirp Spread Spectrum (CSS) modulation. CSS
signals are modulated by pulses that increase or decrease in
frequency, or chirps. The number of chirps used to encode each
symbol is given by 2SFwhere SFrepresents the Spreading
Factor that varies between 7and12in increments of 1.
SF7 provides a data rate of 5:468kbps, while SF12 provides
0:293kbps. The data rate in LoRa also depends on the channel
bandwidth (we use 125kHz) and the code rate (we use 4=5).
The trade-off in LoRa is that the higher SF has a lower data
rate, but a longer range and is more resilient to interference.
Lower SF has a higher data rate, but a shorter range and less
resilience.
In LoRa, the use of retransmissions is optional. The use of
CSS makes the signals very robust to interference, and it has
been experimentally shown that LoRA is very reliable [13]. If
retransmissions are used, the number of and timing is at the
discretion of the each end-device. In this paper, we assume no
use of retransmissions.
B. Round Trip Time Delay of LoRaWAN
Wireless technologies such as IEEE 802.15.4 have trans-
mission times in the range of 10-100ms depending on the
payload size [14]. LoRaWAN networks have transmission
times from 61ms-2:7s depending on the message size, as it can
be seen in Fig. 2. We deﬁne the time needed for a message
(sensor measurements) to be transmitted from an end-device
to the controller (an uplink transmission) as TimeOnAir .
Figure 2 shows the TimeOnAir of an uplink transmission
using LoRaWAN for a code rate of 4=5, bandwidth of 125kHz,
all SF 7through 12inclusive, and messages sizes of 10,20,
30,40, and 50Bytes of payload. The messages sizes are
shown without the header. The message header adds 13Bytes
regardless of SF. As can be seen from Fig. 2, large SFs
increase the TimeOnAir . Large SFs also have an impact on
duty cycling (channel availability) as shown later.
Downlink transmissions also use the LoRaWAN protocol.
These transmissions contain the control action sent from the
controller to the actuators connected to the end-devices as
in Fig. 1. With class A end-devices, downlink transmissions
are possible only after a successful uplink transmission. We
assume that the downlink payload size is the same as the
uplink payload size and both have the same TimeOnAir .978-1-5386-2864-5/18/$31.00 ©2018 IEEE 103
Authorized licensed use limited to: Ryerson University Library. Downloaded on May 19,2025 at 18:48:24 UTC from IEEE Xplore.  Restrictions apply. 
Fig. 2: TimeOnAir of LoRaWAN for a code rate of 4=5and
a bandwidth of 125kHz.
In Def. 1 we deﬁned event delays as j!C
kand control
action delays as C!j
k. These delays are a result of the
used SF. They are expressed in our LoRaWAN model as
TimeOnAir . Additionally, the LoRaWAN speciﬁcation [8] in-
troduces a ﬁxed time delay between an uplink and a downlink
transmission. This delay is RECEIVE DELAY and it equals
1s.
We now deﬁne Round Trip Time ( RTT ) as:
RTT = 2TimeOnAir + RECEIVE DELAY:(4)
From Eq. 4 and Fig. 2 it can be seen that the RTT delay
of a message sent from the end-device to the controller, and
the response from the controller back to the end-device using
LoRaWAN ranges from 1:12s to6:59s. We do not include con-
troller processing time in RTT because RECEIVE DELAY
is almost certainly larger than the processing time. An impor-
tant observation to make is that RTT bounds the rate at which
events can be reported from the sensor to the controller. An
event that occurs less than RTT after a previous event will be
dropped due to the fact that the end-device will be awaiting a
reply from the controller.
C. Duty Cycle Limitation of LoRaWAN
LoRaWAN operates in the unlicensed frequency band 863-
870MHz in Europe (where this study was conducted). Eu-
ropean regulations impose duty cycles on users of this band
to ensure fair usage. When a LoRa end-device transmits a
message, it can not use the same channel for the length of its
duty cycle. The duty cycle ( DutyCycle ) varies from 0:1% to
10% usage time per node per channel. For example, if an end-
device spends 0:5s transmitting a message on a channel that
speciﬁes a 1% duty cycle, that channel will be unavailable
to the sending node for next 49:5s. Different channels can
specify different duty cycles, as long as they remain within
the regulated duty cycle speciﬁcations.
We deﬁne the metric Blackout Period (BP) as
BP =TimeOnAir
DutyCycle TimeOnAir (5)
Fig. 3: Blackout Period of LoRaWAN for a) N= 3 channels
and b)N= 8 channels, a code rate of 4=5and a bandwidth
of125kHz (the y-axis uses logarithmic scale).
Blackout Period, BP, is the time for which an end-device
cannot access a channel after it has sent a message due to
duty cycle restriction.
We now relate Pi!C
k , the event losses deﬁned in Def. 2 of
our ETC model, to the Blackout Period. The cause of the BP,
and therefore event losses, is the LoRaWAN duty cycle.
An end-device might have Nchannels available which
decreases the blackout time. For example, if the end-device
can transmit on 3channels instead of one, each individual
channel is still occupied for 1%. However, the device is now
transmitting for 1% of time units in each channel, giving it
a duty cycle of 3% which reduces BPin Eq. 5. However,
Eq. 4 introduces the bound on minimum inter-arrival time of
two consecutive messages that has to be taken into account.
Therefore, the BP for an end-device that has the access to N
channels is given by
BPN= BP (N 1)RTT: (6)
According to the LoRaWAN speciﬁcation [8] a minimum of
3channels must be available to all end-devices. An individual
network may provide more channels. For example, The Things
Network [15] allocates 8channels with 1% duty cycle to each
end-device.
We now examine the affect of multiple channels on the
length of the BP. Figure 3, part a) shows the BP of LoRaWAN
end-device when 3channels are available for various SFs
and message sizes. We can see that the BP varies from
3:8s to 236:4s when an end-device has the access to only
3channels. When the number of channels is increased to 8,
in Fig. 3, part b) and a 1%duty cycle is still maintained,
the BP completely disappears for SF 7payloads of 30Bytes
and less. It is interesting to observe that the BP does not
disappear for the other SFs. SF 10, SF11, and SF 12only show
a minimal improvement. This shows that BPs can be reduced
by adding more channels, but that it is difﬁcult to remove
them completely, and that they get worse as the range and
robustness of the links improve.978-1-5386-2864-5/18/$31.00 ©2018 IEEE 104
Authorized licensed use limited to: Ryerson University Library. Downloaded on May 19,2025 at 18:48:24 UTC from IEEE Xplore.  Restrictions apply. 
In the next section we will see the impact of the RTTs and
the BPs on the ability of ETC control schemes to maintain
system stability and performance levels.
V. E VALUATION
In this section, we present a simulation based experiment
to illustrate the feasibility of using LoRaWAN with an ETC
scheme to maintain the stability of a WNCS and guarantee
a certain level of performance. First, we present a dynamical
model with an asynchronous ETC scheme. The example is mo-
tivated by a real-life water network that can be characterised
as a slow-rate physical process. Then, using projected Round
Trip Time delays and Blackout Periods of data loss from Fig. 2
and Fig. 3 we show that LoRaWAN is capable of meeting the
system’s performance goal for certain scenarios. Finally, we
characterise the limitations of using LoRaWAN protocol if the
application requirements increase or if the system is exposed
to external disturbances.
A. Motivating Example
Consider a hybrid linear model in the form of Eq. 1 that
represents a water distribution network. The state input vector
(t) = [1(t)2(t)3(t)]Trepresents the water levels in three
different tanks. Each tank is equipped with an end-device
(sensor and actuator). The model can work in two different
modes for which the state matrix Ais given as a zero matrix,
i.e.Aw=Ap=O33, and the input matrix Bis given as
Bw= 10 52
40:1436  0:0170  0:0164
 0:0098 0 :1060  0:0100
 0:0139  0:0139 0 :14923
5;
Bp= 10 52
40:7666  0:0493  0:0457
 0:0274 0 :5848  0:0279
 0:0393  0:0432 0 :14923
5:
The control law in Eq. 2 works in a sample-and-hold fashion
with the feedback gain matrix Kgiven as
Kw=2
499950 3029 872
 3014 99940  1679
 922 1652 999823
5;
Kp=2
49998:5 167 :1 41 :0
 166:6 9997 :9 116:0
 43:0 115 :3 9999 :23
5:
The ’weak mode’ is represented by (Aw;Bw;Kw)and it
simulates low water demand that a water network would
experience during the night when only the assistant pump
is on. The ’powerful mode’ is represented by (Ap;Bp;Kp)
and it simulates high water demand during the day when the
powerful pump is enabled.
The model uses asynchronous ETC given in Sec. III. The
switching from powerful to weak mode is triggered by a
function that maps actuator saturation and quantization to
represent the degree to which the node’s valve is open:
jS( Kp(t) +in
p)j1<180. The valves themselves are
discrete, and open and close in steps of 10. The termjj1
isL1-norm, or sum of the entries, of the resulting vector,
andin
pdenotes the degree that the in-valves are open at
equilibrium while in the powerful mode. The switching from
Fig. 4: The system response under normal operating condi-
tions (no delays nor event losses).
weak to powerful mode is triggered by j(t)hljwherehlj
is minimum water level for end-device jand equals 0:03m.
More details on the model can be found in [16].
The system response under normal operating conditions is
given in Fig. 4. It takes on average 100seconds for the system
to reach the steady-state value and continues operating within
the safe bounds (in our case between 0:03m and 0:06m).
B. System Performance Analysis when using LoRaWAN
We simulate the system for 600s using a sampling rate
of1ms. Each end-device is allocated N= 3 LoRaWAN
channels with 1% duty cycle restriction. Our goal is to record
overshoots and undershoots due to delays and message losses
caused by LoRaWAN limitations. We measure this through
thedeviation metric which indicates the maximum system’s
deviation from the safe operating conditions which is critical
for water networks. The behaviour of our system is understood
and bounded. Its acceptable deviation is up to 15%.
We consider two cases:
1)Disturbance-Free System - We assume an ideal case
when there is no disturbance to the system. We investigate
the maximum system deviation for all spreading factors (from
7to12) and various message sizes (from 10Bytes to 50Bytes
in increments of 10). The results are presented in Fig. 5. We
present the results for the tank 1only as it is the smallest
size tank and therefore the most sensitive to state changes for
identical control input. As it can be observed from Fig. 5,
for low SFs and message sizes the system is well within the
bounds. This is due to low RTTs and BPs as demonstrated in
Sec. IV.
2)System with Disturbance - We model disturbance as a
step impulse in the water level state of the ﬁrst tank, 1(t).
The magnitude of disturbance is equivalent to an increase
in demand of 30% at timetor to a leak due to a pipe
burst. We vary the duration of the disturbance from 1s to
10s. The results are presented in Table. I. These show that
for severe disturbances (duration larger that 5s), there is a
strict bound on SFs and message sizes that guarantee system
performance within desired levels. To reject a disturbance,
measurements need to be transmitted to the controller in
shorter time. However, long BPs caused by LoRaWAN prevent
reaction of the system at a rate that can keep it stable.978-1-5386-2864-5/18/$31.00 ©2018 IEEE 105
Authorized licensed use limited to: Ryerson University Library. Downloaded on May 19,2025 at 18:48:24 UTC from IEEE Xplore.  Restrictions apply. 
Fig. 5: Maximum deviation of water level in the tank 1when
the communication is supported by LoRaWAN with N= 3
channels (y-axis uses logarithmic scale).
TABLE I: Maximum deviation of water level (tank 1) given in
% when there is an external step disturbance of 0:01m (N= 3
channels, SF8)
Disturbance Duration 1s 5s 10s
10Bytes 0.00 8.67 16.33
20Bytes 1.67 9.23 18.00
30Bytes 0.67 10.33 18.00
40Bytes 0.67 10.33 22.67
50Bytes 10.73 16.87 28.80
With this example we illustrated that LoRaWAN is able
to support the classes of applications where the underlying
phenomenon changes at a slow rate. The mode switching
happens between every 50s and 150s. LoRaWAN in such
control system handles packet sizes of up to 50Bytes for
SF7 and SF8 without affecting the system’s performance and
stability, as well as the smallest packet size of up to 10Bytes
for SF7, SF8 and SF9. LoRaWAN can be used for systems
that are resilient to blackout period s and delays of up to 10s.
These limits become more conservative when the system is
affected by signiﬁcant disturbances. LoRaWAN protocol does
not provide ﬂexibility of sending time-critical data if there is
a duty cycle restriction in place at that moment.
VI. C ONCLUSIONS
In this paper we created a model of a system using an ETC
controller, and a model of the LoRaWAN LPWA protocol.
We discussed the causes of delays and message losses in
the LoRaWAN protocol, and how these affect the stability
and performance of the ETC controlled system. Our results
demonstrated the feasibility of the LoRaWAN protocol for
certain application scenarios and network parameter settings.
We also identiﬁed the limitations of LoRaWAN that prevent
its wide adoptio n for use in certain classes of control-based
application scenarios.
This paper represents a step forward in addressing the com-
munication and control systems co-design problem for long-
range control over wireless channel. It is an ongoing process
and there is no single widely accepted methodology to addressthe development of protocol stacks suitable for WNCSs. We
showed that the current speciﬁcation of LoRaWAN can be
considered as suitable for slow-changing physical processes
where the data transmission requirements are not high. We
will continue to address the coexistence of LPWA protocols
and ETC control by focusing on nend-devices sharing the
same set of channels. We will also investigate the possibility of
having priority slots, so even if there is a duty cycle restriction
in place there is a way to report a possible failure due to the
disturbance. Additionally, we will exploit the possibility of
using ’Listen before Talk’ feature of LoRa where by listening
to the channel and sending if free the duty cycle restriction
can be bypassed.
ACKNOWLEDGMENT
This work has been funded by the CISCO Research
Centre/Silicon Valley Community Foundation, CG# 955107,
project ’Fog to FIELD: Securing Wide-area Monitoring and
Control for Critical Infrastructure 4.0’.
REFERENCES
[1] K. J. ˚Astr¨om and B. Wittenmark, Computer-controlled Systems (3rd Ed.) .
Upper Saddle River, NJ, USA: Prentice-Hall, Inc., 1997.
[2] R. Rajkumar, I. Lee, L. Sha, and J. Stankovic, “Cyber-physical systems:
The next computing revolution,” in Proc. of the 47th Design Autom.
Conf. , 2010, pp. 731–736.
[3] S. Ali, S. B. Qaisar, H. Saeed, M. F. Khan, M. Naeem, and A. Anpalagan,
“Network challenges for cyber physical systems with tiny wireless de-
vices: A case study on reliable pipeline condition monitoring,” Sensors ,
vol. 15, no. 4, pp. 7172–7205, 2015.
[4] P. Park, S. C. Ergen, C. Fischione, C. Lu, and K. H. Johansson, “Wireless
network design for control systems: A survey,” IEEE Commun. Surveys
Tuts. , vol. PP, no. 99, pp. 1–1, 2017.
[5] B. Wu, M. D. Lemmon, and H. Lin, “Formal methods for stability
analysis of networked control systems with ieee 802.15.4 protocol,”
IEEE Trans. on Control Sys. Tech. , vol. PP, no. 99, pp. 1–11, 2017.
[6] P. Tabuada, “Event-triggered real-time scheduling of stabilizing control
tasks,” IEEE Trans. on Autom. Control , vol. 52, no. 9, pp. 1680–1685,
2007.
[7] U. Raza, P. Kulkarni, and M. Sooriyabandara, “Low power wide area
networks: An overview,” IEEE Commun. Surveys Tuts. , vol. 19, no. 2,
pp. 855–873, 2017.
[8] N. Sornin, M. Luis, T. Eirich, T. Kramp, and O. Hersent, “LoRaWAN
Speciﬁcation, January 2015.”
[9] X. Wang and M. D. Lemmon, “Event-triggering in distributed networked
control systems,” IEEE Trans. on Autom. Control , vol. 56, no. 3, pp.
586–601, 2011.
[10] D. Lehmann and J. Lunze, “Event-based control with communication
delays and packet losses,” Int. Journal of Control , vol. 85, no. 5, pp.
563–577, 2012.
[11] M. Mazo and M. Cao, “Asynchronous decentralized event-triggered
control,” Automatica , vol. 50, no. 12, pp. 3197 – 3203, 2014.
[12] M. Guinaldo, D. Lehmann, J. Snchez, S. Dormido, and K. H. Johansson,
“Distributed event-triggered control with network delays and packet
losses,” in 51st IEEE Conf. on Decision and Control , 2012, pp. 1–6.
[13] M. Cattani, C. A. Boano, and K. R ¨omer, “An experimental evaluation of
the reliability of lora long-range low-power wireless communication,”
Journal of Sensor and Actuator Networks , vol. 6, no. 2, p. 7, 2017.
[14] J. A. Gutierrez, M. Naeve, E. Callaway, M. Bourgeois, V . Mitter, and
B. Heile, “Ieee 802.15.4: a developing standard for low-power low-cost
wireless personal area networks,” IEEE Network , vol. 15, no. 5, pp.
12–19, 2001.
[15] (2018) The Things Network. [Online]. Available:
https://www.thethingsnetwork.org/
[16] S. Kartakis, A. Fu, M. Mazo, and J. A. McCann, “Communication
schemes for centralized and decentralized event-triggered control sys-
tems,” IEEE Trans. on Control Syst. Technol. , pp. 1–14, 2017.978-1-5386-2864-5/18/$31.00 ©2018 IEEE 106
Authorized licensed use limited to: Ryerson University Library. Downloaded on May 19,2025 at 18:48:24 UTC from IEEE Xplore.  Restrictions apply.","[-0.02590661309659481, 0.0006138046155683696, -0.020310962572693825, 0.02313169836997986, 0.038486603647470474, -0.0011357812909409404, 0.0983196422457695, -0.014377940446138382, 0.02730102278292179, 0.036820702254772186, 0.06849530339241028, 0.004650142975151539, -0.004816708154976368, -0.1055544912815094, 0.04776106774806976, 0.05594957619905472, 0.13336867094039917, -0.031224803999066353, -0.05941777303814888, -0.05146150290966034, 0.1327606588602066, 0.08238564431667328, 0.06903554499149323, 0.0845307782292366, -0.010399503633379936, -0.001948290504515171, 0.0015312255127355456, -0.03622661903500557, -0.1090642511844635, -0.013316391967236996, -0.022657498717308044, -0.019180603325366974, -0.01970626972615719, -0.09140981733798981, -0.010178852826356888, 0.0508047454059124, 0.03261836990714073, 0.04288388788700104, 0.025140685960650444, 0.006340630352497101, 0.011776811443269253, -0.027266470715403557, 0.03136931359767914, -0.02028018608689308, -0.08675257116556168, -0.008123781532049179, 0.051268864423036575, 0.022833626717329025, -0.033306051045656204, -0.025992395356297493, 0.04802866652607918, -0.033847175538539886, 0.07621912658214569, -0.016849402338266373, 0.09462469071149826, -0.06810672581195831, -0.06397844105958939, 0.09912332892417908, 0.01700548827648163, 0.03223542869091034, 0.044626716524362564, 0.038844987750053406, -0.011163497343659401, -0.06418120861053467, -0.03908536583185196, -0.037150513380765915, 0.0040566879324615, -0.01951592229306698, -0.012795946560800076, -0.0902731642127037, -0.05393875390291214, -0.07439954578876495, 0.00043564423685893416, 0.009098472073674202, -0.022576171904802322, -0.055270031094551086, 0.04083079472184181, 0.034058500081300735, -0.03375047445297241, 0.06132165715098381, 0.05521831661462784, 0.010208435356616974, 0.029596799984574318, -0.0030044657178223133, -0.0010687472531571984, -0.04512181878089905, -0.03808623179793358, 0.03292258828878403, 0.021457258611917496, -0.09124982357025146, -0.009277530945837498, -0.007687544450163841, 0.0035568883176892996, 0.07748917490243912, 0.10034219920635223, -0.034495387226343155, 0.016964977607131004, -0.03934596851468086, -0.013162506744265556, 0.025203583762049675, 0.02523569017648697, -0.06546536833047867, -0.07245372980833054, 0.0020121366251260042, 0.01812049373984337, -0.044143375009298325, -0.08825225383043289, -0.008993850089609623, 0.039004623889923096, 0.024613553658127785, -0.014629833400249481, -0.03750036284327507, -0.007432198151946068, 0.0611056424677372, -0.04846850410103798, -0.004796115215867758, -0.0322544239461422, -0.0027569346129894257, -0.0034225848503410816, -0.054627206176519394, -0.07044131308794022, -0.07486139982938766, 0.04800797626376152, -0.010081445798277855, 0.06026873365044594, 0.061636194586753845, 0.03787490725517273, 3.6053473358055144e-33, -0.046964190900325775, 0.022086987271904945, -0.09811779856681824, 0.024836651980876923, -0.02768746390938759, -0.010681859217584133, 0.03610168397426605, 0.053548362106084824, -0.017731238156557083, 0.029560543596744537, -0.02222697250545025, -0.028441088274121284, -0.010232263244688511, -0.05001062527298927, 0.08274266868829727, -0.04535555839538574, 0.0243625920265913, -0.08858826756477356, 0.08251937478780746, -0.023366654291749, -0.01686803251504898, -0.07721220701932907, 0.014451282098889351, 0.02761361561715603, 0.07079983502626419, 0.02762993983924389, 0.03550461679697037, 0.016384607180953026, 0.05552292242646217, 0.02640528976917267, 0.0075107174925506115, -0.036967359483242035, 0.09049071371555328, -0.05597098544239998, -0.06483834236860275, -0.06893394142389297, -0.047530289739370346, -0.08259867876768112, 0.02592150866985321, 0.0015300927916541696, 0.005032505374401808, 0.01999702863395214, -0.08398185670375824, -0.022849438712000847, 0.027860213071107864, -0.0004137636860832572, 0.020547179505228996, 0.03308179974555969, -0.06931266188621521, 0.046525053679943085, -0.01204661000519991, -0.012645666487514973, 0.02200057916343212, -0.009626676328480244, 0.06305468082427979, -0.04992835596203804, -0.017731988802552223, 0.06054656580090523, 0.02231004275381565, 0.09626218676567078, -0.03577727451920509, 0.0018780981190502644, 0.06389565765857697, -0.020577751100063324, 0.10095705091953278, -0.014962607994675636, -0.019656287506222725, -0.005336086731404066, 0.013871701434254646, -0.05091243237257004, 0.05556124821305275, -0.03640471771359444, 0.052995823323726654, 0.001182706211693585, 0.035669077187776566, -0.04287755489349365, -0.04336259141564369, 0.04829687252640724, -0.07169094681739807, 0.08822457492351532, 0.0071807727217674255, 0.04344189167022705, -0.030643153935670853, 0.03054778277873993, 0.04602527618408203, -0.08097635209560394, -0.04967423155903816, 0.056081004440784454, -0.08815237134695053, 0.06936141848564148, 0.015320776961743832, -0.06635438650846481, 0.014196233823895454, 0.025431325659155846, -0.0034361621364951134, -2.64890396953606e-33, 0.02497677318751812, 0.007332132663577795, -0.06781941652297974, 0.029276786372065544, 0.01788870431482792, -0.029879271984100342, -0.002138587413355708, -0.01580706238746643, -0.04654668644070625, 0.101805679500103, -0.0012093965196982026, -0.0842493325471878, -0.036237142980098724, 0.014710919931530952, 0.06727726757526398, -0.04125330597162247, 0.010702676139771938, -0.07378372550010681, -0.0070206341333687305, 0.010120740160346031, 0.06889953464269638, 0.0005043514538556337, -0.03352539986371994, -0.10518993437290192, 0.0038443077355623245, -0.01758386567234993, -0.06938043236732483, 0.08023086190223694, 0.0011851782910525799, -0.002113927621394396, -0.1252313256263733, -0.01497919112443924, 0.008615165017545223, 0.018940910696983337, 0.01556408405303955, -0.0422692708671093, 0.056721221655607224, 0.019471993669867516, -0.01902134343981743, -0.03689687326550484, 0.07347846031188965, -0.006951488554477692, -0.05611031502485275, 0.039928216487169266, -0.004119688645005226, -0.026662269607186317, -0.0645224004983902, 0.018702851608395576, -0.03775852918624878, 0.019398273900151253, 0.024894852191209793, -0.017559446394443512, 0.026838790625333786, -0.011315468698740005, 0.05699446052312851, 0.007623352110385895, 0.04687458649277687, 0.050227779895067215, -0.1650136560201645, 0.011253702454268932, 0.03654780611395836, -0.12761087715625763, 0.10126449167728424, 0.12188900262117386, 0.05609077215194702, 0.15079011023044586, 0.038690436631441116, 0.021484391763806343, 0.10172542184591293, 0.02841763384640217, 0.05161925032734871, 0.003554852679371834, 0.03940453380346298, -0.040919844061136246, 0.00017155865498352796, 0.08840861916542053, -0.020844146609306335, 0.02262926660478115, 0.00834917277097702, -0.03666796535253525, -0.05483100935816765, 0.047850608825683594, 0.012549972161650658, -0.04349217563867569, 0.06798574328422546, 0.04065966606140137, -0.012149292044341564, 0.039077334105968475, 0.06625865399837494, 0.005306127015501261, 0.026038987562060356, -0.04719862714409828, 0.10142955183982849, 0.0035425627138465643, -0.026308318600058556, -5.2818936779885917e-08, -0.10461731255054474, -0.00589335011318326, 0.002602150198072195, -0.073692686855793, -0.00046717803343199193, 0.03723365068435669, 0.057095348834991455, -0.12623009085655212, 0.07860296964645386, 0.014356507919728756, -0.02788364887237549, -0.02875135838985443, -0.004464670084416866, -0.036855548620224, 0.056580714881420135, -0.01372312381863594, 0.006171023473143578, -0.05487510934472084, 0.03043484315276146, 0.04863258823752403, 0.08964462578296661, -0.048210401087999344, -0.05887949839234352, 0.07976704835891724, 0.07258301228284836, 0.003266761312261224, -0.037784770131111145, 0.039899468421936035, 0.05471672862768173, -0.009380984120070934, -0.04814348742365837, -0.09090590476989746, 0.04779839515686035, 0.12155068665742874, -0.05352840945124626, -0.09537415951490402, -0.01808282546699047, -0.019867081195116043, 0.029721183702349663, 0.0010415184078738093, 0.010909240692853928, -0.07932338118553162, -0.014060644432902336, 0.0013127591228112578, 0.02468179166316986, 0.01748386211693287, -0.03115367703139782, -0.04293159022927284, 0.025536250323057175, 0.021733997389674187, -0.07364369928836823, -0.0037307972088456154, 0.02332243137061596, -0.006247363984584808, -0.01335575245320797, -0.02881292998790741, 0.10259851068258286, -0.10178632289171219, 0.02139759063720703, 0.052515849471092224, -0.01540741790086031, 0.05666958913207054, -0.11786148697137833, 0.023549625650048256]"
Wireless_Network_Design_for_Control_Systems_A_Survey.pdf,"978 IEEE COMMUNICATIONS SURVEYS & TUTORIALS, VOL. 20, NO. 2, SECOND QUARTER 2018
Wireless Network Design for Control
Systems: A Survey
Pangun Park , Sinem Coleri Ergen, Carlo Fischione, Chenyang Lu, Fellow, IEEE ,
and Karl Henrik Johansson, Fellow, IEEE
Abstract —Wireless networked control systems (WNCSs) are
composed of spatially distributed sensors, actuators, and con-trollers communicating through wireless networks instead ofconventional point-to-point wired connections. Due to their mainbeneﬁts in the reduction of deployment and maintenance costs,large ﬂexibility and possible enhancement of safety, WNCS arebecoming a fundamental infrastructure technology for criticalcontrol systems in automotive electrical systems, avionics controlsystems, building management systems, and industrial automa-tion systems. The main challenge in WNCS is to jointly designthe communication and control systems considering their tightinteraction to improve the control performance and the network
lifetime. In this survey, we make an exhaustive review of the lit-
erature on wireless network design and optimization for WNCS.First, we discuss what we call the critical interactive variablesincluding sampling period, message delay, message dropout, andnetwork energy consumption. The mutual effects of these com-munication and control variables motivate their joint tuning.We discuss the analysis and design of control systems takinginto account the effect of the interactive variables on the con-trol system performance. Moreover, we discuss the effect ofcontrollable wireless network parameters at all layers of thecommunication protocols on the probability distribution of theseinteractive variables. We also review the current wireless networkstandardization for WNCS and their corresponding methodol-ogy for adapting the network parameters. Finally, we presentthe state-of-the-art wireless network design and optimization forWNCS, while highlighting the tradeoff between the achievable
Manuscript received March 10, 2017; revised August 3, 2017 and
October 10, 2017; accepted November 29, 2017. Date of publicationDecember 6, 2017; date of current version May 22, 2018. The work ofP. Park was supported by the Basic Research Laboratory of the National
Research Foundation through the Korean Government under Grant NRF-
2017R1A4A1015744 and Grant NRF-2016R1C1B1008049. The work ofS. C. Ergen was supported by the Turkish Academy of Sciences within the
Young Scientist Award Program. The work of C. Fischione was supported by
the SRA TNG ICT Project TOUCHES. The work of C. Lu was supported inpart by NSF under Grant 1320921 (NeTS) and Grant 1646579 (CPS), and inpart by the Fullgraf Foundation. The work of K. H. Johansson was supported
in part by Knut and Alice Wallenberg Foundation, in part by the Swedish
Foundation for Strategic Research, and in part by the Swedish ResearchCouncil. (Pangun Park and Sinem Coleri Ergen contributed equally to this
work.) (Corresponding author: Pangun Park.)
P. Park is with the Department of Radio and Information Communications
Engineering, Chungnam National University, Daejeon 305-764, South Korea(e-mail: pgpark@cnu.ac.kr).
S. C. Ergen is with the Department of Electrical and Electronics
Engineering, Koc University, 34450 Istanbul, Turkey (e-mail:
sergen@ku.edu.tr).
C. Fischione and K. H. Johansson are with the ACCESS Linnaeus
Center, School of Electrical Engineering, Royal Institute of Technology,
10044 Stockholm, Sweden (e-mail: carloﬁ@kth.se; kallej@kth.se).
C. Lu is with the Department of Computer Science and Engineering,
Washington University in St. Louis, St. Louis, MO 63130 USA (e-mail:
lu@cse.wustl.edu).
Digital Object Identiﬁer 10.1109/COMST.2017.2780114performance and complexity of various approaches. We conclude
the survey by highlighting major research issues and identifyingfuture research directions.
Index Terms —Wireless networked control systems, wireless
sensor and actuator networks, joint design, delay, reliability,sampling rate, network lifetime, optimization.
I. I NTRODUCTION
RECENT advances in wireless networking, sensing, com-
puting, and control are revolutionizing how control
systems interact with information and physical processes such
as Cyber-Physical Systems (CPS), Internet of Things (IoT),
and Tactile Internet [ 1]–[3]. In Wireless Networked Control
Systems (WNCS), sensor nodes attached to the physical plant
sample and transmit their measurements to the controller overa wireless channel; controllers compute control commands
based on these sensor data, which are then forwarded to the
actuators in order to inﬂuence the dynamics of the physicalplant [ 4], [5]. In particular, WNCS are strongly related to CPS
and Tactile Internet since these emerging techniques deal with
the real-time control of physical systems over the networks.There is a strong technology push behind WNCS through
the rise of embedded computing, wireless networks, advanced
control, and cloud computing as well as a pull from emergingapplications in automotive [ 6], [7], avionics [ 8], building man-
agement [ 9], and industrial automation [ 10], [11]. For example,
WNCS play a key role in Industry 4.0 [ 12]. The ease of
installation and maintenance, large ﬂexibility, and increased
safety make WNCS a fundamental infrastructure technol-
ogy for safety-critical control systems. WNCS applications
have been backed up by several international organizations
such as Wireless Avionics Intra-Communications Alliance [ 8],
ZigBee Alliance [ 13], Z-wave Alliance [ 14], International
Society of Automation [ 15], Highway Addressable Remote
Transducer communication foundation [ 16], and Wireless
Industrial Networking Alliance [ 17].
WNCS require novel design mechanisms to address the
interaction between control and wireless systems for maxi-mum overall system performance and efﬁciency. Conventional
control system design is based on the assumption of instan-
taneous delivery of sensor data and control commands withextremely high reliabilities. The usage of wireless networks
in the data transmission introduces non-zero delay and mes-
sage error probability at all times. Transmission failures ordeadline misses may result in the degradation of the control
system performance, and even more serious economic losses
1553-877X c/circlecopyrt2017 IEEE. Personal use is permitted, but republication/redistribution requires IEEE permission.
See http://www.ieee.org/publications_standards/publications/rights/index.html for more information.
Authorized licensed use limited to: Ryerson University Library. Downloaded on June 10,2025 at 17:52:11 UTC from IEEE Xplore.  Restrictions apply. 
PARK et al. : WIRELESS NETWORK DESIGN FOR CONTROL SYSTEMS: SURVEY 979
Fig. 1. Control cost of a WNCS using IEEE 802.15.4 protocol for various
sampling periods, message delays and message loss probabilities.
or reduced human safety. Hence, control system design needs
to include mechanisms to tolerate message loss and delay. On
the other hand, wireless network design needs to consider the
strict delay and reliability constraints of control systems. Thedata transmissions should be sufﬁciently reliable and deter-
ministic with the latency on the order of seconds, or even
milliseconds, depending on the time constraints of the closed-loop system [ 10], [11]. Furthermore, removing cables for the
data communication of sensors and actuators motivates the
removal of the power supply to these nodes to achieve fullﬂexibility. The limited stored battery or harvested energy of
these components brings additional limitation on the energy
consumption of the wireless network [ 18]–[20].
The interaction between wireless networks and control
systems can be illustrated by an example. A WNCS connects
sensors attached to a plant to a controller via the single-hop
wireless networking protocol IEEE 802.15.4. Fig. 1shows the
control cost of the WNCS using the IEEE 802.15.4 protocolfor different sampling periods, message delays and message
loss probabilities [ 21]. The quadratic control cost is deﬁned
as a sum of the deviations of the plant state from its desiredsetpoint and the magnitude of the control input. The maxi-
mum allowable control cost is set to 6. The transparent regionindicates that the maximum allowable control cost or network
requirements are not feasible. For instance, the control costwould be minimized when there is no message loss and no
delay, but this point is infeasible since these requirements can-
not be met by the IEEE 802.15.4 protocol. The control costgenerally increases as the message loss probability, message
delay, and sampling period increase. Since short sampling peri-
ods increase the trafﬁc load, the message loss probability, andthe message delay are then closer to their critical values, above
which the system is unstable [ 22]. Hence, the area and shape
of the feasible region signiﬁcantly depends on the networkperformance. Determining the optimal parameters for mini-
mum network cost while achieving feasibility is not trivial
because of the complex interdependence of the control and
communication systems.
Recently, Lower-Power Wide-Area Network (LPWAN) such
as Long-Range WAN (LoRa) [ 23] and NarrowBand IoT (NB-
IoT) [ 24] are developed to enable IoT connections over
long-ranges (10–15 km). Even though some related worksof WNCS are applicable for LPWAN-based control applica-
tions such as Smart Grid [ 25], Smart Transportation [ 26], and
Remote Healthcare [ 27], this survey focuses on wireless control
systems based on Low-Power Wireless Personal Area Networks
(LoWPAN) with short-range radios and their applications. Some
recent excellent surveys exist on wireless networks, particularlyfor industrial automation [ 28]–[30]. Speciﬁcally, [ 28]d i s -
cusses the general requirements and representative protocols of
Wireless Sensor Networks (WSNs) for industrial applications.Reference [ 29] compares popular industrial WSN standards in
terms of architecture and design. Reference [ 30] mainly elab-
orates on real-time scheduling algorithms and protocols for
WirelessHART networks, experimentation and joint wireless-
control design approaches for industrial automation. While [ 30]
focused on WirelessHART networks and their control applica-
tions, this article provides a comprehensive survey of the design
space of wireless networks for control systems and the potentialsynergy and interaction between control and communication
designs. Speciﬁcally, our survey touches on the importance of
interactions between recent advanced works of NCS and WSN,as well as different approaches of wireless network design and
optimization for various WNCS applications.
The goal of this survey is to unveil and address the
requirements and challenges associated with wireless network
design for WNCS and present a review of recent advances
in novel design approaches, optimizations, algorithms, andprotocols for effectively developing WNCS. The section
structure and relations are illustrated in Fig. 2. Section II
introduces some inspiring applications of WNCS in automo-tive electronics, avionics, building automation, and industrial
automation. Section IIIdescribes WNCS where multiple plants
are remotely controlled over a wireless network. Section IV
presents the critical interactive variables of communication and
control systems, including sampling period, message delay,
message dropout, and energy consumption. Section Vthen
provides an overview of recent control design methods incor-
porating the interactive variables. Section VIintroduces basic
wireless network standardization and key network parameters
at various protocol layers useful to tune the distribution of
Authorized licensed use limited to: Ryerson University Library. Downloaded on June 10,2025 at 17:52:11 UTC from IEEE Xplore.  Restrictions apply. 
980 IEEE COMMUNICATIONS SURVEYS & TUTORIALS, VOL. 20, NO. 2, SECOND QUARTER 2018
Fig. 2. Main section structure and relations.
the critical interactive variables. Section VIIpresents various
optimization techniques for wireless networks integrating thecontrol systems. We classify the design approaches into two
categories based on the degree of the integration: interactive
designs and joint designs. In the interactive design, the wirelessnetwork parameters are tuned to satisfy given requirements of
the control system. In the joint design, the wireless network
and control system parameters are jointly optimized consid-ering the tradeoff between their performances. Section VIII
describes three experimental testbeds of WNCS. We conclude
this article by highlighting promising research directions inSection IX.
II. M
OTIV ATING APPLICATIONS
This section explores some inspiring applications of WNCS.
A. Intra-Vehicle Wireless Network
In-vehicle wireless networks have been recently proposed
with the goal of reducing manufacturing and maintenance costof a large amount of wiring harnesses within vehicles [ 6], [7].
The wiring harnesses used for the transmission of data and
power delivery within the current vehicle architecture may
have up to 4 000 parts, weigh as much as 40 kg and contain
up to 4 km of wiring. Eliminating these wires would addition-ally have the potential to improve fuel efﬁciency, greenhouse
gas emission, and spur innovation by providing an open
architecture to accommodate new systems and applications.
An intra-vehicular wireless network consists of a cen-
tral control unit, a battery, electronic control units, wirelesssensors, and wireless actuators. Wireless sensor nodes send
their data to the corresponding electronic control unit whilescavenging energy from either one of the electronic con-
trol units or energy scavenging devices attached directly to
them. Actuators receive their commands from the correspond-ing electronic control unit, and power from electronic control
units or an energy scavenging device. The reason for incorpo-
rating energy scavenging into the envisioned architecture is toeliminate the lifetime limitation of ﬁxed storage batteries.
The applications that can exploit a wireless architecture fall
into one of three categories: powertrain, chassis, and body.Powertrain applications use automotive sensors in engine,
transmission, and onboard diagnostics for control of vehicle
energy use, driveability, and performance. Chassis applications
control vehicle handling and safety in steering, suspension,
braking, and stability elements of the vehicle. Body applica-tions include sensors mainly used for vehicle occupant needs
such as occupant safety, security, comfort, convenience, and
information. The ﬁrst intra-vehicle wireless network applica-tions are the Tire Pressure Monitoring System (TPMS) [ 31]
and Intelligent Tire [ 32]. TPMS is based on the wireless trans-
mission of tire pressure data from the in-tire sensors to thevehicle body. It is currently being integrated into all new
cars in both U.S.A and Europe. Intelligent Tire is based on
the placement of wireless sensors inside the tire to trans-fer accelerometer data to the coordination nodes in the body
of the car with the goal of improving the performance of
active safety systems. Since accelerometer data are generatedat much higher rate than the pressure data and batteries cannot
be placed within the tire, Intelligent Tire contains an ultra-
low power wireless communication system powered by energy
scavenging technology, which is now being commercialized by
Pirelli [ 33].
B. Wireless Avionics Intra-Communication
Wireless Avionics Intra-Communications (WAIC) have a
tremendous potential to improve an aircraft’s performance
through more cost-effective ﬂight operations, reduction inoverall weight and maintenance costs, and enhancement of the
safety [ 8]. Currently, the cable harness provides the connection
between sensors and their corresponding control units to sam-ple and process sensor information, and then among multiple
control units over a backbone network for the safety-critical
ﬂight control [ 8], [34]. Due to the high demands on safety
and efﬁciency, the modern aircraft relies on a large wired
sensor and actuator networks that consist of more than 5 000
devices. Wiring harness usually represents 2–5% of an air-craft’s weight. For instance, the wiring harness of the Airbus
A350-900 weights 23 000 kg [ 35].
The WAIC alliance considers wireless sensors of avion-
ics located at various locations both within and outside the
aircraft. The sensors are used to monitor the health of the air-craft structure, e.g., smoke sensors and ice detectors, and its
critical systems, e.g., engine sensors and landing gear sen-
sors. The sensor information is communicated to a centralonboard entity. Potential WAIC applications are categorized
into two broad classes according to application data rate
Authorized licensed use limited to: Ryerson University Library. Downloaded on June 10,2025 at 17:52:11 UTC from IEEE Xplore.  Restrictions apply. 
PARK et al. : WIRELESS NETWORK DESIGN FOR CONTROL SYSTEMS: SURVEY 981
requirements [ 36]. Low and high data rate applications have
data rates less than and above 10 kbit/s, respectively.
At the World Radio Conference 2015, the International
Telecommunication Union voted to grant the frequency band
4.2–4.4 GHz for WAIC systems to allow the replacement ofthe heavy wiring used in aircraft [ 37]. The WAIC alliance is
dedicating efforts to the performance analysis of the assigned
frequency band and the design of the wireless networks foravionics control systems [ 8]. Space shuttles and international
space stations have already been using commercially available
wireless solutions such as EWB MicroTAU and UltraWIS ofInvocon [ 38].
C. Building Automation
Wireless network based building automation provides sig-
niﬁcant savings in installation cost, allowing a large retroﬁtmarket to be addressed as well as new constructions. Building
automation aims to achieve optimal level occupant comfort
while minimizing energy usage [ 39]. These control systems
are the integrative component to fans, pumps, heating/cooling
equipment, dampers, and thermostats. The modern building
control systems require a wide variety of sensing capabilities
in order to control temperature, pressure, humidity, and ﬂow
rates. The European environment agency [ 40], [41] shows that
the electricity and water consumption of buildings are about
30% and 43% of the total resource consumptions, respec-
tively. An On World survey [ 42] reports that 59% of 600 early
adopters in ﬁve continents are interested in new technologies
that will help them better manage their energy consumption,
and 81% are willing to pay for energy management equipmentif they could save up to 30% on their energy bill for smart
energy home applications.
An example of energy management systems using WSNs is
the intelligent building ventilation control described in [ 9]. An
underﬂoor air distribution indoor climate regulation process is
set with the injection of a fresh airﬂow from the ﬂoor andan exhaust located at the ceiling level. The considered system
is composed of ventilated rooms, fans, plenums, and wireless
sensors. A well-designed underﬂoor air distribution systems
can reduce the energy consumption of buildings while improv-
ing the thermal comfort, ventilation efﬁciency and indoor airquality by using the low-cost WSNs.
D. Industrial Automation
Wireless sensor and actuator network (WSAN) is an
effective smart infrastructure for process control and
factory automation [ 11], [43], [44]. Emerson Process
Management [ 45] estimates that WSNs enable cost savings
of up to 90% compared to the deployment cost of wired
ﬁeld devices in the industrial automation domain. In indus-
trial process control, the product is processed in a continuous
manner (e.g., oil, gas, chemicals). In factory automation ordiscrete manufacturing, instead, the products are processed in
discrete steps with the individual elements (e.g., cars, drugs,
food). Industrial wireless sensors typically report the stateof a fuse, heating, ventilation, or vibration levels on pumps.
Since the discrete product of the factory automation requiresFig. 3. Overview of the considered NCS setup. Multiple plants are controlled
by multiple controllers. A wireless network closes the loop from sensor tocontroller and from controller to actuator. The network includes not only nodesattached to the plant or controller, but also relay nodes.
sophisticated operations of robot and belt conveyors at high
speed, the sampling rates and real-time requirements are often
stricter than those of process automation. Furthermore, many
industrial automation applications might in the future require
battery-operated networks of hundreds of sensors and actuators
communicating with access points.
According to TechNavio [ 46], WSN solutions in indus-
trial control applications is one of the major emerging
industrial trends. Many wireless networking standards havebeen proposed for industrial processes, e.g., WirelessHART
by ABB, Emerson, and Siemens and ISA 100.11a by
Honeywell [ 47]. Some industrial wireless solutions are also
commercially available and deployed such as Tropos of ABB
and Smart Wireless of Emerson.
III. W
IRELESS NETWORKED CONTROL SYSTEMS
Fig. 3depicts the generalized closed-loop diagram of
WNCS where multiple plants are remotely controlled overa wireless network [ 48]. The wireless network includes sen-
sors and actuators attached to the plants, controllers, and relay
nodes. A plant is a continuous-time physical system to be con-trolled. The inputs and outputs of the plant are continuous-time
signals. Outputs of plant iare sampled at periodic or aperiodic
intervals by the wireless sensors. Each packet associated to thestate of the plant is transmitted to the controller over a wire-
less network. When the controller receives the measurements,
it computes the control command. The control commandsare then sent to the actuator attached to the plant. Hence,
the closed-loop system contains both a continuous-time and
a sampled-data component. Since both sensor–controller andcontroller–actuator channels use a wireless network, general
WNCS of Fig. 3is also called two-channel feedback NCS [ 48].
For the vast majority of control applications, most of the
trafﬁc over the wireless network consists of real-time sensor
data from sensor nodes towards one or more controllers. Thecontroller either sits on the backbone or is reachable via one or
more backbone access points. Therefore, data ﬂows between
sensor nodes and controllers are not necessarily symmetricin WNCS. Furthermore, multiple sensors attached to a single
plant may independently transmit their measurements to the
Authorized licensed use limited to: Ryerson University Library. Downloaded on June 10,2025 at 17:52:11 UTC from IEEE Xplore.  Restrictions apply. 
982 IEEE COMMUNICATIONS SURVEYS & TUTORIALS, VOL. 20, NO. 2, SECOND QUARTER 2018
controller [ 49]. The system scenario is quite general, as it
applies to any interconnection between a plant and a controller.
The objective of the feedback control system is to ensure
that the closed-loop system has desirable dynamic and steady-
state response characteristics, and that it is able to efﬁ-ciently attenuate disturbances and handle network delays and
loss. Generally, the closed-loop system should satisfy vari-
ous design objectives: stability, fast and smooth responses toset-point changes, elimination of steady-state errors, avoid-
ance of excessive control actions, and a satisfactory degree of
robustness to process variations and model uncertainty [ 50].
In particular, the stability of a control system is an extremely
important requirement. Most NCS design methods consider
subsets of these requirements to synthesize the estimator and
the controller. Next, we brieﬂy introduce some fundamental
aspects of modeling, stability, control cost, and controller andestimator design for NCSs.
1) NCS Modeling: NCSs can be modeled using three main
approaches, namely, the discrete-time approach, the sampled-data approach, and the continuous-time approach, depen-
dent on the controller and the plant [ 51]. The discrete-time
approach considers discrete-time controllers and a discrete-time plant model. The discrete-time representation leads often
to an uncertain discrete-time system in which the uncertainties
appear in the matrix exponential form due to discretization.Typically, this approach is applied to NCS with linear plants
and controllers since in that case exact discrete-time models
can be derived.
Secondly, the sampled-data approach considers discrete-
time controllers but for a continuous-time model that describes
the sampled-data NCS dynamics without exploiting any form
of discretization [ 52]. Delay-differential equations can be used
to model the sampled-data dynamics. This approach is able todeal simultaneously with time-varying delays and time-varying
sampling intervals.
Finally, the continuous-time approach designs a continuous-
time controller to stabilize a continuous-time plant model. The
continuous-time controller then needs to be approximated by
a representation suitable for computer implementation [ 50],
whereas typical WNCS consider the discrete-time controller.
We will discuss more details of the analysis and design of
WNCS to deal with the network effects in Section V.
2) Stability: Stability is a base requirement for controller
design. We brieﬂy describe two fundamental notions of stabil-
ity, namely, input-output stability and internal stability [ 53].
While the input-output stability is the ability of the system to
produce a bounded output for any bounded input, the internal
stability is the system ability to return to equilibrium after aperturbation. For linear systems, these two notions are closely
related, but for nonlinear system they are not the same.
Input-output stability concerns the forced response of
the system for a bounded input. A system is deﬁned to
beBounded-Input-Bounded-Output (BIBO) stable if every
bounded input to the system results in a bounded output. If
for any bounded input the output is not bounded the system
is said to be unstable .
Internal stability is based on the magnitude of the system
response in steady state. If the steady-state response isunbounded, the system is said to be unstable . A system is
said to be asymptotically stable if its response to any ini-
tial conditions decays to zero asymptotically in the steady
state. A system is deﬁned to be exponentially stable if the
system response in addition decays exponentially towards zero.The faster convergence often means better performance. In
fact, many NCS researches analyze exponential stability condi-
tions [ 54], [55]. Furthermore, if the response due to the initial
conditions remains bounded but does not decay to zero, the
system is said to be marginally stable . Hence, a system can-
not be both asymptotically stable and marginally stable. Ifa linear system is asymptotically stable, then it is BIBO sta-
ble. However, BIBO stability does not generally imply internal
stability. Internal stability is stronger in some sense, because
BIBO stability can hide unstable internal behaviors, which do
not appear in the output.
3) Control Cost: Besides stability guarantees, typically a
certain closed-loop control performance is desired. The closed-
loop performance of a control system can be quantiﬁed by thecontrol cost as a function of plant state and control inputs [ 53
].
A general regulation control goal is to keep the state error
from the setpoint close to zero, while minimizing the controlactions. Hence, the control cost often consists of two terms,
namely, the deviations of plant state from their desired setpoint
and the magnitude of the control input. A common controllerdesign approach is via a Linear Quadratic control formula-
tion for linear systems and a quadratic cost function [ 56]. The
quadratic control cost is deﬁned as a sum of the quadraticfunctions of the state deviation and the control effort. In such
formulation, the optimal control policy that minimizes the cost
function can be explicitly computed from a Riccati equation.
4) Controller Design: The controller should ensure that the
closed-loop system has desirable dynamic and steady stateresponse characteristics. For NCS, the network delay and
loss may degrade the control performance and even desta-
bilize the system. Some surveys present controller design forNCSs [ 48], [57]. For a historical review, see the survey [ 58].
We brieﬂy describe three representative controllers, namely,
Proportional-Integral-Derivative (PID) controller [ 59], Linear
Quadratic Regulator (LQR) control [ 56], and Model Predictive
Control (MPC) [ 60].
PID control is almost a century old and has remained the
most widely used controller in process control until today [ 59].
One of the main reasons for this controller to be so widely
used is that it can be designed without precise knowledge ofthe plant model. A PID controller calculates an error value
as the difference between a desired setpoint and a measured
plant state. The control signal is a sum of three terms: theP-term (which is proportional to the error), the I-term (which is
proportional to the integral of the error), and the D-term (which
is proportional to the derivative of the error). The controller
parameters are proportional gain, integral time, and derivative
time. The integral, proportional, and derivative part can beinterpreted as control actions based on the past, the present
and the future of the plant state. Several parameter tuning
methods for PID controllers exist [ 59], [61]. Historically, PID
tuning methods require a trial and error process in order to
achieve a desired stability and control performance.
Authorized licensed use limited to: Ryerson University Library. Downloaded on June 10,2025 at 17:52:11 UTC from IEEE Xplore.  Restrictions apply. 
PARK et al. : WIRELESS NETWORK DESIGN FOR CONTROL SYSTEMS: SURVEY 983
The linear quadratic problem is one of the most fundamental
optimal control problems where the objective is to minimizea quadratic cost function subject to plant dynamics described
by a set of linear differential equations [ 56]. The quadratic
cost is a sum of the plant state cost, ﬁnal state cost, and con-trol input cost. The optimal controller is a linear feedback
controller. The LQR algorithm is basically an automated way
to ﬁnd the state-feedback controller. Furthermore, the LQRis an important subproblem of the general Linear Quadratic
Gaussian (LQG) problem. The LQG problem deals with uncer-
tain linear systems disturbed by additive Gaussian noise. Whilethe LQR problem assumes no noise and full state observation,
the LQG problem considers input and measurement noise and
partial state observation.
Finally, MPC solves an optimal linear quadratic con-
trol problems over a receding horizon [ 60]. Hence, the
optimization problem is similar to the controller design
problem of LQR but solved over a moving horizon in order to
handle model uncertainties. In contrast to non-predictive con-trollers, such as a PID or a LQR controller, which compute the
current control action as a function of the current plant state
using the information about the plant from the past, predictivecontrollers compute the control based on the systems pre-
dicted future behaviour [ 62]. MPC tries to optimize the system
behaviour in a receding horizon fashion. It takes control com-mands and sensing measurements to estimate the current and
future state of plant based on the control system model. The
control command is optimized to get the desired plant statebased on a quadratic cost. In practice, there are often hard con-
straints imposed on the state and the control input. Compared
to the PID and LQR control, the MPC framework efﬁciently
handles constraints. Moreover, MPC can handle missing mea-
surements or control commands [ 63], [64], which can appear
in a NCS setting.
5) Estimator Design: Due to network uncertainties, plant
state estimation is a crucial and signiﬁcant research ﬁeldof NCSs [ 22], [48]. An estimator is used to predict the
plant state by using partially received plant measurements.
Moreover, the estimator typically compensates measurementnoise, network delays, and packet losses. This predicted state
is sometimes used in the calculation of the control com-
mand. Kalman ﬁlter is one of the most popular approachesto obtain the estimated plant states for NCS [ 65]. Modiﬁed
Kalman ﬁlters are proposed to deal with different mod-
els of the network delay and loss [ 22], [64], [66], [67].
The state estimation problem is often formulated by proba-
bilistically modeling the uncertainties occurring between the
sensor and the controller [ 22], [65], [66], [68]. However, a
non-probabilistic approach by time-stamping the measurement
packets is proposed in [ 69].
In LQG control, a Kalman ﬁlter is used to estimate the
state from the plant output. The optimal state estimator and
the optimal state feedback controller are combined for theLQG problem. The controller is the linear feedback con-
troller of LQR. The optimal LQG estimator and controller
can be designed separately if the communication protocolsupports the acknowledgement of the packet transmission of
both sensor–controller and controller–actuator channels [ 22].Fig. 4. Timing diagram for closed-loop control over a wireless network with
sampling period, message delay, and message dropouts.
In sharp contrast, the separation principle between estimator
and controller does not hold if the acknowledgement is not
supported [ 70]. Hence, the underlying network operation is
critical in the design of the overall estimator and the controller.
IV . C RITICAL INTERACTIVE SYSTEM VARIABLES
The critical system variables creating interactions between
WNCS control and communication systems are sampling
period, message delay, and message dropout. Fig. 4illus-
trates the timing diagram of the closed-loop control over a
wireless network with sampling period, message delay, and
message dropouts. We distinguish messages of the control
application layer with packets of the communication layer. The
control system generates messages such as the sensor samples
of the sensor–controller channel or the control commands of
the controller–actuator channel. The control system generally
determines the sampling period. The communication protocolsthen convert the message to the packet format and transmit
the packet to the destination. Since the wireless channel is
lossy, the transmitter may have multiple packet retransmissionsassociated to one message depending on the communication
protocol. If all the packet transmissions of the message fail
due to a bursty channel, then the message is considered to belost.
In Fig. 4, the message delay is the time delay between when
the message was generated by the control system at a sensor ora controller and when it is received at the destination. Hence,
the message delay of a successfully received message depends
on the number of packet retransmissions. Furthermore, sincethe routing path or network congestion affects the message
delay, the message arrivals are possibly disordered as shown
in Fig. 4.
The design of the wireless network at multiple protocol lay-
ers determines the probability distribution of message delay
and message dropout. These variables together with the sam-
pling period inﬂuence the stability of the closed-loop NCS
and the energy consumption of the network. Fig. 5presents
the dependences between the critical system variables. Since
WNCS design requires an understanding of the interplay
between communication and control, we discuss the effectof these system variables on both control and communication
system performance.
Authorized licensed use limited to: Ryerson University Library. Downloaded on June 10,2025 at 17:52:11 UTC from IEEE Xplore.  Restrictions apply. 
984 IEEE COMMUNICATIONS SURVEYS & TUTORIALS, VOL. 20, NO. 2, SECOND QUARTER 2018
Fig. 5. Complex interactions between critical system variables. The arrows represent some of the explicit relationships.
Fig. 6. Relationship between Sections IV–VI.
Fig. 6describes the fundamental relationships between
Sections IV–VI. Section Vprovides an overview of recent
control design methods based on the critical interactive vari-
ables of communication and control systems of Section IV.
Section VIthen discusses the effect of controllable wire-
less network parameters at all layers of the communication
protocols on the probability distribution of these interactivevariables. Moreover, we review the current wireless network
standardization for WNCS and their corresponding methodol-
ogy for adapting the network parameters.
A. Sampling Period
1) Control System Aspect: Continuous-time signals of the
plant need to be sampled before they are transmitted through
a wireless network. It is important to note that the choice ofthe sampling should be related to the desired properties of the
closed-loop system such as the response to reference signals,inﬂuence of disturbances, network trafﬁc, and computational
load [ 71]. There are two methods to sample continuous-
time signals in WNCS: time-triggered and event-triggered
sampling [72].
In time-triggered sampling, the next sampling instant occurs
after the elapse of a ﬁxed time interval, regardless of the
plant state. Periodic sampling is widely used in digital control
systems due to the simple analysis and design of such systems.Based on experience and simulations, a common rule for the
selection of the sampling period is to make sure ωhbe in the
range [0 .1,0.6] , where ωis the desired natural frequency of
the closed-loop system and his the sampling period [ 71]. This
implies typically that we are sampling up to 20 samples per
period of the dominating mode of the closed-loop system.
In a traditional digital control system based on point-to-
point wired connections, the smaller the sampling period ischosen, the better the performance is achieved for the con-
trol system [ 73]. However, in wireless networks, the decrease
in sampling period increases the network trafﬁc, which inturn increases the message loss probability and message delay.
Therefore, the decrease in sampling period eventually degrades
the control performance, as illustrated in Fig. 1.
Recently, event-based control schemes such event- and self-
triggered control systems have been proposed, where sensing
and actuating are performed when the system needs atten-tion [ 72]. Hence, the trafﬁc pattern of event- and self-triggered
control systems is asynchronous rather than periodic. In event-
triggered control, the execution of control tasks is determinedby the occurrence of an event rather than the elapse of a ﬁxed
time period as in time-triggered control. Events are triggered
only when stability or a pre-speciﬁed control performance
are about to be lost [ 74]–[76]. Event-triggered control can
signiﬁcantly reduce the trafﬁc load of the network with no
Authorized licensed use limited to: Ryerson University Library. Downloaded on June 10,2025 at 17:52:11 UTC from IEEE Xplore.  Restrictions apply. 
PARK et al. : WIRELESS NETWORK DESIGN FOR CONTROL SYSTEMS: SURVEY 985
or minor control performance degradation since the traf-
ﬁc is generated only if the signal changes by a speciﬁedamount [ 77], [78]. However, since most trigger conditions
depend on the instantaneous state, the plant state is required
to be monitored [ 74], [76]. Self-triggered control has been
proposed to prevent such monitoring [ 75]. In self-triggered
control, an estimation of the next event time instant is made.
The online detection of plant disturbances and correspondingcontrol actions cannot be generated with self-triggered control.
A combination of event- and self-triggered control is therefore
often desirable [ 78], [79].
2) Communication System Aspect: The choice of time-
triggered and event-triggered sampling in the control system
determines the pattern of message generation in the wireless
network. Time-triggered sampling results in regular periodic
message generation at predetermined rate. If random mediumaccess mechanism is used, the increase in network load results
in worse performance in the other critical interactive system
variables, i.e., message delay, message dropout, and energyconsumption [ 80]. The increase in control system performance
with higher sampling rates, therefore, does not hold due to
these network effects. On the other hand, the predeterminednature of packet transmissions in time-triggered sampling
allows explicit scheduling of sensor node transmissions before-
hand, reducing the message loss and delay caused by randommedium access [ 81], [82]. A scheduled access mechanism can
predetermine the transmission time of all the components such
that additional nodes have minimal effect on the transmissionof existing nodes [ 6], [83]. When the transmission of the peri-
odically transmitting nodes are distributed uniformly over time
rather than being allocated immediately as they arrive, addi-
tional nodes may be allocated without causing any jitter in
their periodic allocation.
The optimal choice of medium access control mechanism
is not trivial for event-triggered control [ 78], [84]. The overall
performance of event-triggered control systems signiﬁcantlydepends on the plant dynamics and the number of control
loops. The random access mechanism is a good alternative if
a large number of slow dynamical plants share the wirelessnetwork. In this case, the scheduled access mechanism may
result in signiﬁcant delay between the triggering of an event
and a transmission in its assigned slot due to the large numberof control loops. However, most time slots are not utilized
since the trafﬁc load is low for slow plants. On the other hand,
the scheduled access mechanism performs well when a smallnumber of the fast plants is controlled by the event-triggered
control algorithm. Contention-based random access generally
degrades the reliability and delay performance for the hightrafﬁc load of fast plants. When there are packet losses in
the random access scheme, the event-triggered control further
increases the trafﬁc load, which may eventually incur stability
problems [ 84].
The possible event-time prediction of self-triggered control
alleviates the high network load problem of time-triggered
sampling and random message generation nature of event-
triggered sampling by predicting the evolution of the triggeringthreshold crossings of the plant state [ 72]. The prediction
allows the explicit scheduling of sensor node transmissions,eliminating the high message delays and losses of random
medium access. Most existing works of event-triggered andself-triggered control assume that message dropouts and mes-
sage disorders do not occur. This assumption is not practical
when the packets of messages are transmitted through a wire-less network. Dealing with message dropouts and message
disorders in these control schemes is challenging for both the
wireless network and the control system.
B. Message Delay
1) Control System Aspect: There are mainly two kinds
of message delays of NCSs: sensor–controller delay and
controller–actuator delay, as illustrated in Fig. 4. The sensor–
controller delay represents the time interval from the instant
when the physical plant is sampled to the instant when the
controller receives the sampled message; and the controller–actuator delay indicates the time duration from the generation
of the control message at the controller until its reception
at the actuator. The increase in both delays prevents thetimely delivery of the control feedback, which degrades system
performance, as exempliﬁed in Fig. 1. In control theory, these
delays cause phase shifts that limit the control bandwidth andaffect closed-loop stability [ 71
].
Since delays are especially pernicious for closed-loop
systems, some forms of modeling and prediction are essen-tial to overcome their effects. Techniques proposed to over-
come sensor–controller delays use predictive ﬁlters including
Kalman ﬁlter [ 65], [66], [71], [85]. In practice, message delay
can be estimated from time stamped data if the receiving
node is synchronized through the wireless network [ 15], [16].
The control algorithm compensates the measured or pre-
dicted delay unless it is too large [ 85]. Such compensation
is generally impossible for controller–actuator delays. Hence,controller–actuator delays are more critical than the sensor–
controller delays [ 22], [48].
The packet delay variation is another interesting metric since
it signiﬁcantly affects the control performance and causes
possible instability even when the mean delay is small. In
particular, a heavy tail of the delay distribution signiﬁcantlydegrades the stability of the closed-loop system [ 86]. The
amount of degradation depends on the dynamics of the pro-
cess and the distribution of the delay variations. One way toeliminate delay variations is to use a buffer, trading delay for
its variation.
2) Communication System Aspect: Message delay in a
multihop wireless network consists of transmission delay,
access delay, and queueing delay at each hop in the path fromthe source to the destination.
Transmission delay is deﬁned as the time required for the
transmission of the packet. Transmission delay depends on
the amount of data to be transmitted to the destination and
the transmission rate, which depends on the transmit powerof the node itself and its simultaneously active neighbor-
ing nodes. As the transmit power of the node increases, its
own transmission rate increases, decreasing its own transmis-sion delay; while causing more interference to simultaneously
transmitting nodes, increasing their delay. The optimization
Authorized licensed use limited to: Ryerson University Library. Downloaded on June 10,2025 at 17:52:11 UTC from IEEE Xplore.  Restrictions apply. 
986 IEEE COMMUNICATIONS SURVEYS & TUTORIALS, VOL. 20, NO. 2, SECOND QUARTER 2018
of transmission power and rate should take into account this
tradeoff [ 87].
Medium access delay is deﬁned as the time duration
required to start the actual transmission of the packet. Access
delay depends on the choice of medium access control(MAC) protocol. If contention-based random access mech-
anism is used, this delay depends on the network load,
encoding/decoding mechanism used in the transmitter andreceiver, and random access control protocol. As the network
load increases, the access delay increases due to the increase
in either busy sensed channel or failed transmissions. Thereceiver decoding capability determines the number of simul-
taneously active neighboring transmitters. The decoding tech-
nique may be based on interference avoidance, in which only
one packet can be received at a time [ 87]; self-interference can-
cellation, where the node can transmit another packet whilereceiving [ 88]; or interference cancellation, where the node
may receive multiple packets simultaneously and eliminate
interference [ 89]. Similarly, a transmitter may have the capa-
bility to transmit multiple packets simultaneously [ 90]. The
execution of the random access algorithm together with its
parameters also affect the message delay. On the other hand,if schedule-based access is used, the access delay in gen-
eral increases as the network load increases. However, this
effect may be minimized by designing efﬁcient schedulingalgorithms adopting uniform distribution of transmissions via
exploiting the periodic transmission of time-triggered con-
trol [ 6], [83]. Similar to random access, more advanced encod-
ing/decoding capability of the nodes may further decrease this
access delay. Moreover, packet losses over the channel may
require retransmissions, necessitating the repetition of medium
access and transmission delay over time. This further increases
message delay, as illustrated in Fig. 4.
Queueing delay depends on the message generation rate at
the nodes and amount of data they are relaying in the multihop
routing path. The message generation and forwarding rate atthe nodes should be kept at an acceptable level so as not to
allow packet build up at the queue. Moreover, scheduling algo-
rithms should consider the multihop forwarding in order tominimize the end-to-end delay from the source to the destina-
tion [ 67], [82], [91]. The destination may observe disordered
messages since the packet associated to the message trav-els several hops with multiple routing paths or experiences
network congestion [ 15], [92].
C. Message Dropout
1) Control System Aspect: Generally, there are two main
reasons for message dropouts, namely, message discard dueto the control algorithm and message loss due to the wireless
network itself. The logical Zero-Order Hold (ZOH) mecha-
nism is one of the most popular and simplest approaches to
discard disordered messages [ 48], [93], [94]. In this mecha-
nism, the latest message is kept and old messages are discardedbased on the time stamp of the messages. However, some alter-
natives are also proposed to utilize the disordered messages in
a ﬁlter bank [ 95], [96]. A message is considered to be lost if
all packet transmissions associated to the message have even-
tually failed. The effect of message dropouts is more criticalthan message delay since it increases the updating interval
with a multiple of the sampling period.
There are mainly two types of dropouts: sensor–controller
message dropouts and controller–actuator message dropouts.
The controller estimates the plant state to compensate possiblemessage dropouts of the sensor–controller channel. Remind
that Kalman ﬁltering is one of the most popular approaches
to estimate the plant state and works well if there is nosigniﬁcant message loss [ 22]. Since the control command
directly affects the plant, controller–actuator dropouts are more
critical than sensor–controller dropouts [ 97], [98]. Many prac-
tical NCSs have several sensor–controller channels whereas
the controllers are collocated with the actuators, e.g., heat,
ventilation and air-conditioning control systems [
99].
NCS literatures often model the message dropout as a
stochastic variable based on different assumptions of themaximum consecutive message dropouts. In particular, sig-
niﬁcant work has been devoted for deriving upper bounds
on the updating interval for which stability can be guaran-teed [ 54], [100], [101]. The upper bounds could be used as
the update deadline over the network as we will discuss in
more detail in Section V. The bursty message dropout is very
critical for control systems since it directly affects the upper
bounds on the updating interval.
2) Communication System Aspect: Data packets may be
lost during their transmissions, due to the susceptibility
of wireless channel to blockage, multipath, doppler shift,
and interference [ 102]. Obstructions between transmitter and
receiver, and their variation over time, cause random variations
in the received signal, called shadow fading. The probabilis-
tic distribution of the shadow fading depends on the number,size, and material of the obstructions in the environment.
Multipath fading, mainly caused by the multipath components
of the transmitted signal reﬂected, diffracted or scattered by
surrounding objects, occurs over shorter time periods or dis-
tances than shadow fading. The multipath components arrivingat the receiver cause constructive and destructive interference,
changing rapidly over distance. Doppler shift due to the rela-
tive motion between the transmitter and the receiver may causethe signal to decorrelate over time or impose lower bound on
the channel error rate. Furthermore, unintentional interference
from the simultaneous transmissions of neighboring nodes andintentional interference in the form of cyber-attacks can disturb
the successful reception of packets as well.
D. Network Energy Consumption
A truly wireless solution for WNCS requires removing
power cables in addition to the data cables to provide full ﬂex-
ibility of installation and maintenance. Therefore, the nodes
need to rely on either battery storage or energy harvesting
techniques. Limiting the energy consumption in the wireless
network prolongs the lifetime of the nodes. If enough energyscavenging can be extracted from natural sources, inductive or
magnetic resonant coupling, or radio frequency, then inﬁnite
lifetime may be achieved [ 103], [104].
Decreasing sampling period, message delay, and message
dropout improves the performance of the control system, but
Authorized licensed use limited to: Ryerson University Library. Downloaded on June 10,2025 at 17:52:11 UTC from IEEE Xplore.  Restrictions apply. 
PARK et al. : WIRELESS NETWORK DESIGN FOR CONTROL SYSTEMS: SURVEY 987
Fig. 7. Subsection structure of Section Vdependent on the critical interactive
system variables of Section IV.
at the cost of higher energy consumption in the communica-
tion system [ 105]. The higher the sampling rate, the greater
the number of packets to be transmitted over the channel.
This increases the energy consumption of the nodes. Moreover,
decreasing message delay requires increasing the transmission
rate or data encoding/decoding capability at the transceivers.This again comes at the cost of increased energy consump-
tion [ 106]. Finally, decreasing message dropout requires either
increasing transmit power to combat fading and interference,or increasing data encoding/decoding capabilities. This again
translates into energy consumption.
V. C
ONTROL SYSTEM ANALYSIS AND DESIGN
This section provides a brief overview of the analysis
and design of control systems to deal with the non-ideal
critical interactive system variables resulting from the wire-less network. The presence of an imperfect wireless network
degrades the performance of the control loop and can even
lead to instability. Therefore, it is important to understand howthese interactive system variables inﬂuence the closed-loop
performance in a quantitative manner. Fig. 7illustrates the
section structure dependent on the critical interactive systemvariables of Section IV.
Control system analysis has two main usages here: require-
ment deﬁnition for the network design and the actual controlalgorithm design. First, since the control cost depends on the
network performance such as message loss and delay, the
explicit set of requirements for the wireless network designare determined to meet a certain control performance. This
allows the optimization of the network design to meet the
given constraints imposed by the control system instead of just
improving the reliability, delay, or energy efﬁciency. Second,
based on the control system analysis, the controller is designedto guarantee the control performance under imperfect network
operation.
Despite the interdependence between the three critical
interactive variables of sampling period, message delay, and
message dropout, as we have discussed in Section IV, muchof the available literature on NCS considers only a subset of
these variables due to the high complexity of the problem.Since any practical wireless network incurs imperfect network
performance, the WNCS designers must carefully consider
the performance feasibility and tradeoffs. Previous studiesin the literature analyze the stability of control systems by
considering either only wireless sensor–controller channel,
e.g., [ 107]–[109] or both sensor–controller and controller–
actuator, e.g., [ 54], [100], and [ 110]–[115].
Hybrid system and Markov jump linear system have been
applied for the modeling and control of NCS under mes-sage dropout and message delay. The hybrid or switched
system approach refers to continuous-time dynamics with (iso-
lated) discrete switching events [ 116]. Mathematically, these
components are usually described by a collection of indexed
differential or difference equations. For NCS, a continuous-time control system can be modelled as the continuous
dynamics and network effects such as message dropouts
and message delays are modelled as the discrete dynam-ics [ 110]–[113], [117]. Compared to switched systems, in
Markov jump linear system the mode switches are governed
by a stochastic process that is statistically independent fromthe state values [ 118]. Markov systems may provide less con-
servative requirements than switched systems. However, the
network performance must support the independent transitionsbetween states. In other words, this technique is effective if the
network performance is statistically independent or modelled
as a simple Markov model.
The above theoretical approaches can be used to derive
network requirements as a function of the sampling period,
message dropout, and message delay. Some network require-
ments are explicitly related to the message dropout and
message delay, such as maximum allowable message dropoutprobability, number of consecutive message dropouts, and
message delay. Furthermore, since various analytical tools only
provide sufﬁcient conditions for closed-loop stability, theirrequirements might be too conservative. In fact, many exist-
ing results are shown to be conservative in simulation studies
and ﬁnding tighter bounds on the network is an area of greatinterest [ 54], [55], [108].
To highlight the importance of the sampling mechanism, we
classify NCS analysis and design methods into time-triggered
sampling andevent-triggered sampling .
A. Time-Triggered Sampling
Time-triggered NCSs can be classiﬁed into two categories
based on the relationship between sampling period and mes-sage delay: hard sampling period andsoft sampling period .
The message delay of hard sampling period is smaller than
the sampling period. The network discards the message if is
not successfully transmitted within its sampling period and
tries to transmit the latest sampled message for the hard
sampling period. On the other hand, the node of the soft sam-
pling period continues to transmit the outdated messages even
after its sampling period. The wireless network design musttake into account which time-triggered sampling method is
implemented.
Authorized licensed use limited to: Ryerson University Library. Downloaded on June 10,2025 at 17:52:11 UTC from IEEE Xplore.  Restrictions apply. 
988 IEEE COMMUNICATIONS SURVEYS & TUTORIALS, VOL. 20, NO. 2, SECOND QUARTER 2018
1) Hard Sampling Period: The message dropouts of NCSs
are generally modelled as stochastic variables with and with-out limited number of consecutive message dropouts. Hence,
we classify hard sampling period into unbounded consecutive
message dropout andbounded consecutive message dropout .
Unbounded Consecutive Message Dropout: When the con-
troller is collocated with the actuators, a Markov jump linear
system can be used to analyze the effect of the messagedropout [ 65], [107], [109], [119]. In [ 107] and [ 109], the mes-
sage dropout is modelled as a Bernoulli random process with
dropout probability p∈[0,1). Under the Bernoulli dropout
model, the system model of the augmented state is a special
case of a discrete-time Markov jump linear system. The matrix
theory is used to show exponential stability of the NCS with
dropout probability p. The stability condition interpreted as a
linear matrix inequality is a useful tool to design the outputfeedback controller as well as requirement derivation of the
maximum allowable probability of message dropouts for the
network design. However, the main results of [ 107] and [ 109]
are hard to apply for wireless network design since they ignore
the message delay for a ﬁxed sampling period. Furthermore,
the link reliability of wireless networks does not follow aBernoulli random process since wireless links are highly
correlated over time and space in practice [ 120], [121].
While the sensor–controller communication is considered
without any delays in [ 107] and [ 109], the sensor–controller
and controller–actuator channels are modelled as two switches
indicating whether the corresponding message is dropped ornot in [ 113]. A discrete-time switched system is used to model
the closed-loop NCS with message dropouts when the mes-
sage delay and sampling period are ﬁxed. By using switched
system theory, sufﬁcient conditions for exponential stability
are presented in terms of nonlinear matrix inequalities. Theproposed methods provide an explicit relation between the
message dropout rate and the stability of the NCS. Such a
quantitative relation enables the design of a state feedback con-troller guaranteeing the stability of the closed-loop NCS under
a certain message dropout rate. The network may assign a ﬁxed
time slot for a single packet associated to the message to guar-antee the constant message delay. However, since this does
not allow any retransmissions, it will signiﬁcantly degrade the
message dropout rate. Another way to achieve constant mes-sage delay may be to buffer the received packet at the sink.
However, this will again degrade the control performance with
higher average delay.
In order to apply the results of [ 107], [109], and [ 113], the
wireless network needs to monitor the message dropout prob-
ability and adapt its operation in order to meet the maximumallowable probability of message dropouts. These results can
further be used to save network resources while preserving the
stability of the NCS by dropping messages at a certain rate.
In fact, most NCS research focuses on the stability analy-
sis and design of the control algorithm rather than explicitderivation of network requirements useful for the wireless
network design. Since the joint design of controller and
wireless networks necessitates the derivation of the requiredmessage dropout probability and message delay to achieve the
desired control cost, [ 122] provides the formulation of thecontrol cost function as a function of the sampling period,
message dropout probability, and message delay. Most NCSresearches use the linear quadratic cost function as the con-
trol objective. The model combines the stochastic models
of the message dropout [ 22] and the message delay [
96].
Furthermore, the estimator and controller are obtained by
extending the results of the optimal stochastic estimator and
controller of [ 22] and [ 96]. Given a control cost, numerical
methods are used to derive a set of the network require-
ments imposed on the sampling period, message dropout, and
message delay. One of the major drawbacks is the high com-putation complexity to quantify the control cost in order to
ﬁnd the feasible region of the network requirements.
Bounded Consecutive Message Dropout: Some NCS lit-
eratures [ 111], [117] assume limited number of consecutive
message dropouts, such hard requirements are unreasonablefor wireless networks where the packet loss probability is
greater than zero at any point in time. Hence, some other
approaches [ 15], [123], [124] set stochastic constraints on the
maximum allowable number of consecutive message dropouts.
Control theory provides deterministic bounds on the
maximum allowable number of consecutive messagedropouts [ 111], [117]. In [ 117], a switched linear system
is used to model NCSs with constant message delay and
arbitrary but ﬁnite message dropout over the sensor–controllerchannel. The message dropout is said to be arbitrary if the
sampling sequence of the successfully applied actuation
is an arbitrary variable within the maximum number ofconsecutive message dropouts. Based on the stability criterion
of the switched system, a linear matrix inequality is used to
analyze sufﬁcient conditions for stability. Then, the maximum
allowable bound of consecutive message dropouts and the
feedback controllers are derived via the feasible solution of alinear matrix inequality.
A Lyapunov-based characterization of stability is provided
and explicit bounds on the Maximum Allowable TransferInterval (MATI) and the Maximally Allowable Delay (MAD)
are derived to guarantee the control stability of NCSs, by
considering time-varying sampling period and time-varyingmessage delays, in [ 111]. If there are message dropouts for
the time-triggered sampling, its effect is modelled as a time-
varying sampling period from receiver point-of-view. MATI isthe upper bound on the transmission interval for which stabil-
ity can be guaranteed. If the network performance exceeds the
given MATI or MAD, then the stability of the overall systemcould not be guaranteed. The developed results lead to tradeoff
curves between MATI and MAD. These tradeoff curves pro-
vide effective quantitative information to the network designerwhen selecting the requirements to guarantee stability and a
desirable level of control performance.
Many control applications, such as wireless industrial
automation [ 15], air transportation systems [ 123], and
autonomous vehicular systems [ 124], set a stochastic MATI
constraint in the form of keeping the time interval between
subsequent state vector reports above the MATI value with
a predeﬁned probability to guarantee the stability of controlsystems. Stochastic MATI constraint is an efﬁcient abstrac-
tion of the performance of the control systems since it is
Authorized licensed use limited to: Ryerson University Library. Downloaded on June 10,2025 at 17:52:11 UTC from IEEE Xplore.  Restrictions apply. 
PARK et al. : WIRELESS NETWORK DESIGN FOR CONTROL SYSTEMS: SURVEY 989
directly related to the deadline of the real-time scheduling of
the network design [ 97].
2) Soft Sampling Period: Sometimes it is reasonable to
relax the strict assumption on the message delay being smaller
than the sampling period. Some works assume the eventualsuccessful transmission of all messages with various types of
deterministic or stochastic message delays [ 54], [100]. Since
the packet retransmission corresponding to the message isallowed beyond its sampling period, one can consider the
packet loss as a message delay. While the actuating signal
is updated after the message delay of each sampling period ifthe delay is smaller than its sampling period [ 55], [100], the
delays longer than one sampling period may result in more
than one (or none) arriving during a single sampling period. It
makes the derivation of recursive formulas of the augmented
matrix of closed-loop system harder, compared to the hardsampling period case.
To avoid high computation complexity, an alternative
approach deﬁnes slightly different augmented state to use thestability results of switched systems in [ 54]. Even though the
stability criterion deﬁnes the MATI and MAD requirements,
there are fundamental limits of this approach to apply for wire-less networks. The stability results hold if there is no message
dropout for the ﬁxed sampling period and constant message
delay, since the augmented matrix considered is a function ofthe ﬁxed sampling period with the constant message delay.
Hence, the MATI and MAD requirements are only used to set
the ﬁxed sampling period and message delay deadline. On theother hand, the NCS of [ 111] uses the time-varying sampling
and varying message delay to take into account the message
dropout and stochastic message delay. Hence, the MATI and
MAD requirements of [ 111] are more practical control con-
straints than the ones of [ 54] to apply to wireless network
design.
In [115], a stochastic optimal controller is proposed to
compensate long message delays of the sensor–controllerchannel for ﬁxed sampling period. The stochastic delay is
assumed to be bounded with a known probability density
function. Hence, the network manager needs to provide thestochastic delay model by analyzing delay measurements. In
both [ 54] and [ 115], the NCSs assume the eventual successful
transmission of all messages. This approach is only reasonableif MATI is large enough compared to the sampling period to
guarantee the eventual successful transmission of messages
with high probability. However, it is not applicable for fastdynamical system (i.e., small MATI requirement).
While [ 54] and [ 115] do not explicitly consider message
dropouts, [ 108] jointly considers the message dropout and
message delay longer than the ﬁxed sampling period over
the sensor–controller channel. From the derived stability cri-
teria, the controller is designed and the MAD requirement is
determined under a ﬁxed message dropout rate by solving a
set of matrix inequalities. Even though the message dropoutand message delay are considered, the tradeoff between
performance measures is not explicitly derived. However, it
is still possible to obtain tradeoff curves by using numeri-cal methods. The network is allowed to transmit the packet
associated to the message within the MAD. The network alsomonitors the message dropout rate. Stability is guaranteed if
the message dropout rate is lower than its maximum allowablerate. Furthermore, the network may discard outdated mes-
sages to efﬁciently utilize the network resource as long as
the message dropout rate requirement is satisﬁed.
B. Event-Triggered Sampling
Event-triggered control is reactive since it generates sen-
sor measurements and control commands when the plant state
deviates more than a certain threshold from a desired value. On
the other hand, self-triggered control is proactive since it com-
putes the next sampling or actuation instance ahead of currenttime. Event- and self-triggered control have been demonstrated
to signiﬁcantly reduce the network trafﬁc load [ 72], [77].
Motivated by those advantages, a systematic design of event-based implementations of stabilizing feedback control laws
was performed in [ 74].
Event-triggered and self-triggered control systems consist of
two elements, namely, a feedback controller that computes the
control command, and a triggering mechanism that determines
when the control input has to be updated again. The trigger-ing mechanism directly affects the trafﬁc load [ 77]. There are
many proposals for the triggering rule in the event-triggered
literature. Suppose that the state x(t)of the physical plant is
available. One of the traditional objectives of event-triggered
control is to maintain the condition
/bardblx(t)−x(tk)/bardbl≤δ, (1)
where tkdenotes the time instant when the last control task is
executed (the last event time) and δ> 0i sat h r e s h o l d[ 76].
The next event time instant is deﬁned as
tk+1=inf{t>tk|/bardblx(t)−x(tk)/bardbl>δ}. (2)
The sensor of the event-triggered control loop continuously
monitors the current plant state and evaluates the trigger-ing condition. Network trafﬁc is generated if the plant state
deviates by the threshold. The network design problem is
particularly challenging because the wireless network mustsupport the randomly generated trafﬁc. Furthermore, event-
triggered control does not provide high energy efﬁciency since
the node must continuously activate the sensing part of thehardware platform.
Self-triggered control determines its next execution time
based on the previously received data and the triggeringrule [ 75]. Self-triggered control is basically an emulation of
an event-triggered rule, where one considers the model of
the plant and controller to compute the next triggering time.Hence, it is predictive sampling based on the plant models
and controller rules. This approach is generally more con-
servative than the event-triggered approach since it is based
on approximate models and predicted events. The explicit
allocation of network resources based on these predictionsimproves the real-time performance and energy efﬁciency
of the wireless network. However, since event- and self-
triggered control generate fewer messages, the message lossand message delay might seem to be more critical than for
time-triggered control [ 72].
Authorized licensed use limited to: Ryerson University Library. Downloaded on June 10,2025 at 17:52:11 UTC from IEEE Xplore.  Restrictions apply. 
990 IEEE COMMUNICATIONS SURVEYS & TUTORIALS, VOL. 20, NO. 2, SECOND QUARTER 2018
C. Comparison Between Time- and Event-Triggered
Sampling
One of the fundamental issues is to compare the
performance of time-triggered sampling and event-triggered
sampling approaches by using various channel access mecha-
nisms [ 84], [125], [126]. In fact, many event-based control
researches show performance improvement since it often
reduces the network utilization [ 78], [125]. However, recent
works of the event-based control using the random access
show control performance limitations in the case when
there are a large number of control loops [ 84], [126].
Reference [ 125] considers a control system where a number of
time-triggered or event-triggered control loops are closed over
a shared communication network. This research is one of the
inspiring works of WNCS co-design problem, where both the
control policy and network scheduling policy have been takeninto account. The overall target of the framework is to min-
imize the sum of the stationary state variance of the control
loops. A Dirac pulse is applied to achieve the minimum plant
state variance as the control law. The sampling can be either
time-triggered or event-triggered, depending on the MACschemes such as the traditional TDMA, FDMA, and CSMA
schemes. Intuitively, TDMA is used for the time-triggered
sampling, while the event-triggered sampling is applied for
CSMA. Based on the previous work [ 127], the event-triggered
approach is also used for FDMA since the event-triggered sam-pling with a minimum event interval Tperforms better than
the one using the time-triggered sampling with the same time
interval T. Cervin and Henningsson [ 125] assume that once
the MAC protocol gains the network resource, the network is
busy for speciﬁc delay from sensor to actuator, after which the
control command is applied to the plant. The simulation results
show that event-triggered control using CSMA gives the best
performance. Even though the main tradeoffs and conclusionsof the paper are interesting, some assumptions are not real-
istic. In practice, the Dirac pulse controls are unrealistic due
to the capability limit of actuators. For simplicity, the authors
assume that the contention resolution time of CSMA is neg-
ligible compared to the transmission time. This assumption isnot realistic for general wireless channel access schemes such
as IEEE 802.15.4 and IEEE 802.11. Furthermore, the total
bandwidth resource of FDMA is assumed to scale in propor-
tion to the number of plants, such that the transmission delay
from sensor to actuator is inversely proportional to the num-ber of plants. These assumptions are not practical since the
frequency spectrum is a limited resource for general wireless
networks, thus further studies are needed.
While most previous works on event-based control consider
a single control loop or small number of control loops, [ 84]
compares time-triggered control and event-based control for a
NCS consisting of a large number of plants. The pure ALOHA
protocol is used for the event-based control of NCSs. The
authors show that packet losses due to collisions drasticallyreduce the performance of event-based control if packets are
transmitted whenever the event-based control generates an
event. Remark that the instability of the ALOHA networkitself is a well known problem in communications [ 128]. It
turns out that in this setup time-triggered control is superior toevent-based control. The same authors also analyze the trade-
off between delay and loss for event-based control with slottedALOHA [ 126]. They show that the slotted ALOHA signiﬁ-
cantly improve the control cost of the state variance respect to
the one of the pure ALOHA. However, the time-triggered con-trol still performs better. Therefore, it is hard to generalize the
performance comparison between time-triggered sampling and
event-triggered sampling approaches since it really depends onthe network protocol and topology.
VI. W
IRELESS NETWORK
A. Standardization
The most frequently adopted communication standards for
WNCS are IEEE 802.15.4 and IEEE 802.11 with some
enhancements. Particularly, WirelessHART, ISA-100.11a, and
IEEE 802.15.4e are all based on IEEE 802.15.4. Furthermore,
some recent works of IETF consider Internet Protocol ver-
sion 6 (IPv6) over low-power and lossy networks suchas 6LoWPAN, Routing Protocol for Low-Power and Lossy
Networks (RPL), and 6TiSCH, which are all compatible with
IEEE 802.15.4 [ 129]. IEEE 802.15.4 is originally devel-
oped for low-rate, low-power and low-cost Personal Area
Networks (PANs) without any concern on delay and reli-
ability. The standards such as WirelessHART, ISA-100.11aand IEEE 802.15.4e are built on top of the physical layer of
IEEE 802.15.4 with additional Time Division Multiple Access
(TDMA), frequency hopping and multiple path features to pro-vide delay and reliable packet transmission guarantees while
further lowering energy consumption. In this subsection, we
ﬁrst introduce IEEE 802.15.4 and then discuss WirelessHART,ISA-100.11a, IEEE 802.15.4e, and the higher layers of IETF
activities such as 6LoWPAN, RPL, and 6TiSCH.
On the other hand, although the key intentions of the IEEE
802.11 family of Wireless Local Area Network (WLAN) stan-
dards are to provide high throughput and a continuous networkconnection, several extensions have been proposed to support
QoS for wireless industrial communications [ 130], [131]. In
particular, the IEEE 802.11e speciﬁcation amendment intro-duces signiﬁcant enhancements to support the soft real-time
applications. In this subsection, we will describe the funda-
mental operations of basic IEEE 802.11 and IEEE 802.11e.The standards are summarized in Table I.
1) IEEE 802.15.4: IEEE 802.15.4 standard deﬁnes the
physical and MAC layers of the protocol stack [ 132]. A PAN
consists of a PAN coordinator that is responsible of managing
the network and many associated nodes. The standard sup-
ports both star topology, in which all the associated nodesdirectly communicate with the PAN coordinator, and peer-to-
peer topology, where the nodes can communicate with any
neighbouring node while still being managed by the PAN
coordinator.
The physical layer adopts direct sequence spread spectrum,
which is based on spreading the transmitted signal over a large
bandwidth to enable greater resistance to interference. A single
channel between 868 and 868 .6 MHz, 10 channels between
902.0 and 928 .0 MHz, and 16 channels between 2 .4 and
2.4835 GHz are used. The transmission data rate is 250 kbps
Authorized licensed use limited to: Ryerson University Library. Downloaded on June 10,2025 at 17:52:11 UTC from IEEE Xplore.  Restrictions apply. 
PARK et al. : WIRELESS NETWORK DESIGN FOR CONTROL SYSTEMS: SURVEY 991
TABLE I
COMPARISON OF WIRELESS STANDARDS
in the 2 .4 GHz band, 40 kbps in 915 MHz and 20 kbps in
868 MHz band.
The standard deﬁnes two channel access modalities: the bea-
con enabled modality, which uses a slotted CSMA/CA and
the optional Guaranteed Time Slot (GTS) allocation mech-
anism, and a simpler unslotted CSMA/CA without beacons.The communication is organized in temporal windows denoted
superframes.
2) WirelessHART: WirelessHART was released in
September 2007 as the ﬁrst wireless communication standard
for process control applications [ 92]. The standard adopts the
IEEE 802.15.4 physical layer on channels 11–25 at 2 .4 GHz.
TDMA is used to allow the nodes to put their radio in sleepwhen they are not scheduled to transmit or receive a packet
for better energy efﬁciency and eliminate collisions for better
reliability. The slot size of the TDMA is ﬁxed at 10 ms.
To increase the robustness to interference in the harsh indus-
trial environments, channel hopping and channel blacklisting
mechanisms are incorporated into the direct sequence spreadspectrum technique adopted in the IEEE 802.15.4 standard.
Frequency hopping spread spectrum is used to alternate the
channel of transmission on a packet level, i.e., the channel doesnot change during the packet transmission. The frequency hop-
ping pattern is not explicitly deﬁned in the standard but needs
to be determined by the network manager and distributed tothe nodes. Channel blacklisting may also be used to eliminate
the channels containing high interference levels. The network
manager performs the blacklisting based on the quality of
reception at different channels in the network.
WirelessHART deﬁnes two primary routing approaches for
multihop networks: source routing and graph routing. Source
routing provides a single route of each ﬂow, while graph
routing provides multiple redundant routes [ 133]. Since the
source routing approach only establishes a ﬁxed single path
between source and destination, any link or node failure dis-
turbs the end-to-end communication. For this reason, sourcerouting is mostly used for network diagnostics purposes to
test the end-to-end connection. Multiple redundant routes in
the graph routing provide signiﬁcant improvement over sourcerouting in terms of the routing reliability. The routing paths
are determined by the network manager based on the periodic
reports received from the nodes including the historical andinstantaneous quality of the wireless links.
3) ISA-100.11a: ISA-100.11a standard was released in
September 2009 with many similar features to WirelessHARTbut providing more ﬂexibility and adaptivity [ 15]. Similar to
WirelessHART, the standard adopts the IEEE 802.15.4 physi-
cal layer on channels 11–25 at 2 .4 GHz but with the optional
additional usage of channel 26. TDMA is again used for bet-
ter energy consumption and reliability performance but with
a conﬁgurable slot size on a superframe base.
ISA-100.11a adopts channel hopping and blacklisting mech-
anism to improve the communication robustness similar to
WirelessHART but with more ﬂexibility. The standard adoptsthree channel hopping mechanisms: slotted hopping, slow hop-
ping, and hybrid hopping. In slotted hopping, the channel is
varied in each slot, same as WirelessHART. In slow hop-ping, the node stays on the same channel for consecutive time
slots, a number which is conﬁgurable. Slow hopping facilitates
the communication of nodes with imprecise synchronization,join process of new nodes, and transmission of event-driven
packets. Transmissions in a slow hopping period is performed
by using CSMA/CA. This mechanism decreases the delay ofevent-based packets while increasing energy consumption due
to unscheduled transmission and reception times. In hybrid
hopping, slotted hopping is combined with slow hopping by
accommodating slotted hopping for periodical messages and
slow hopping for less predictable new or event-driven mes-sages. There are ﬁve predetermined channel hopping patterns
in this standard, in contrast to WirelessHART that does not
explicitly deﬁne hopping patterns.
4) IEEE 802.15.4e: This standard has been released in
2012 with the goal of introducing new access modes to address
the delay and reliability constraints of industrial applica-tions [ 134]. IEEE 802.15.4e deﬁnes three major MAC modes,
namely, Time Slotted Channel Hopping (TSCH), Deterministic
and Synchronous Multichannel Extension (DSME), and LowLatency Deterministic Network (LLDN).
Time Slotted Channel Hopping: TSCH is a medium access
protocol based on the IEEE 802.15.4 standard for indus-trial automation and process control [ 135]. The main idea
of TSCH is to combine the beneﬁts of time slotted access
with multichannel and channel hopping capabilities. Time
slotted access increases the network throughput by schedul-
ing the collision-free links to meet the trafﬁc demands ofall nodes. Multichannel allows more nodes to exchange their
packets at the same time by using different channel off-
sets. Since TSCH is based on the scheduling of TDMA slotand FDMA, the delay is deterministically bounded depend-
ing on the time-frequency pattern. Furthermore, the packet
Authorized licensed use limited to: Ryerson University Library. Downloaded on June 10,2025 at 17:52:11 UTC from IEEE Xplore.  Restrictions apply. 
992 IEEE COMMUNICATIONS SURVEYS & TUTORIALS, VOL. 20, NO. 2, SECOND QUARTER 2018
based frequency hopping is supported to achieve a high
robustness against interference and other channel impairments.TSCH also supports various network topologies, including
star, tree, and mesh. TSCH mode exhibits many similarities
to WirelessHART and ISA-100.11a, including slotted access,multichannel communication, and frequency hopping for mesh
networks. In fact, it deﬁnes more details of the MAC operation
with respect to WirelessHART and ISA-100.11a. However, theTSCH standard does not specify how to derive an appropriate
link schedule.
Deterministic and Synchronous Multichannel Extension:
DSME is designed to support stringent timeliness and reli-
ability requirements of factory automation, home automation,
smart metering, smart buildings and patient monitoring [ 134].
DSME extends the beacon enabled mode of the IEEE 802.15.4
standard, relying on the superframe structure, consisting ofCAPs and CFPs, by increasing the number of GTS time slots
and frequency channels used [ 132]. The channel access of
DSME relies on a speciﬁc structure called multi-superframe.Each multi-superframe consists of a collection of superframes
deﬁned in IEEE 802.15.4. By adopting a multi-superframe
structure, DSME tries to support both periodic and aperiodic(or event-driven) trafﬁc, even in large multihop networks.
DSME allows to establish dedicated links between any two
nodes of the network for the multihop mesh networks withdeterministic delay. DSME is scalable and does not suffer
from a single point of failure because beacon scheduling and
slot allocation are performed in a distributed manner. This isthe major difference with TSCH, which relies on a central
entity. Given the large variety of options and features, DSME
turns out to be one of the most complex modes of the IEEE
802.15.4e standard. Due to the major complexity issue, DSME
still lacks a complete implementation. Moreover, all the cur-rent studies on DSME are limited to single-hop or cluster-tree
networks, and do not investigate the potentialities of mesh
topologies.
Low Latency Deterministic Network: LLDN is designed
for very low latency applications of the industrial automation
where a large number of devices sense and actuate the fac-tory production in a speciﬁc location [ 136]. Differently from
TSCH and DSME, LLDN is designed only for star topologies,
where a number of nodes need to periodically send data to acentral sink using just one channel frequency. Speciﬁcally, the
design target of LLDN is to support the data transmissions
from 20 sensor nodes every 10 ms. Since the former IEEE802.15.4 standard does not fulﬁll this constraint, the LLDN
mode deﬁnes a ﬁne granular deterministic TDMA access. In
LLDN, short MAC frames with just a 1-octet MAC headerare used to accelerate frame processing and reduce transmis-
sion time. Compared with TSCH, LLDN nodes do not need
to wait after the beginning of the time slot in order to start
transmitting. Moreover, LLDN provides a group ACK feature.
Hence, time slots can be much shorter than the one of TSCH,since it is not necessary to accommodate waiting times and
ACK frames.
5) 6LoWPAN: 6LoWPAN provides a compaction and frag-
mentation mechanism to efﬁciently transport IPv6 packets in
IEEE 802.15.4 frames [ 129]. The IPv6 header is compressedby the removal of the ﬁelds that are not needed or always
have the same contents, and inferring IPv6 addresses fromlink layer addresses. Moreover, fragmentation rules are deﬁned
so that multiple IEEE 802.15.4 frames can form one IPv6
packet. 6LoWPAN allows low-power devices to communicateby using IP.
6) RPL: RPL is an IPv6 routing protocol for Low-Power
and Lossy Networks (LLNs) proposed to meet the delay, relia-bility and high availability requirements of critical applications
in industrial and environmental monitoring [ 137]. RPL is a dis-
tance vector and source routing protocol. It can operate on topof any link layer mechanism including IEEE 802.15.4 PHY
and MAC. RPL adopts Destination Oriented Directed Acyclic
Graphs (DODAGs), where most popular destination nodes act
as the roots of the directed acyclic graphs. Directed acyclic
graphs are tree-like structures that allow the nodes to associatewith multiple parent nodes. The selection of the stable set of
parents for each node is based on the objective function. The
objective function determines the translation of routing met-rics, such as delay, link quality and connectivity, into ranks,
where the rank is deﬁned as an integer, strictly decreasing
in the downlink direction from the root. RPL left the routingmetric open to the implementation [ 138].
7) 6TiSCH: 6TiSCH integrates an Internet-enabled IPv6-
based upper stack, including 6LoWPAN, RPL and IEEE802.15.4 TSCH link layer [ 139]. This integration allows
achieving industrial performance in terms of reliability and
power consumption while providing an IP-enabled upperstack. 6TiSCH Operation Sublayer (6top) is used to man-
age TSCH schedule by allocating and deallocating resources
within the schedule, monitor performance and collect statistics.
6top uses either centralized or distributed scheduling. In
centralized scheduling, an entity in the network collects topol-ogy and trafﬁc requirements of the nodes in the network,
computes the schedule and then sends the schedule to the
nodes in the network. In distributed scheduling, nodes com-municate with each other to compute their own schedule based
on the local topology information. 6top labels the scheduled
cells as either hard or soft depending on their dynamic reallo-cation capability. A hard cell is scheduled by the centralized
entity and can be moved or deleted inside the TSCH schedule
only by that entity. 6top maintains statistics about the networkperformance in the scheduled cells. This information is then
used by the centralized scheduling entity to update the sched-
ule as needed. Moreover, this information can be used in theobjective function of RPL. On the other hand, a soft cell is
typically scheduled by a distributed scheduling entity. If a
cell performs signiﬁcantly worse than other cells scheduled tothe same neighbor, it is reallocated, providing an interference
avoidance mechanism in the network. The distributed schedul-
ing policy, called on-the-ﬂy scheduling, speciﬁes the structure
and interfaces of the scheduling [ 140]. If the outgoing packet
queue of a node ﬁlls up, the on-the-ﬂy scheduling negotiates
additional time slots with the corresponding neighbors. If the
queue is empty, it negotiates the removal of the time slots.
8) IEEE 802.11: The basic 802.11 MAC layer uses the
Distributed Coordination Function (DCF) with a simple and
ﬂexible exponential backoff based CSMA/CA and optional
Authorized licensed use limited to: Ryerson University Library. Downloaded on June 10,2025 at 17:52:11 UTC from IEEE Xplore.  Restrictions apply. 
PARK et al. : WIRELESS NETWORK DESIGN FOR CONTROL SYSTEMS: SURVEY 993
RTS/CTS for medium sharing [ 141]. If the medium is sensed
idle, the transmitting node transmits its frame. Otherwise, itpostpones its transmission until the medium is sensed free
for a random backoff interval. DCF experiences a random and
unpredictable backoff delay. As a result, the periodic real-timeNCS packets may miss their deadlines due to the long backoff
delay, particularly under congested network conditions.
To enforce a timeliness behavior for WLANs, the original
802.11 MAC deﬁnes another coordination function called the
Point Coordination Function (PCF). This is available only in
infrastructure mode, where nodes are connected to the networkthrough an Access Point (AP). APs send beacon frames at reg-
ular intervals. Between these beacon frames, PCF deﬁnes two
periods: the Contention Free Period (CFP) and the Contention
Period (CP). While DCF is used for the CP, in the CFP, the
AP sends contention-free-poll packets to give them the right tosend a packet. Hence, each node has an opportunity to trans-
mit frames during the CFP. In PCF, data exchange is based on
a periodically repeated cycle (e.g., superframe) within whichtime slots are deﬁned and exclusively assigned to nodes for
transmission. PCF does not provide differentiation between
trafﬁc types, and thus does not fulﬁll the deadline requirementsfor the real-time control systems. Furthermore, this mode is
optional and is not widely implemented in WLAN devices.
9) IEEE 802.11e: As an extension of the basic DCF mech-
anism of 802.11, the 802.11e enhances the DCF and the
PCF by using a new coordination function called the Hybrid
Coordination Function (HCF) [ 142]. Similar to those deﬁned
in the legacy 802.11 MAC, there are two methods of chan-
nel accesses, namely, Enhanced Distributed Channel Access
(EDCA) and HCF Controlled Channel Access (HCCA) withinthe HCF. Both EDCA and HCCA deﬁne trafﬁc categories to
support various QoS requirements.
The IEEE 802.11e EDCA provides differentiated access to
individual trafﬁc known as Access Categories (ACs) at the
MAC layer. Each node with high priority trafﬁc basically waitsa little less before it sends its packet than a node with low pri-
ority trafﬁc. Considering the real-time requirements of NCSs,
the periodic NCS trafﬁc should be deﬁned as an AC with ahigh priority [ 143] and saturation must be avoided for high
priority ACs [ 144].
HCCA extends PCF by supporting parametric trafﬁc and
comes close to actual transmission scheduling. Both PCF
and HCCA enable contention-free access to support collision-
free and time-bounded transmissions. In contrast to PCF, theHCCA allows for CFPs being initiated at almost anytime to
support QoS differentiation. The coordinator drives the data
exchanges at runtime according to speciﬁc rules, depend-ing on the QoS of the trafﬁc demands. Although HCCA is
quite appealing, like PCF, HCCA is also not widely imple-
mented in network equipment. Hence, some researches adapt
the DCF and EDCA mechanisms for practical real-time control
applications [ 145]–[148].
B. Wireless Network Parameters
To fulﬁll the control system requirements, the bandwidth of
the wireless networks needs to be allocated to high prioritydata for sensing and actuating with speciﬁc deadline require-
ments. However, existing QoS-enabled wireless standards donot explicitly consider the deadline requirements and thus lead
to unpredictable performance of WNCS [ 145], [149]. The
wireless network parameters determine the probability distri-bution of the critical interactive system variables. Some design
parameters of different layers are the transmission power and
rate of the nodes, the decoding capability of the receiver at thephysical layer, the protocol for channel access and energy sav-
ing mechanism at the MAC layer, and the protocol for packet
forwarding at the routing layer.
1) Physical Layer: The physical layer parameters that
determine the values of the critical interactive system variables
are the transmit power and rate of the network nodes. The
decoding capability of the receiver depends on the signal-to-
interference-plus-noise ratio (SINR) at the receiver and SINRcriteria. SINR is obviously the ratio of the signal power to the
total power of noise and interference, while SINR criteria is
determined by the transmission rate and decoding capabilityof the receiver. The increase in the transmit power of the trans-
mitter increases SINR at the receiver. However, the increase in
the transmit power at the neighboring nodes causes a decreaseat the SINR, due to the increase in interference. Optimizing
the transmit power of neighboring nodes is, therefore, critical
in achieving SINR requirements at the receivers.
The transmit rate determines the SINR threshold at the
receivers. As the transmit rate increases, the required SINR
threshold increases. Moreover, depending on the decodingcapability of the receiver, there may be multiple SINR criteria.
For instance, in successive interference cancellation, multiple
packets can be received simultaneously based on the extrac-
tion of multiple signals from the received composite signal,
through successive decoding [ 89], [150].
IEEE 802.15.4 allows the adjustment of both transmit power
and rate. However, WirelessHART and ISA-100.11a use ﬁxed
power and rate, operating at the suboptimal region.
2) Medium Access Control: MAC protocols fall into one
of three categories: contention-based access ,
schedule-based
access , and hybrid access protocols .
Contention-based Access Protocol: Contention-based ran-
dom access protocols used in WNCS mostly adopt the
CSMA/CA mechanism of IEEE 802.15.4. The values of theparameters that determine the probability distribution of delay,
message loss probability, and energy consumption include the
minimum and maximum value of backoff exponent, and max-imum number of backoff stages. Similarly to IEEE 802.15.4,
the corresponding parameters for IEEE 802.11 MAC include
the IFS time, contention window size, number of tries tosense the clean channel, and retransmission limits due to
missing ACKs.
The energy consumption of CSMA/CA has been shown
to be mostly dominated by the constant listening to the
channel [ 80], [81]. Therefore, various energy conservation
mechanisms adopting low duty-cycle operation have later been
proposed [ 151]–[154]. In low duty-cycle operation, the nodes
periodically cycle between a sleep and listening state, withthe corresponding durations of sleep time and listen time,
respectively. Low duty-cycle protocols may be synchronous
Authorized licensed use limited to: Ryerson University Library. Downloaded on June 10,2025 at 17:52:11 UTC from IEEE Xplore.  Restrictions apply. 
994 IEEE COMMUNICATIONS SURVEYS & TUTORIALS, VOL. 20, NO. 2, SECOND QUARTER 2018
or asynchronous. In synchronous duty-cycle protocols, the
listen and sleep time of neighboring nodes are aligned intime [ 151], [152]. However, this requires an extra overhead for
synchronization and exchange of schedules. In asynchronous
duty-cycle protocols, on the other hand, the transmitting nodesends a long preamble [ 153] or multiple short preambles [ 154]
to guarantee the wakeup of the receiver node. The duty-cycle
parameters, i.e., sleep time and listen time, signiﬁcantly affectthe delay, message loss probability, and energy consumption
of the network. Using a larger sleep time reduces the energy
consumption in idle listening at the receiver, while increasingthe energy consumption at the transmitter due to the trans-
mission of longer preamble. Moreover, the increase in sleep
time signiﬁcantly degrades the performance of message delay
and reliability due to the high contention in the medium with
increasing trafﬁc.
Schedule-based Access Protocol: Schedule-based protocols
are based on assigning time slots, of possibly variable length,
and frequency bands to a subset of nodes for concurrent trans-mission. Since the nodes know when to transmit or receive
a packet, they can put their radio in sleep mode when they
are not scheduled for any activity. The scheduling algorithmscan be classiﬁed into two categories: ﬁxed priority schedul-
ing and dynamic priority scheduling [ 155]. In ﬁxed priority
scheduling, each ﬂow is assigned a ﬁxed priority off-line asa function of its periodicity parameters, including sampling
period and delay constraint. For instance, in rate monotonic
and deadline monotonic scheduling, the ﬂows are assigned pri-orities as a function of their sampling periods and deadlines,
respectively: The shorter the sampling period and deadline, the
higher the priority. Fixed priority scheduling algorithms are
preferred due to their simplicity and lower scheduling over-
head but are typically non-optimal since they do not take theurgency of transmissions into account. On the other hand, in
dynamic priority scheduling algorithms, the priority of the ﬂow
changes over time depending on the execution of the sched-ule. For instance, in Earliest Deadline First (EDF) Scheduling,
the transmission closest to the deadline will be given highest
priority, so, scheduled next; whereas in least laxity ﬁrst algo-rithm, the priority is assigned based on the slack time, which is
deﬁned as the amount of time left after the transmission if the
transmission started now. Although dynamic priority schedul-ing algorithms have higher scheduling overhead, they perform
much better due to the dynamic adjustment of priorities over
time.
Hybrid Access Protocol: Hybrid protocols aim to com-
bine the advantages of contention-based random access and
schedule-based protocols: Random access eliminates the over-head of scheduling and synchronization, whereas scheduled
access provides message delay and reliability guarantees by
eliminating collisions. IEEE 802.15.4 already provides such
a hybrid architecture for ﬂexible usage depending on the
application requirements [ 132].
3) Network Routing: On the network layer, the routing
protocol plays an extremely important role in achieving high
reliability and real-time forwarding together with energy efﬁ-ciency for large scale WNCS, such as large-scale aircraft
avionics and industrial automation. Various routing protocolsare proposed to achieve energy efﬁciency for traditional WSN
applications [ 156], [157]. However, to deal with much harsher
and noisier environments, the routing protocol must addition-
ally provide reliable real-time transmissions [ 28]. Multipath
routing has been extensively studied in wireless networksfor overcoming wireless errors and improving routing relia-
bility [ 158], [159]. Most of previous works focus on iden-
tifying multiple link/node-disjoint paths to guarantee energyefﬁciency and robustness against node failures [ 158], [160].
ISA 100.11a and WirelessHART employ a simple and
reliable routing mechanism called graph routing to enhancenetwork reliability through multiple routing paths. When using
graph routing, the network manager builds multiple graphs of
each ﬂow. Each graph includes some device numbers and for-
warding list with unique graph identiﬁcation. Based on these
graphs, the manager generates the corresponding sub-routesfor each node and transmits to every node. Hence, all nodes
on the path to the destination are pre-conﬁgured with graph
information that speciﬁes the neighbors to which the packetsmay be forwarded. For example, if the link of the sub-routes
is broken, then the node forwards the packet to another neigh-
bor of other sub-routes corresponding to the same ﬂow. Therehas been an increasing interest in developing new approaches
for graph routing with different routing costs dependent on
reliability, delay, and energy consumption [ 133], [161], [162].
RPL employs the objective function to specify the selec-
tion of the routes in meeting the QoS requirements of the
applications. Various routing metrics have been proposed
in the objective function to compute the rank value of
the nodes in the network. The rank represents the virtual
coordinate of the node, i.e., its distance to the DODAG
root with respect to a given metric. Some approaches pro-
pose the usage of a single metric, including link expectedtransmission count [ 163], [164], node remaining energy, link
delay [ 165], MAC based metrics considering packet losses
due to contention [ 166] and queue utilization [ 167], [168].
Reference [ 169] proposes two methods, namely, simple com-
bination and lexical combination, for combining two routing
metrics among the hop count, expected transmission count,remaining energy, and received signal strength indicator. In
simple combination, the rank of the node is determined by
using a composition function as the weighted sum of theranks of two selected metrics. In lexical combination, the node
selects the neighbor with the lower value of the ﬁrst selected
metric, and if they are equal in the ﬁrst metric, the node selectsthe one with the lower value of the second composition met-
ric. Finally, [ 170] combines a set of these metrics in order
to provide a conﬁgurable routing decision depending on theapplication requirements based on the fuzzy parameters.
VII. W
IRELESS NETWORK DESIGN TECHNIQUES
FOR CONTROL SYSTEMS
This section presents various design and optimization tech-
niques of wireless networks for WNCS. We distinguish
interactive design approach andjoint design approach .I nt h e
interactive design approach, the wireless network parameters
are tuned to satisfy given constraints on the critical interactive
Authorized licensed use limited to: Ryerson University Library. Downloaded on June 10,2025 at 17:52:11 UTC from IEEE Xplore.  Restrictions apply. 
PARK et al. : WIRELESS NETWORK DESIGN FOR CONTROL SYSTEMS: SURVEY 995
Fig. 8. Subsection structure of Section VIIrelated to previous Sections V
andVI.
system variables, possibly enforced by the required control
system performance. In the joint design approach, the wireless
network and control system parameters are jointly optimizedconsidering their interaction through the critical system vari-
ables. Fig. 8illustrates the section structure related to previous
Sections VandVI. In Table II, we summarize the character-
istics of the related works. In the table, we have demonstrated
whether indications of requirements and communication and
control parameters have been included in the network designor optimization for WNCS. Table IIIclassiﬁes previous design
approaches of WNCS based on control and communication
aspects. Furthermore, Table IVcategorizes previous works
based on the wireless standards described in Section VI-A .
A. Interactive Design Approach
In the interactive design approach, wireless network param-
eters are tuned to satisfy the given requirements of the control
system. Most of the interactive design approaches assumetime-triggered control systems, in which sensor samples are
generated periodically at predetermined rates. They generally
assume that the requirements of the control systems are givenin the form of upper bounds on the message delay or mes-
sage dropout with a ﬁxed sampling period. The adoption of
wireless communication technologies for supporting control
applications heavily depends on the ability to guarantee the
bounded service times for messages, at least from a proba-bilistic point of view. This aspect is particularly important in
control systems, where the real-time requirement is consid-
ered much more signiﬁcant than other performance metrics,such as throughput, that are usually important in other appli-
cation areas. Note that the real-time performance of wirelessnetworks heavily depends on the message delay and message
dropout. Hence, we mainly discuss the deadline-constrainedMAC protocols of IEEE 802.15.4 and IEEE 802.11. Different
analytical techniques can provide the explicit requirements
of control systems for wireless networks, as we discussedin Section V. The focus of previous research is mainly
on the design and optimization of MAC, network resource
scheduling, and routing layer, with limited efforts additionallyconsidering physical layer parameters.
1) Medium Access Control: Research on real-time 802.15.4
and 802.11 networks can be classiﬁed into two groups.The ﬁrst group of solutions called contention-based access
includes adaptive MAC protocols for QoS differentiations.
They adapt the parameters of backoff mechanism and retrans-
missions dependent on the constraints. The second group
called schedule-based access relies on the contention free
scheduling of a single-hop network.
Contention-based Access: Contention-based random access
protocols for WNCS aim to tune the parameters of theCSMA/CA mechanism of IEEE 802.15.4 and IEEE 802.11 to
improve delay, packet loss probability, and energy consump-
tion performance for control applications.
A Markov model per node is used to derive the relia-
bility, delay, and energy consumption as a function of all
the CSMA/CA protocol parameters for IEEE 802.15.4 [ 105].
The performance model is then used to develop a distributed
adaptive algorithm of CSMA/CA for minimizing the power
consumption while guaranteeing a given reliability and delayconstraints in the packet transmission. The proposed adaptive
algorithm is applied to the joint design of WNCSs [ 122].
By considering IEEE 802.11, a deadline-constrained MAC
protocol with QoS differentiation is presented for soft real-
time NCSs [ 145]. It handles periodic trafﬁc by using two
speciﬁc mechanisms, namely, a contention-sensitive backoff
mechanism and a deadline-sensitive retry limit assignment
mechanism. The backoff algorithm offers bounded backoffdelays, whereas the deadline-sensitive retry limit assignment
mechanism differentiates the retry limits for periodic trafﬁc
in terms of their respective deadline requirements. A Markovchain model is established to describe the proposed MAC
protocol and evaluate its performance in terms of through-
put, delay, and reliability under the critical real-time trafﬁccondition.
Reference [ 149] provides experimental measures and the
analysis of 802.11g/e network to better understand the statis-tical distribution of delay for real-time industrial applications.
The statistical distribution of network delay is ﬁrst evalu-
ated experimentally when the trafﬁc patterns they supportresemble the realistic industrial scenarios under the varying
background trafﬁc. Then, experimental results have been vali-
dated by means of a theoretical analysis for unsaturated trafﬁc
condition, which is a quite common condition in well-designed
industrial communication systems. The performance evalua-tion shows that delays are generally bounded if the trafﬁc on
the industrial WLAN is light (below 20%). If the trafﬁc grows
higher (up to 40%), the QoS mechanism provided by EDCA isused to achieve quasi-predictable behavior and bounded delays
for selected high priority messages.
Authorized licensed use limited to: Ryerson University Library. Downloaded on June 10,2025 at 17:52:11 UTC from IEEE Xplore.  Restrictions apply. 
996 IEEE COMMUNICATIONS SURVEYS & TUTORIALS, VOL. 20, NO. 2, SECOND QUARTER 2018
TABLE II
COMPARISON OF RELATED WORKS .THECIRCLE WITHPLUS/circleplustextDENOTES THAT THE PAPER EXPLICITLY CONSIDERS THE INDICATION OF THE
COLUMN .THEDOT/circlecopyrtDENOTES THAT THE PAPER DOES NOTINCLUDE THE INDICATION AND HENCE CANNOT CONTROL IT,BUTSIMULATION
OREXPERIMENT RESULTS INCLUDE IT.THETERMS “THE”, “ SIM”, “ EXP”OFEVA L UAT I O N COLUMN MEAN THAT THE PROPOSED SOLUTION
ISEV ALUATED THROUGH THEORETICAL ANALYSIS ,SIMULATION ,ORREALISTIC EXPERIMENT ,RESPECTIVELY
145
149
146
147
171
82
174
158
98
184
185
186
105
193
133
195
148
196
197
122
199
79
201
Schedule-based Access: The explicit scheduling of transmis-
sions allows to meet the strict delay and reliability constraintsof the nodes, by giving priority to the nodes with tighter con-
straint. To support soft real-time industrial applications, [ 146]
combines a number of various mechanisms of IEEE 802.11such as transmission and retransmission scheduling, seam-
less channel redundancy, and basic bandwidth management to
improve the deterministic network performance. The proposedprotocol relies on centralized transmission scheduling of a
coordinator according to the EDF strategy. Furthermore, the
coordinator takes care of the number of retransmissions toachieve both delay and reliability over lossy links. In addition
to scheduling, the seamless channel redundancy concurrentlytransmits the copies of each frame on multiple distinct radio
channels. This mechanism is appealing for real-time systemssince it improves the reliability without affecting timeliness.
Moreover, the bandwidth manager reallocates the unused
bandwidth of failed data transmission to additional attemptsof other data transmissions within their deadlines.
Reference [ 147] presents the design and implementation
of a real-time wireless communication protocol called RT-WiFi to support high-speed control systems which typically
require 1KHz or higher sampling rate. RT-WiFi is a TDMA
data link layer protocol based on IEEE 802.11 physicallayer. It provides deterministic timing performance on packet
delivery. Since different control applications have different
Authorized licensed use limited to: Ryerson University Library. Downloaded on June 10,2025 at 17:52:11 UTC from IEEE Xplore.  Restrictions apply. 
PARK et al. : WIRELESS NETWORK DESIGN FOR CONTROL SYSTEMS: SURVEY 997
TABLE III
CLASSIFICATION OF WNCS D ESIGN TECHNIQUES
149105145
146 171
83 178 211 212
213
82 193 174
182
194179 180 181
158 160
161 133195
183214
148192 196122197 189 190
208191209
185198 199 187
188
186
180184
97199 206 201202
203 204204205
210200 79
TABLE IV
CLASSIFICATION OF WNCS D ESIGN TECHNIQUES BASED ON THE WIRELESS STANDARDS
178 211 212
105 181
193174182194
175177 176
161162133195
183214
145148
146 147 171 172
173 179
149 213122
186 184
190
187210 79
communication requirements on data delivery, RT-WiFi pro-
vides a conﬁgurable platform to adjust the design tradeoffsincluding sampling rate, delay variance, and reliability.
The middleware proposed in [ 171] uses a TDMA-based
method on top of 802.11 CSMA to assign speciﬁc time slots
to each real-time node to send its trafﬁc. In [ 172], a polling-
based scheduling using the EDF policy on top of 802.11MAC is incorporated with a feedback mechanism to adjust the
maximum number of transmission attempts. Moreover, [ 173]
implements a real-time communication architecture based onthe 802.11 standard and on the real-time networking frame-
work RTnet [ 207]. Wireless Ralink RT2500 chipset of RTnet is
used to support the strict network scheduling requirements ofreal-time systems. The performance indicators such as packet
loss ratio and delay are experimentally evaluated by varying
protocol parameters for a star topology. Experimental resultsshow that a proper tuning of system parameters can support
robust real-time network performance.
Physical Layer Extension: References [ 6] and [ 83] propose
a priority assignment and scheduling algorithm as a function of
sampling periods and transmission deadlines to provide maxi-
mum level of adaptivity, to accommodate the packet losses oftime-triggered nodes and the transmissions of event-triggered
nodes. The adaptivity metric is illustrated using the follow-
ing example. Let us assume that the network consists of 4
sensor nodes, denoted by sensor node ifori∈[1,4]. The
packet generation period and transmission time of sensor 1are 1 ms and t
1=0.15 ms, respectively. The packet genera-
tion period of sensor nodes 2, 3 and 4 is 2 ms, whereas packet
transmission times are given by t2=0.20 ms, t3=0.25 msand t4=0.30 ms, respectively. Figs. 9(a) and 9(b) show a
robust schedule where the time slots are uniformly distributedover time and the EDF schedule, respectively. The sched-
ule given in Fig. 9(a), is more robust to packet losses than
the EDF schedule given in Fig. 9(b). Indeed, suppose that
the data packet of sensor 1 in the ﬁrst 1 ms is not success-
fully transmitted. In Fig. 9(a), the robust schedule includes
enough unallocated intervals for the retransmission of sen-
sor 1, whereas the EDF schedule does not. Furthermore, the
robust scheduler can accommodate event-triggered trafﬁc withsmaller delay than the EDF schedule, as shown in Fig. 9.T o
witness, suppose that an additional packet of 0 .2 ms transmis-
sion time is generated by an event-triggered sensor node at thebeginning of the scheduling frame. Then the event-triggered
packet transmission can be allocated with a delay of 0 .60 ms
in the robust schedule and 1 .15 ms in the EDF schedule.
This uniform distribution paradigm is quantiﬁed as min-
imizing the maximum total active length of all subframes,
where the subframe length is the minimum packet generationperiod among the components and the total active length of a
subframe is the sum of the transmission time of the compo-
nents allocated to that subframe. The proposed Smallest Periodinto the Shortest Subframe First (SSF) algorithm has been
demonstrated to signiﬁcantly decrease the maximum delay
experienced by the packet of an event-triggered component
compared to the EDF schedule, as shown in Fig. 10. Moreover,
when time diversity, in the form of the retransmission ofthe lost packets, is included in this framework, the proposed
adaptive framework decreases the average number of missed
deadlines per unit time, which is deﬁned as the average number
Authorized licensed use limited to: Ryerson University Library. Downloaded on June 10,2025 at 17:52:11 UTC from IEEE Xplore.  Restrictions apply. 
998 IEEE COMMUNICATIONS SURVEYS & TUTORIALS, VOL. 20, NO. 2, SECOND QUARTER 2018
Fig. 9. Illustrative example of two schedulers.
Fig. 10. Comparison of the maximum delay experienced by event-triggered
components for SSF, EDF, least laxity ﬁrst, and optimal scheduling algorithms.
of packets that cannot be successfully transmitted within their
delay constraint, signiﬁcantly compared to the EDF schedule.
Since IEEE 802.11n encompasses several enhancements at
both PHY and MAC layers of WLAN, [ 213] analyzes the
performance indicators such as service time and reliability
of IEEE 802.11n for industrial communication systems. The
authors present both theoretical analysis and its validation
through a set of experiments. The experimental analysis shows
the possibility to select the IEEE 802.11n parameters to ensurethe deterministic behavior for the real-time applications. In
particular, it is shown that a good MIMO conﬁguration of
the standard enhances the communication reliability whilesacriﬁcing the network throughput.
2) Network Resource Schedule: Several scheduling algo-
rithms are proposed to efﬁciently assign the time slot and the
channel of the multihop networks in order to meet the strict
delay and reliability requirements.
Scheduling Algorithm: Some scheduling algorithms focus
on meeting a common deadline for all the packets generated
within a sampling period [ 82], [174], [193]. Reference [ 82]
formulates the delay minimization of the packet transmis-
sions from the sensor nodes to the common access point.The optimization problem has been shown to be NP-hard.
The proposed scheduling algorithms provide upper bounds
on the packet delivery time, by considering many-to-onetransmission characteristics. The formulation and scheduling
algorithms, however, do not take packet losses into account.References [ 193] and [ 174] introduce novel procedures to pro-
vide reliability in case of packet failures. Reference [ 174]
proposes an optimal schedule increment strategy based on the
repetition of the most suitable slot until the common dead-
line. The objective of the optimization problem is to maximizeend-to-end reliability while providing end-to-end transmission
delay guarantees. The physical network nodes have been reor-
ganized into logical nodes for improved scheduling ﬂexibility.Two scheduling algorithms have been evaluated: dedicated
scheduling and shared scheduling. In dedicated scheduling,
the packets are only transmitted in the scheduled time slots,whereas in shared scheduling, the packets share scheduled
time slots for better reliability. Reference [ 193] proposes a
faster scheduling algorithm for the same problem introduced
in [174]. The algorithm is based on gradually increasing
a network model from one to multiple transmitted packetsas a function of given link qualities to guarantee end-to-
end reliability. These scheduling algorithms can be combined
with multiple path routing algorithms. The authors assumeBernoulli distribution for the arrival success of the packets
over each link. Moreover, they do not consider the transmis-
sion power, rate and packet length as a variable, assigningexactly one time slot to each transmission.
The scheduling algorithms that consider the variation of
sampling periods and deadlines of the nodes over the networkfall into one of two categories: ﬁxed priority and dynamic pri-
ority. The end-to-end delay analysis of periodic real-time ﬂows
from sensors to actuators in a WirelessHART network underﬁxed priority scheduling policy has been performed in [ 175].
The upper bound on the end-to-end delay of the periodic ﬂows
is obtained by mapping their scheduling to real-time multi-
processor scheduling and then exploiting the response time
analysis of the scheduling. Both the channel contention andtransmission conﬂict delay due to higher priority ﬂows have
been considered. Channel contention happens when all chan-
nels are assigned to higher priority ﬂows in a transmissionslot, whereas transmission conﬂict occurs when there exists
a common node with a transmission of higher priority ﬂow.
This study has later been extended for reliable graph rout-ing to handle transmission failures through retransmissions
and route diversity in [ 177]. Similarly, both worst-case and
probabilisitic delay bounds have been derived by consideringchannel contention and transmission conﬂicts. These analyses
consider multihop multichannel networks with ﬁxed time slots
without incorporating any transmit power or rate adjustmentmechanism.
The real-time dynamic priority scheduling of periodic
deadline-constrained ﬂows in a WirelessHART network hasbeen shown to be NP-hard in [ 182]. Upon determining
necessary condition for schedulability, an optimal branch-and-
bound scheduling is proposed, effectively discarding infeasible
branches in the search space. Moreover, a faster heuristic
conﬂict-aware least laxity ﬁrst algorithm is developed byassigning priorities to the nodes based on the criticality of their
transmission. The conﬂict-aware laxity is deﬁned as the laxity
after discarding time slots that can be wasted while waitingto avoid transmission conﬂicts. The lower the conﬂict-aware
laxity, the higher the transmission criticality. The algorithm
Authorized licensed use limited to: Ryerson University Library. Downloaded on June 10,2025 at 17:52:11 UTC from IEEE Xplore.  Restrictions apply. 
PARK et al. : WIRELESS NETWORK DESIGN FOR CONTROL SYSTEMS: SURVEY 999
does not provide any guarantee on the timely packet deliv-
ery. Reference [ 176] provides the end-to-end delay analysis
of periodic real-time ﬂows from sensors to actuators under
EDF policy. The delay is bounded by considering the chan-
nel contention and transmission conﬂict delays. The EDF hasbeen shown to outperform ﬁxed priority scheduling in terms
of real-time performance.
Robustness Enhancement: The predetermined nature of
schedule-based transmissions allows the incorporation of var-
ious retransmission mechanisms in case of packet losses at
random time instants. Although explicit scheduling is used toprevent various types of conﬂict and contention, still transmis-
sion failures may occur due to multipath fading and external
interference in harsh and unstable environments. Some of
the retransmission mechanisms have been introduced at the
link layer [ 178], [211], [212]. Since schedule is known apri-
ori by the nodes in the network, the retransmissions can
be minimized by exploiting the determinism in the packet
headers to recover the unknown bytes of the header [ 178].
Moreover, various efﬁcient retransmission procedures can be
used to minimize the number of bits in the retransmis-
sions [ 211], [212]. Reference [ 211] uses symbol decoding
conﬁdence, whereas [ 212] uses received signal strength vari-
ations to determine the parts of the packet received in error,
so, should be retransmitted.
The retransmission mechanisms at the network layer
aim to determine the best timing and quantity of shared
and/or separate time slots given the link quality statis-tics [ 179]–[181], [194]. Reference [ 179] combines the retrans-
missions with real-time worst-case scheduling analysis. The
number of possible retransmissions of a packet is limited
considering the corresponding deadline and already guaran-
teed delay bounds of other packets. Reference [ 180] proposes
a scheduling algorithm that provides delay guarantees for
the periodic real-time ﬂows considering both link bursts and
interference. A new metric called maximum burst length isdeﬁned as the maximum length of error burst, estimated by
using empirical data. The algorithm then provides reliability
guarantee by allocating each link one plus its correspondingmaximum burst length time slots. A novel least-burst-route
algorithm is used in conjunction with this scheduling algo-
rithm to minimize the sum of worst case burst lengths overall links in the route. Similarly, [ 181] increases the spacing
between the actual transmission and the ﬁrst retransmission
for maximum reliability instead of allocating all the time slotsin between. Reference [ 194] improves the retransmission efﬁ-
ciency by using limited number of shared slots efﬁciently
through fast slot competition and segmented slot assignment.Shared resources are allocated for retransmission due to its
unpredictability. Fast slot competition is introduced by embed-
ding more than one clear channel assessment at the beginning
of the shared slots to reduce the rate of collision. On the
other hand, segmented slot assignment provides the retrans-mission chances for a routing hop before its following hop
arrives.
3) Network Routing: There has been increasing interest in
developing efﬁcient multipath routing to improve the network
reliability and energy efﬁciency of wireless networks. Previousworks of the multipath routings are classiﬁed into four cat-
egories based on the underlying key ideas of the routingmetric and the operation: disjoint path routing ,graph routing ,
controlled ﬂooding , and energy/QoS-aware routing .
Disjoint Path Routing: Most of previous works focus on
identifying multiple disjoint paths from source to destination
to guarantee the routing reliability against node or link fail-
ures since multiple paths may fail independently [ 158], [160
].
The disjoint paths have two types: node-disjoint and link-
disjoint. While node-disjoint paths do not have any relay node
in common, link-disjoint paths do not have any common linkbut may have common nodes. Reference [ 158] provides the
node-disjoint and braided multipath schemes to provide the
resilience against node failures. Ad-hoc On-demand Multipath
Distance Vector (AOMDV) is a multipath extension of a well-
studied single path routing protocol of Ad-hoc On-demandDistance Vector (AODV) [ 160].
Graph Routing: Graph routing of ISA 100.11a and
WirelessHART leads to signiﬁcant improvement over a sin-gle path in terms of worst-case reliability due to the usage
of multiple paths. Since the standards do not explicitly deﬁne
the mechanism to build these multiple paths, it is possible touse the existing algorithms of the disjoint path. Multiple rout-
ing paths from each node to the destination are formed by
generating the subgraphs containing all the shortest paths foreach source and destination pair [ 161]. Real-time link qual-
ity estimation is integrated into the generation of subgraphs
for better reliability in [ 162]. Reference [ 133] proposes an
algorithm to construct three types of reliable routing graphs,
namely, uplink graph, downlink graph, and broadcast graph
for different communication purposes. While the uplink graph
is a graph that connects all nodes upward to the gateway, the
downlink graph of the gateway is a graph to send unicastmessages to each node of the network. The broadcast graph
connects gateway to all nodes of the network for the trans-
mission of operational control commands. Three algorithmsare proposed to build these graphs based on the concepts of
(k,m)-reliability where kand mare the minimum required
number of incoming and outgoing edges of all nodes exclud-ing the gateway, respectively. The communication schedule is
constructed based on the trafﬁc load requirements and the hop
sequence of the routing paths.
Recently, the graph routing problem has been formulated
as an optimization problem where the objective function is to
maximize network lifetime, namely, the time interval beforethe ﬁrst node exhausts its battery, for a given connectivity
graph and battery capacity of nodes [ 195]. This optimization
problem has been shown to be NP-hard. A suboptimal algo-rithm based on integer programming and a greedy heuristic
algorithm have been proposed for the optimization problem.
The proposed algorithm shows signiﬁcant improvement in the
network lifetime while guaranteeing the high reliability of
graph routing.
Controlled Flooding: Previous approaches of disjoint rout-
ing and graph routing focus on how to build the routing paths
and distribute the trafﬁc load over the network. Some con-trol applications may deﬁne more stringent requirements on
the routing reliability in the harsher and noisier environments.
Authorized licensed use limited to: Ryerson University Library. Downloaded on June 10,2025 at 17:52:11 UTC from IEEE Xplore.  Restrictions apply. 
1000 IEEE COMMUNICATIONS SURVEYS & TUTORIALS, VOL. 20, NO. 2, SECOND QUARTER 2018
To address the major reliability issue, a reliable Real-time
Flooding-based Routing protocol (REALFLOW) is proposedfor industrial applications [ 183]. REALFLOW controls the
ﬂooding mechanism to further improve the multipath diversity
while reducing the overhead. Each node transmits the receivedpacket to the corresponding multiple routing paths instead of
all feasible outgoing links. Furthermore, it discards the dupli-
cated packets and outdated packets to reduce the overhead.For both uplink and downlink transmissions, the same pack-
ets are forwarded according to the related node lists in all
relay nodes. Due to redundant paths and ﬂooding mechanism,REALFLOW can be tolerant to network topology changes.
Furthermore, since related node lists are distributively gener-
ated, the workloads of the gateway are greatly reduced. The
ﬂooding schedule is also extended by using the received signal
strength in [ 214].
Energy/QoS-aware Routing: Even though some multipath
routings such as disjoint path, graph routing, and controlled
ﬂooding lead to signiﬁcant reliability improvement, they alsoincrease the cost of the energy consumption. Energy/QoS-
aware routing jointly considers the application requirements
and energy consumption of the network [ 21]. Several energy-
balanced routing strategies are proposed to maximize the
network lifetime while meeting the strict requirements for
industrial applications.
Breath is proposed to ensure a desired packet delivery
and delay probabilities while minimizing the energy con-
sumption of the network [ 18]. The protocol is based on
randomized routing, MAC, and duty-cycling jointly optimized
for energy efﬁciency. The design approach relies on a con-
strained optimization problem, whereby the objective function
is the energy consumption and the constraints are the packet
reliability and delay. The optimal working point of the proto-col is achieved by a simple algorithm, which adapts to trafﬁc
variations and channel conditions with negligible overhead.
EARQ is another energy aware routing protocol for reli-
able and real-time communications for industrial applica-
tions [ 148]. EARQ is a proactive routing protocol, which main-
tains an ongoing routing table updated through the exchange ofbeacon messages among neighboring nodes. A beacon mes-
sage contains expected values such as energy cost, residual
energy of a node, reliability and end-to-end message delay.Once a node gets a new path to the destination, it will broad-
cast a beacon message to its neighbors. When a node wants
to send a packet to the destination, next hop selections arebased on the estimations of energy consumption, reliability,
and deadlines. If the packet chooses a path with low relia-
bility, the source will forward a redundant packet via otherpaths.
Reference [ 215] proposes the minimum transmission power
cooperative routing algorithm, reducing the energy consump-
tion of a single route while guaranteeing certain throughput.
However, the algorithm ignores the residual energy and com-munication load of neighboring nodes, which result in unbal-
anced energy consumption among nodes. In addition, in [ 216],
a load-balanced routing algorithm is proposed where eachnode always chooses the next-hop based on the communi-
cation load of neighboring nodes. However, the algorithmhas heavy computation complexity and the communication
load is high. References [ 192] and [ 196] propose a two-hop
information-based routing protocol, aiming at enhancing real-
time performance with energy efﬁciency. The routing decision
in [192] is based on the integration of the velocity informa-
tion of two-hop neighbors with energy balancing mechanism,
whereas the routing decision in [ 196] is based on the number
of hops from source to destination and two-hop informationof the velocity.
B. Joint Design Approach
In the joint design approach, the wireless network and con-
trol system parameters are jointly optimized considering the
tradeoff between their performances. These parameters include
the sampling period for time-triggered control and level cross-ings for event-triggered control in the control system, and
transmission power and rate at the physical layer, the access
parameters and algorithm of the MAC protocol, duty-cycleparameters, and routing paths in the communication system.
The high complexity of the problem led to different abstrac-
tions of control and communication systems, many of whichconsidering only a subset of these parameters.
1) Time-Triggered Sampling: The joint design approaches
of the time-triggered control are classiﬁed into three categoriesbased on the communication layers: contention-based access ,
schedule-based access , and routing and trafﬁc generation
control .
Contention-based Access: The usage of contention-based
protocols in the joint optimization of control and communica-
tion systems requires modeling the probabilistic distribution of
delay and packet loss probability in the wireless network and
its effect on the control system [ 122], [189], [197]. A gen-
eral framework for the optimization of the sampling period
together with link layer parameters has been ﬁrst proposed
in [197]. The objective of the optimization problem is to
maximize control system performance given the delay distri-
bution and the packet error probability constraints. The linear
quadratic cost function is used as the control performance mea-sure. Simpliﬁed models of packet loss and delay are assumed
for the contention-based random access mechanism without
considering spatial reuse. The solution strategy is based onan iterative numerical method due to the complexity of the
control cost used as an objective function of the optimization
problem. Reference [ 189] aims to minimize the mean-square
error of the state estimation subject to delay and packet loss
probability induced by the contention-based random access.
The mean-square error of the estimator is derived as a functionof sampling period and delay distribution under the Bernoulli
random process of the packet losses.
Reference [ 122] discusses several fundamental tradeoffs
of WNCS over IEEE 802.15.4 networks. Fig. 11shows the
quadratic control cost and communication throughput over dif-ferent sampling periods. In the ﬁgure, J
i
∞andJr
∞refer to the
control cost bound using an ideal network (no packet loss
and no delay) and a realistic lossy network of IEEE 802.15.4,respectively. Due to the absence of packet delays and losses,
the control performance using an ideal network increases
Authorized licensed use limited to: Ryerson University Library. Downloaded on June 10,2025 at 17:52:11 UTC from IEEE Xplore.  Restrictions apply. 
PARK et al. : WIRELESS NETWORK DESIGN FOR CONTROL SYSTEMS: SURVEY 1001
Fig. 11. Quadratic control cost of control systems and throughput of wireless
networks over different sampling periods. Ji∞and Jr∞refer to the control
cost bound by using the ideal network and the realistic 802.15.4 network,respectively.
monotonically as the sampling period increases. However,
when using a realistic network, a shorter sampling period doesnot minimize the control cost, because of the higher packet
loss probability and delay when the trafﬁc load is high. In addi-
tion, the two curves of the control cost J
i
∞andJr
∞coincide
for longer sampling periods, meaning that when the sampling
period is larger, the sampling period is the dominant factor in
the control cost compared to the packet loss probability anddelay.
In Fig. 11, if we consider a desired maximum control cost
J
reqgreater than the minimum value of the control cost, then
we have the feasible range of the sampling periods between
SandL. However, the performance of the wireless network
is still heavily affected by the operating point of the sampling
period. Let us consider two feasible sampling periods Sand
L. By choosing L, the throughput of the network is stabilized
(see [ 128]), the control cost is also stabilized with respect
to small perturbations of the network operation. Furthermore,
the longer sampling period Lleads to lower network energy
consumption than the one of the shorter sampling period S.
Based on these observations, an adaptation of the WNCS is
proposed by considering a constrained optimization problem.The objective is to minimize the total energy consumption of
the network subject to a desired control cost. The variables of
the problem include both sampling period and MAC param-eters of IEEE 802.15.4. The network manager predicts the
energy consumption corresponding to each feasible network
requirement. The optimal network requirements are obtainedto minimize the energy consumption of the network out of the
feasible set of network requirements.
Reference [ 190] proposes an interesting approach to the
design of WNCS by decomposing the overall concerns into
two design spaces. In the control layer, a passive con-trol structure of [ 208] is used to guarantee the stability
of NCSs. The overall NCS performance is then optimized
by adjusting the retransmission limits of the IEEE 802.11standard. At the control layer, the authors leverage their
passivity-based architecture to handle the message delay andmessage loss. The authors consider a passive controller which
produces a trajectory of the plant to track and deﬁne the controlperformance as its absolute tracking error. Through extensive
simulation results, a convex relationship between the retrans-
mission limit of IEEE 802.11 and the control performance isshown. Based on this observation, a MAC parameter controller
is introduced to dynamically adjust the retransmission limit to
track the optimal tradeoff between packet losses and delaysand thus to optimize the overall control system performance.
Simulation results show that the MAC adaptation can con-
verge to a proper retransmission limit which optimizes theperformance of the control system. Even though the proposed
approach is interesting, the fundamental tradeoff relationships
between communication parameters and control performance
are not trivial to derive in practice.
Reference [ 191] presents a MPC-based NCS and its imple-
mentation over wireless relay networks of IEEE 802.11 and
cooperative MAC protocol [ 209]. The proposed approach deals
with the problem from the control perspective. It basicallyemploys a MPC, an actuator state, and an adaptive IEEE
802.11 MAC to reduce unbounded packet delay and improve
the tolerance against the packet loss. Furthermore, the coop-erative MAC protocol [ 209] is used to improve the control
performance by enabling reliable and timely data transmission
under harsh wireless channel conditions.
Schedule-based Access: A novel framework for the
communication–control joint optimization is proposed encom-
passing efﬁcient abstraction of control system in the form ofstochastic MATI and MAD constraints [ 4], [83], [185]. We
should remember that MATI and MAD are deﬁned as the max-
imum allowed time interval between subsequent state vector
reports and the maximum allowed packet delay for the trans-
mission, respectively, as we have discussed in Section V. Since
such hard real-time guarantees cannot be satisﬁed by a wire-
less network with non-zero packet loss probability, stochastic
MATI is introduced with the goal of keeping the time intervalbetween subsequent state vector reports above the MATI value
with a predeﬁned probability to guarantee the stability of con-
trol systems. Further, a novel schedulability constraint in theform of forcing an adaptive upper bound on the sum of the uti-
lization of the nodes, deﬁned as the ratio of their delay to their
sampling periods, is included to guarantee the schedulabilityof transmission under variable transmission rate and sampling
period values. The objective of the optimization is to minimize
the total energy consumption of the network while guaran-teeing MATI and MAD requirements of the control system
and maximum transmit power and schedulability constraints of
the wireless communication system. The solution for the spe-ciﬁc case of M-ary quadrature amplitude modulation and EDF
scheduling is based on the reduction of the resulting mixed-
integer programming problem into an integer programming
problem based on the analysis of the optimality conditions,
and relaxation of this reduced problem [ 4]. The formulation
is also extended for any non-decreasing function of the power
consumption of the nodes as the objective, any modulation
scheme, and any scheduling algorithm in [ 83] and [ 185]. First,
an exact solution method based on the analysis of the optimal-
ity conditions and smart enumeration techniques is introduced.
Authorized licensed use limited to: Ryerson University Library. Downloaded on June 10,2025 at 17:52:11 UTC from IEEE Xplore.  Restrictions apply. 
1002 IEEE COMMUNICATIONS SURVEYS & TUTORIALS, VOL. 20, NO. 2, SECOND QUARTER 2018
Then, two polynomial-time heuristic algorithms adopting intel-
ligent search space reduction and smart searching techniquesare proposed. The energy saving has been demonstrated to
increase up to 70% for a network containing up to 40 nodes.
Reference [ 198] studies utility maximization problem sub-
ject to wireless network capacity and delay requirement of
control system. The utility function is deﬁned as the ratio of
root-mean-square of the discrete-time system to that of thecontinuous-time counterpart. This utility function has been
demonstrated to be a strictly concave function of the sampling
period and inversely proportional to tracking error induced bydiscretization, based on the assumption that the plants fol-
low the reference trajectories provided by the controllers. The
wireless network capacity is derived by adopting slotted time
transmission over a conﬂict graph, where each vertex rep-
resents a wireless link and there is an edge between twovertices if their corresponding links interfere with each other.
The sampling period is used as the multihop end-to-end delay
bound. The solution methodology is based on embedded-loopapproach. In the inner loop, a relaxed problem with ﬁxed
delay bound, independent of sampling period, is solved via
dual decomposition. The outer loop then determines optimaldelay bounds based on the sampling period as an output of
the inner loop.
Reference [ 186] proposes a mathematical framework for
modeling and analyzing multihop NCSs. The authors present
the formal syntax and semantics for the dynamics of the com-
posed system, providing an explicit translation of multihopcontrol networks to switched systems. The proposed method
jointly considers control system, network topology, routing,
resource scheduling, and communication error. The formal
models are applied to analyze the robustness of NCSs, where
data packet is exchanged through a multihop communica-tion network subject to disruptions. The authors consider two
communication models, namely, permanent error model and
transient error model, dependent on the length of the com-munication disruptions. The authors address the robustness
of the multihop NCS in the non-deterministic case by worst
case analysis of scheduling, routing, and packet losses, andin the stochastic case by the stability analysis of node fault
probability and packet loss probability.
The joint optimization of the sampling period of sen-
sors, packet forwarding policy and control law for comput-
ing actuator command is addressed in [ 67] for a multihop
WirelessHART network. The objective of the optimizationproblem is to minimize the closed-loop control cost sub-
ject to the energy and delay constraints of the nodes. The
linear quadratic cost function is used as the control costsimilar to the one in [ 197]. The solution methodology is
based on the separation of joint design problem for the ﬁxed
sampling rate: transmission scheduling for maximizing the
deadline-constrained reliability subject to a total energy budget
and optimal control under packet loss. The optimal solutionfor transmission scheduling is based on dynamic program-
ming, which allows nodes to ﬁnd their optimal forwarding
policy based on the statistics of their outgoing links in a dis-tributed fashion. The bounds on the continuous-time control
loss function are derived for optimal time-varying Kalmanﬁlter estimator and static linear feedback control law. The joint
optimal solution is then found by a one-dimensional searchover the sampling period.
Some recent researches of WNCS investigate fault detec-
tion and fault tolerant issues [ 187], [188]. Reference [ 187]
develops a design framework of fault-tolerant NCSs for indus-
trial automation applications. The framework relies on an
integrated design and parametrization of the TDMA MAC pro-tocols, the controller, and the fault diagnosis algorithms in a
multilayer system. The main objective is to determine the data
transmission of wireless networks and reduce the trafﬁc loadwhile meeting the requirements of the control and the fault
detection and identiﬁcation performance. By considering the
distributed control groups, the hierarchical WNCS conﬁgu-
ration is considered. While the lower layer tightly integrates
with sensors, actuators and microprocessors of (local) feed-back control loops and its TDMA resource, the higher layer
implements a fault-tolerant control in the context of resource
management. The TDMA MAC protocol is modeled as ascheduler, whose design and parameterization are achieved
with the development of the control and the fault detection
and identiﬁcation algorithms at the different functional layers.
In a similar way, [ 188] investigates the fault estimation
problem based on the deterministic model of the TDMA
mechanism. The discrete periodic model of control systems isintegrated with periodic information scheduling model without
packet collisions. By adopting the linearity of state equations,
the fault estimator is proposed for the periodic system modelwith arbitrary sensor inputs. The fault estimation is obtained
after solving a deterministic quadratic minimization problem
of control systems by means of recursive calculation. However,
the scheduler of the wireless network does not consider any
realistic message delays and losses.
Routing and Trafﬁc Generation Control: In [184], the
cross-layer optimized control (CLOC) protocol is proposed
for minimizing the worst-case performance loss of multiplecontrol systems. CLOC is designed for a general wireless
sensor and actuator network where both sensor–controller
and controller–actuator connections are over a multihop meshnetwork. The design approach relies on a constrained max-
min optimization problem, where the objective is to maximize
the minimum resource redundancy of the network and the con-straints are the stability of the closed-loop control systems and
the schedulability of the communication resources. The stabil-
ity condition of the control system has been formulated in theform of stochastic MATI constraint [ 111]. The optimal oper-
ation point of the protocol is automatically set in terms of the
sampling period, slot scheduling, and routing, and is achieved
by solving a linear programming problem, which adapts to
system requirements and link conditions. The performance
analysis shows that CLOC ensures control stability and fulﬁlls
communication constraints while maximizing the worst-case
system performance.
Reference [ 64] presents a case study on a wireless pro-
cess control system that integrates the control design and the
wireless routing of the WirelessHART standard. The networksupports two routing strategies, namely, single-path source
routing and multi-path graph routing. Remind that the graph
Authorized licensed use limited to: Ryerson University Library. Downloaded on June 10,2025 at 17:52:11 UTC from IEEE Xplore.  Restrictions apply. 
PARK et al. : WIRELESS NETWORK DESIGN FOR CONTROL SYSTEMS: SURVEY 1003
routing of the WirelessHART standard reduces packet loss
through path diversity at the cost of additional overhead andenergy consumption. To mitigate the effect of packet loss in
the WNCS, the control design integrates an observer based on
an extended Kalman ﬁlter with a MPC and an actuator bufferof recent control inputs. The experimental results show that
sensing and actuation can have different levels of robustness to
packet loss under this design approach. Speciﬁcally, while theplant state observer is highly effective in mitigating the effects
of packet loss from the sensors to the controller, the con-
trol performance is more sensitive to packet loss from thecontroller to the actuators despite the buffered control inputs.
Based on this observation, the paper proposes an asymmetric
routing conﬁguration for sensing and actuation (source rout-
ing for sensing and graph routing for actuation) to improve
control performance.
Reference [ 98] addresses the sampling period optimization
with the goal of minimizing overall control cost while ensur-
ing end-to-end delay constraints for a multihop WirelessHARTnetwork. The linear quadratic cost function is used as the
control performance measure, which is a function of the sam-
pling period. The optimization problem relies on the multihopproblem formulation of the end-to-end delay bound in [ 175].
Due to the difﬁculty of the resulting optimization problem, the
solution methodologies based on a subgradient method, simu-lated annealing-based penalty method, greedy heuristic method
and approximated convex optimization method are proposed.
The tradeoff between execution time and achieved control costis analyzed for these methods.
2) Event-Triggered Sampling: The communication system
design for event-triggered sampling has mostly focused on the
MAC layer. In particular, most researches focus on contention-
based access since it is suitable for these control systems dueto the unpredictability of the message generation time.
Contention-based Access: The tradeoff between the level
threshold crossings in the control system and the packetlosses in the communication system have been analyzed
in [199] and [ 201]–[206]. Reference [ 199] studies the event-
triggered control under lossy communication. The informationis generated and sent at the level crossings of the plant output.
The packet losses are assumed to have a Bernoulli distribu-
tion independent over each link. The dependence between thestochastic control criterion on the level crossings and the mes-
sage loss probability is derived for a class of integrator plants.
This allows the generation of a design guideline on the assign-ment of the levels for the optimal usage of communication
resources.
Reference [ 206] provides an extension to [ 199] by consider-
ing a multi-dimensional Markov chain model of the attempted
and successful transmissions over lossy channel. In particular,
a threshold-based event-triggering algorithm is used to trans-
mit the control command from the controller to the actuator.
By combining the communication model of the retransmis-sions with an analytical model of the closed-loop performance,
a theoretical framework is proposed to analyze the tradeoff
between the communication cost and the control performanceand it is used to adapt an event threshold. However, the
proposed Markov chain only considers the packet loss asa Bernoulli process and it does not capture the contention
between multiple nodes. On the other hand, schedule-basedaccess, in which the nodes are assigned ﬁxed time slots inde-
pendent of their message generation times, is considered as an
alternative to random access for event-triggered control [ 78].
However, this introduces extra delay between the triggering of
an event and a transmission in its assigned slot.
Reference [ 201] analyzes the event-based NCS consist-
ing of multiple linear time-invariant control systems over
a multichannel slotted ALOHA protocol. The multichannel
slotted ALOHA system is considered as the random accessmodel of the Long Term Evolution [ 217]. The authors sepa-
rate the resource allocation problem of the multichannel slotted
ALOHA system into two problems, namely, the transmission
attempt problem and the channel selection problem. Given
a time slot, each control loop decides locally whether toattempt a transmission based on some error thresholds. A local
threshold-based algorithm is used to adapt the error thresholds
based on the knowledge of the network resource. When thecontrol loop decides to transmit, then it selects one of the
available channels in uniform random fashion.
Given plant and controller dynamics, [ 202] proposes
control-aware random access policies to address the coupling
between control loops over the shared wireless channel. In
particular, the authors derive a sufﬁcient mathematical condi-tion for the random access policy of each sensor so that it
does not violate the stability criterion of other control loops.
The authors only assume the packet loss due to the interferencebetween simultaneous transmissions of the network. They pro-
pose a mathematical condition decoupling the control loops.
Based on this condition, a control-aware random access policy
is proposed by adapting to the physical plant states measured
by the sensors online. However, it is still computationallychallenging to verify the condition.
Some event-triggered sampling approaches [ 203]–[205]
use the CSMA protocol to share the network resource.
Reference [ 203] analyzes the performance of the event-based
NCSs with the CSMA protocol to access the shared network.
The authors present a Markov model that captures the jointinteractions of the event-triggering policy and a contention
resolution mechanism of CSMA. The proposed Markov model
basically extends Bianchi’s analysis of IEEE 802.11 [ 218]b y
decoupling interactions between multiple event-based systems
of the network.
Reference [ 204] investigates the event-triggered data
scheduling of multiple loop control systems communicat-
ing over a shared lossy network. The proposed error-
dependent scheduling scheme combines deterministic andprobabilistic approaches. This scheduling policy determinis-
tically blocks transmission requests with lower errors not
exceeding predeﬁned thresholds. Subsequently, the medium
access is granted to the remaining transmission requests in a
probabilistic manner. The message error is modeled as a homo-geneous Markov chain. The analytical uniform performance
bounds for the error variance is derived under the proposed
scheduling policy. Numerical results show a performanceimprovement in terms of error level with respect to the one
with periodic and random scheduling policies.
Authorized licensed use limited to: Ryerson University Library. Downloaded on June 10,2025 at 17:52:11 UTC from IEEE Xplore.  Restrictions apply. 
1004 IEEE COMMUNICATIONS SURVEYS & TUTORIALS, VOL. 20, NO. 2, SECOND QUARTER 2018
Reference [ 205] proposes a distributed adaptation algo-
rithm for an event-triggered control system, where each systemadjusts its communication parameter and control gain to meet
the global control cost. Each discrete-time stochastic linear
system is coupled by the CSMA model that allows to closeonly a limited number of feedback loops in every time instant.
The backoff intervals of CSMA are assumed to be expo-
nentially distributed with homogeneous backoff exponents.Furthermore, the data packets are discarded after the limited
number of retransmission trials. The individual cost function
is deﬁned as the linear quadratic cost function. The designobjective is to ﬁnd the optimal control laws and optimal event-
triggering threshold that minimize the control cost. The design
problem is formulated as an average cost Markov Decision
Process (MDP) problem with unknown global system param-
eters that are to be estimated during execution. Techniquesfrom distributed optimization and adaptive MDPs are used
to develop distributed self-regulating event-triggers that adapt
their request rate to accommodate a global resource constraint.In particular, the dual price mechanism forces each system to
adjust their event-triggering thresholds according to the total
transmission rate.
Self-triggered Control and Mixed Approach: Self-triggered
sampling allows to save energy consumption and reduce the
contention delay by predicting the level crossings in the future,so, explicitly scheduling the corresponding transmissions [ 63],
[78], [200], [210]. The sensor nodes are set to sleep mode until
the predicted level crossing. Reference [ 210] proposes a new
approach to ensure the stability of the controlled processes
over a shared IEEE 802.15.4 network by self-triggered con-
trol. The self-triggered sampler selects the next sampling time
as a function of current and previous measurements, measure-
ment time delay, and estimated disturbance. The superframeduration and transmission scheduling in the contention free
period of IEEE 802.15.4 are adapted to minimize the energy
consumption while meeting the deadlines. The joint selec-tion of the sampling time of processes, protocol parameters
and scheduling allows to address the tradeoff between closed-
loop system performance and network energy consumption.However, the drawback of this sampling methodology is the
lack of its robustness to uncertainties and disturbances due
to the predetermined control and communication models. Theexplicit scheduling for self-triggered sampling is, therefore,
recently extended to include additional time slots in the com-
munication schedule not assigned apriori to any nodes [ 78].
In the case of the presence of disturbance, these extra slots
are used in an event-triggered fashion. The contention-based
random access is used in these slots due to the unpredictabilityof the transmissions.
In [200], a joint optimization framework is presented, where
the objective is a function of process state, cost of the actua-
tions, and energy consumption to transmit control commands,
subject to communication constraints, limited capabilitiesof the actuators, and control requirements. While the self-
triggered control is adopted, with the controller dynamically
determining the next task execution time of the actuator,including command broadcasting and changing of action,
the sensors are assumed to perform sampling periodically.A simulated annealing based algorithm is used for online
optimization, which optimizes the sampling intervals. In addi-tion, the authors propose a mechanism for estimating and
predicting the system states, which may not be known exactly
due to packet losses and measurement noise.
Reference [ 63] proposes a joint design approach of con-
trol and adaptive sampling for multiple control loops. The
proposed method computes the optimal control signal to beapplied as well as the optimal time to wait before taking the
next sample. The basic idea is to combine the concept of the
self-triggered sampling with MPC, where the cost functionpenalizes the plant state and control effort as well as the time
interval until the next sample is taken. The latter is consid-
ered to generate an adaptive sampling scheme for the overall
system such that the sampling time increases as the system
state error goes to zero. In the multiple loop case, the authorsalso present a transmission scheduling algorithm to avoid the
conﬂicts.
Reference [ 79] proposes a mixed self-triggered sampling
and event-triggered sampling scheme to ensure the control
stability of NCSs, while improving the energy efﬁciency of
the IEEE 802.15.4 wireless networks. The basic idea of themixed approach is to combine the self-triggered sampling
and the event-triggered sampling schemes. The self-triggered
sampling scheme ﬁrst predicts the next activation time ofthe event-triggered sampler when the controller receives the
sensing information. The event-triggered sampler then begins
to monitor the predeﬁned triggering condition and com-putes the next sampling instance. Compared to the typical
event-triggered sampling, the sensor does not continuously
check the event-triggered condition, since the self-triggered
sampling component of the proposed mixed scheme esti-
mates the next sampling a priori. Furthermore, comparedwith the alone utilization of self-triggered sampling, the
conservativeness is reduced, since the event-triggered sam-
pling component extends the sampling interval. By couplingthe self-triggered and event-triggered sampling in a uni-
ﬁed framework, the proposed scheme extends the inactive
period of the wireless network and reduces the conservative-ness induced by the self-triggered sampling to guarantee the
high energy-efﬁciency while preserving the desired control
performance.
VIII. E
XPERIMENTAL TESTBEDS
In contrast to previous surveys of WSN
testbeds [ 219]–[221], we introduce some of our repre-
sentative WNCS testbeds. Existing WNCS research oftenrelies on small-scale experiments. However, they usually
suffers from limited size, and cannot capture delays and
losses of realistic large wireless networks. Several simu-
lation tools [ 222]–[224] are developed to investigate the
NCS research. Unfortunately, simulation tools for controlsystems often lack realistic models of wireless networks
that exhibit complex and stochastic behavior in real-world
environments. In this section, we describe three WNCStestbeds, namely, cyber-physical simulator and WSN testbed,
building automation testbed, and industrial process testbed.
Authorized licensed use limited to: Ryerson University Library. Downloaded on June 10,2025 at 17:52:11 UTC from IEEE Xplore.  Restrictions apply. 
PARK et al. : WIRELESS NETWORK DESIGN FOR CONTROL SYSTEMS: SURVEY 1005
A. Cyber-Physical Simulator and WSN Testbed
Wireless cyber-physical simulator (WCPS) [ 225]i s
designed to provide a realistic simulation of WNCS. WCPSemploys a federated architecture that integrates Simulink for
simulating the physical system dynamics and controllers, and
TOSSIM [ 226] for simulating wireless networks. Simulink
is commonly used by control engineers to design and study
control systems, while TOSSIM has been widely used in
the sensor network community to simulate WSNs based onrealistic wireless link models [ 227]. WCPS provides an open-
source middleware to orchestrate simulations in Simulink and
in TOSSIM. Following the software architecture in WCPS, the
sensor data generated by Simulink is fed into the WSN simu-
lated using TOSSIM. TOSSIM then returns the packet delaysand losses according to the behavior of the network, which are
then fed to the controller of Simulink. Controller commands
are then fed again into TOSSIM, which delays or drops thepackets and sends the outputs to the actuators. Furthermore,
it is also possible to use the experimental wireless traces of a
WSN testbed as inputs to the TOSSIM simulator.
The Cyber-Physical Laboratory of Washington University
in St. Louis has developed an experimental WSN testbed to
study and evaluate WSN protocols [ 228]. The system com-
prises a network manager on a server and a network protocol
stack implementation on TinyOS and TelosB nodes [ 229].
Each node is equipped with a TI MSP430 microcontroller anda TI CC2420 radio compatible with the IEEE 802.15.4 stan-
dard. Fig. 12shows the deployment of the nodes in the campus
building. The testbed consists of 79 nodes placed throughoutseveral ofﬁce areas. The testbed architecture is hierarchical
in nature, consisting of three different levels of deployment:
sensor nodes, microservers, and a desktop class host/server
machine. At the lowest tier, sensor nodes are placed through-
out the physical environment in order to take sensor readingsand/or perform actuation. They are connected to microservers
at the second tier through a USB infrastructure consisting of
USB 2.0 compliant hubs. Messages can be exchanged betweensensor nodes and microservers over this interface in both
directions. In the testbed, two nodes are connected to each
microserver, typically with one microserver per room. Theﬁnal tier includes a dedicated server that connects to all of the
microservers over an Ethernet backbone. The server machine is
used to host, among other things, a database containing infor-mation about the different sensor nodes and the microservers
they are connected to.
B. Building Automation Testbed
Heating, Ventilation and Air Conditioning (HV AC) systems
guarantee indoor air quality and thermal comfort levels in
buildings, at the price of high energy consumption [ 39]. To
reduce the energy required by HV AC systems, researchers
have been trying to efﬁciently use thermal storage capacitiesof buildings by proposing advanced estimation and control
schemes by using wireless sensor nodes. An example HV AC
testbed is currently comprised of the second ﬂoor of the elec-trical engineering building of the KTH campus and is depicted
in Fig. 13. This ﬂoor houses four laboratories, an ofﬁce room, a
Fig. 12. WSN testbed in Bryan Hall and Jolley Hall of Washington University
in St. Louis.
Fig. 13. HV AC testbed at the second ﬂoor of the Q-building at KTH. Each
of the ﬁve rooms considered contain sensors and actuators used for HV AC
control. Additional sensors are located in the corridor and outside of the
building.
lecture hall, one storage room and a boiler room. Each room
of the testbed is considered to be a thermal zone and has
a set of wireless sensors and actuators that can be individu-
ally controlled. The WSN testbed is implemented on TinyOSand TelosB nodes [ 229]. The testbed consists of 12 wireless
sensors measuring indoor and outdoor temperature, humid-
ity, CO2 concentrations, light intensity, occupancy levels, andevents like door/windows openings/closings in several rooms.
Note that the nodes are equipped with on-board humidity, tem-
perature, and light sensors, and external sensors such as CO2sensors by using an analog-to-digital converter channel on the
16-pin Telosb expansion area. Furthermore, laboratory A225
includes a people counter to measure the occupancy of thelaboratory. The collection tree protocol is used to collect the
sensor measurements through the multihop networks [ 230].
The actuators are the ﬂow valve of the heating radiator, theﬂow valve for the air conditioning system, the air vent for
fresh air ﬂow at constant temperature, and the air vent for air
exhaust to the corridor.
An overview of the testbed architecture is shown in Fig. 14.
The HV AC testbed is developed in LabVIEW and is comprised
of two separate components; the experimental application and
a database/Web server system [ 231]. The database is respon-
sible for logging the data from all HV AC components inreal-time. On the other hand, the experimental application is
developed by each user and interacts with the data-logging and
supervisory control module in the testbed server, which con-nects to the programmable logic controller. This component
allows for real-time sensing, computation, and actuation. Even
Authorized licensed use limited to: Ryerson University Library. Downloaded on June 10,2025 at 17:52:11 UTC from IEEE Xplore.  Restrictions apply. 
1006 IEEE COMMUNICATIONS SURVEYS & TUTORIALS, VOL. 20, NO. 2, SECOND QUARTER 2018
Fig. 14. HV AC system architecture. Users are able to design experiments
through a LabVIEW application and remotely connect to the HV AC testbed.Additionally, through a Web browser any user can download experimental
data from the testbed database.
though the application is developed in LabVIEW, MATLAB
code is integrated in the application through a MathScriptzone.
C. Industrial Process Testbed
The control of liquid levels in tanks and ﬂows between tanks
are basic problems in process industry [ ?]. Liquids need to be
processed by chemicals or mixed treatment in tanks, while the
levels of the tanks must be controlled and the ﬂows between
tanks must be regulated. Fig. 15depicts the experimental appa-
ratus and a diagram of the physical system used in [ 78]. The
coupled tank system consists of a pump, a water basin and two
tanks of uniform cross sections [ 232]. The system is simple,
yet representative testbed of dynamics of water tanks used inpractice. The water in the lower tank ﬂows to the water basin.
A pump is responsible for pumping water from the basin to
the upper tank, which then ﬂows to the lower tank. The holesin each of the tanks have the same diameter. The controller
regulates the level of water in the upper or lower tank. The
sensing of the water levels is performed by pressure sensorsplaced under each tank. The process control testbed is built
on multiple control systems of Quanser coupled tanks [ 233]
with a wireless network consisting of TelosB nodes. The con-trol loops are regulating two coupled tank processes, where
the tanks are collocated with the sensors and actuators and
communicate wirelessly with a controller node. A wireless
node interfaces the sensors with an analog-to-digital converter,
in order to sample the sensors for both tanks. The actuationis implemented through the digital-to-analog converter of the
wireless actuator node, connected to an ampliﬁcation circuit
that will convert the output voltage of the pump motor.
IX. O
PEN CHALLENGES AND FUTURE
RESEARCH DIRECTIONS
Although a large number of results on WSN and NCSs are
reported in the literature, there are still a number of challeng-ing problems to be solved out, some of them are presented as
follows.
Fig. 15. Coupled tank system setup and its diagram.
A. Tradeoff of Joint Design
The joint design of communication and control layers
is essential to guarantee the robustness, fault-tolerance, and
resilience of the overall WNCS. Several different approachesof WNCS design are categorized dependent on the degree of
the interaction. Increasing the interaction may improve the
control performance but at the risk of high complexity of thedesign problem and thus eventually leading to the fundamen-
tal scalability and tractability issues. Hence, it is critical to
quantify the beneﬁt of the control performance and cost ofthe complexity depending on the design approaches.
The beneﬁt of the adaptation of the design parameters
signiﬁcantly depends on the dynamics of control systems.Most researches of control and communication focus on the
design of the controller or the network protocol with certain
optimization problems for the ﬁxed sampling period. SomeNCS researches propose possible alternatives to set the sam-
pling periods based on the stability analysis [ 54], [100], [101].
However, they do not consider the fundamental tradeoff
between QoS and sampling period of wireless networks.
While the adaptive sampling period might provide controlperformance improvement, it results in the complex stabil-
ity problem of the control systems and requires the real-time
adaptation of wireless networks. Real-time adaptation of thesampling period might be needed for the fast dynamical
system. On the other hand, it may just increase the complexity
and implementation overhead for slow control systems. Hence,it is critical to quantify the beneﬁt and cost of the joint design
approach for control and communication systems.
B. Control System Requirement
Various technical approaches such as hybrid system,
Markov jump linear system, and time-delay system are usedto analyze the stability of NCSs for different network assump-
tions. The wireless network designers must carefully consider
the detailed assumptions of NCS before using their results inwireless network design. Similarly, control system designers
need to consider wireless network imperfections encompassing
both message dropout and message delay in their framework.
While some assumptions of control system design affect the
protocol operation, other assumptions may be infeasible tomeet for overall network. For instance, the protocol opera-
tion should consider the hard/soft sampling period to check
whether it is allowed to retransmit the outdated messages overthe sampling period. On the other hand, if the NCS design
requires a strict bound on the maximum allowable number of
Authorized licensed use limited to: Ryerson University Library. Downloaded on June 10,2025 at 17:52:11 UTC from IEEE Xplore.  Restrictions apply. 
PARK et al. : WIRELESS NETWORK DESIGN FOR CONTROL SYSTEMS: SURVEY 1007
consecutive packet losses, this cannot be achieved by the wire-
less system, in which the packet error probability is non-zeroat all times.
Numerical methods are mostly used to derive feasible sets
of wireless network requirements in terms of message lossprobability and delay to achieve a certain control system
performance. Even though all these feasible requirements meet
the control cost, it may give signiﬁcantly different networkcosts such as energy consumption and robustness and thus
eventually affect the overall control systems. There are two
ways to solve these problems. The ﬁrst one is to provide efﬁ-cient tools quantifying feasible sets and corresponding network
costs. Previous researches of WNCS still lack of the compar-
ison of different network requirements and their effect on the
network design and cost. The second one is to provide efﬁ-
cient abstractions of both control and communication systemsenabling the usage of non-numerical methods. For instance,
the usage of stochastic MATI and MAD constraints for the
control system in [ 4] and [ 185] enables the generation of efﬁ-
cient solution methodologies for the joint optimization of these
systems.
C. Communication System Abstraction
Efﬁcient abstractions of communication systems need to be
included to achieve the beneﬁt of joint design while reduc-
ing complexity for WNCS. Both interactive and joint design
approaches mostly focus on the usage of constant transmitpower and rate at the physical layer to simplify the problem.
However, variable transmit power and rate have already been
supported by network devices. The integration of the vari-ability of time slots with variable transmit power and rate has
been demonstrated to improve the communication energy con-
sumption signiﬁcantly [ 6], [83]. This work should be extended
to integrate power and rate variability into the WNCS design
approaches.
Bernouilli distribution has been commonly used as a packet
loss model to analyze the control stability for simplicity.
However, most wireless links are highly correlated over time
and space in practice [ 120], [121]. The time dependence
of packet loss distribution can signiﬁcantly affect the con-
trol system performance due to the effect of consecutivepacket losses on the control system performance. The packet
loss dependencies should be efﬁciently integrated into the
interactive and joint design approaches.
D. Network Lifetime
Safety-critical control systems must continuously operate
the process without any interruptions such as oil reﬁning,
chemicals, power plants, and avionics. The continuous opera-
tion requires infrequent maintenance shut-downs such as semi-
annual or annual since its effects of the downtime losses may
range from production inefﬁciency and equipment destructionto irreparable ﬁnancial and environmental damages. On the
other hand, energy constraints are widely regarded as a fun-
damental limitation of wireless devices. The limited lifetimedue to the battery constraint is particularly challenging for
WNCS, because the sensors/actuators are attached to the mainphysical process or equipment. In fact, the battery replacement
may require the maintenance shut-downs since it may be notpossible to replace while the control process is operating.
Recently, two major technologies of energy harvesting and
wireless power transfer have emerged as a promising tech-nology to address lifetime bottlenecks of wireless networks.
Some of these solutions are also commercially available and
deployed such as ABB WISA [ 17] based on the wireless power
transfer for the industrial automation and EnOcean [ 234] based
on the energy harvesting for the building automation. WNCS
using these energy efﬁcient technologies encounters new chal-lenges at all layers of the network design as well as the overall
joint design approach. In particular, the joint design approach
must balance the control cost and the network lifetime while
considering the additional constraint on the arrival of energy
harvesting. The timing and amount of energy harvesting maybe random for the generation of energy from natural sources
such as solar, vibration, or controlled for the RF, inductive and
magnetic resonant coupling.
E. Ultra-Reliable Ultra-Low Latency Communication
Recently, machine-type communication with ultra-reliable
and ultra-low latency requirements has attracted much interest
in the research community due to many control related applica-tions in industrial automation, autonomous driving, healthcare,
and virtual and augmented reality [ 235]–[237]. In particular,
the Tactile Internet requires the extremely low latency in com-bination with high availability, reliability and security of the
network to deliver the real-time control and physical sensing
information remotely [ 3].
Diversity techniques, which have been previously proposed
to maximize total data rate of the users, are now being adaptedto achieve reliability corresponding to packet error probability
on the order of 10
−9within latency down to a millisecond
or less. The ultra-low latency requirement may prohibit thesole usage of time diversity in the form of automatic-repeat-
request (ARQ), where the transmitter resends the packet in
the case of packet losses, or hybrid ARQ, where the trans-mitter sends incremental redundancy rather than the whole
packet assuming the processing of all the information avail-
able at the receiver. Therefore, [ 238]–[241] have investigated
the usage of space diversity in the form of multiple antennas
at the transmitter and receiver, and transmission from multiple
base stations to the user over one-hop cellular networks. Theseschemes, however, mostly focus on the reliability of a single
user [ 238], [241], multiple users in a multi-cell interference
scenario [ 239], or multiple users to meet a single deadline
for all nodes [ 240]. [242] extended these works to consider
the separate packet generation times and individual packet
transmission deadlines of multiple users in the high reliability
communication.
The previous work on WNCS only investigated the time
and path diversity to achieve very high reliability and very low
latency communication requirements of corresponding appli-
cations, as explained in detailed above. The time diversitymechanisms either adopt efﬁcient retransmission mechanisms
to minimize the number of bits in the retransmissions at
Authorized licensed use limited to: Ryerson University Library. Downloaded on June 10,2025 at 17:52:11 UTC from IEEE Xplore.  Restrictions apply.","[-0.0467778779566288, -0.01759091205894947, -0.10705121606588364, 0.02530694380402565, 0.05453679710626602, 0.05617168918251991, 0.02283511869609356, 0.08057758212089539, 0.03258337825536728, 0.09654951840639114, 0.016128428280353546, 0.007822487503290176, 0.031386591494083405, -0.05747194215655327, -0.032652225345373154, 0.011361711658537388, 0.08462591469287872, -0.12273875623941422, -0.036633819341659546, -0.020947003737092018, 0.046373505145311356, 0.006057890597730875, 0.058683451265096664, -0.03339914232492447, 0.012964343652129173, -0.043625086545944214, -0.028813159093260765, -0.0005442114779725671, -0.05855419114232063, 0.05079305171966553, -0.03855559229850769, -0.04369817674160004, 0.016654590144753456, -0.09872492402791977, -0.04671012982726097, -0.005366061348468065, 0.05623570829629898, -0.009831863455474377, 0.03077944926917553, -0.02913416363298893, -0.030400898307561874, -0.03716152906417847, -0.02303159423172474, 0.10706819593906403, -0.04848836734890938, 0.015345314517617226, 0.01702672615647316, 0.09535188227891922, 0.02475016750395298, -0.028007453307509422, 0.04372620955109596, -0.04577226564288139, 0.03859985992312431, 0.0004380043828859925, 0.07218944281339645, -0.01765880361199379, -0.07014505565166473, 0.05784596875309944, 0.011393396183848381, 0.006386284250766039, 0.05389830470085144, -0.013216164894402027, 0.00044051706208847463, -0.0331382192671299, -0.07287395745515823, -0.018645642325282097, 0.0058031450025737286, 0.04040117189288139, 0.018833843991160393, -0.022488020360469818, -0.01568482257425785, -0.016883092001080513, -0.0004904984380118549, 0.01755751483142376, 0.0465102344751358, 0.05534342676401138, -0.007212547119706869, -0.032699476927518845, -0.07324127107858658, -0.04280649870634079, 0.113499216735363, 0.08847430348396301, -0.01528745424002409, -0.00603411765769124, -0.016421327367424965, -0.07222943007946014, -0.06238730996847153, 0.0240597203373909, 0.07331633567810059, 0.010959181003272533, -0.03413471207022667, -0.027711309492588043, -0.038176361471414566, 0.053678397089242935, 0.05948670953512192, -0.025009064003825188, 0.02874283865094185, -0.0017298198072239757, -0.023525480180978775, 0.05644962191581726, 0.03180479630827904, -0.05802960693836212, 0.02157813310623169, -0.0690772533416748, -0.0005578486598096788, -0.011304078623652458, 0.011065032333135605, 0.03248836472630501, -0.031990401446819305, -0.00022861847537569702, -0.011233543045818806, -0.03528217226266861, -0.040474772453308105, 0.008871260099112988, -0.009807638823986053, -0.0006638784543611109, 0.015855783596634865, 0.012754815630614758, 0.058404259383678436, 0.02013232558965683, -0.05887191742658615, -0.04320945590734482, 0.06656695902347565, -0.024193113669753075, 0.11826355755329132, 0.0475364550948143, 0.0588567741215229, 3.392527022325016e-33, -0.08919437974691391, 0.03959553688764572, -0.13236580789089203, 0.04950792342424393, 0.048689622431993484, 0.03678769990801811, 0.04659397527575493, 0.00755626754835248, -0.06370954215526581, -0.011865436099469662, -0.01006979402154684, -0.055728379637002945, -0.045382846146821976, -0.05705676227807999, 0.03211556747555733, -0.07415936887264252, 0.04595225676894188, -0.02524280548095703, -0.036160584539175034, 0.010241221636533737, 0.04545830935239792, -0.08749980479478836, -0.011920553632080555, -0.011448035947978497, 0.06990205496549606, -0.042676299810409546, -0.034290339797735214, -0.00011245317728025839, 0.03042331337928772, 0.022850722074508667, -0.04310733824968338, 0.013485288247466087, 0.025136403739452362, 0.008814194239675999, -0.05081747844815254, -0.008781102485954762, -0.016392173245549202, -0.07439236342906952, -0.016545437276363373, -0.07133857905864716, 0.026014165952801704, -0.033388543874025345, -0.030573291704058647, 0.020332222804427147, -0.02120674028992653, -0.05720943957567215, 0.021758321672677994, 0.0825243890285492, -0.026257017627358437, 0.012241932563483715, -0.012612273916602135, 0.016963806003332138, 0.03206942230463028, 0.04208788648247719, 0.08604615181684494, -0.05027417093515396, 0.01678512804210186, -0.013256595470011234, 0.0020022946409881115, 0.12424948066473007, -0.1273987889289856, 0.035805895924568176, -0.014900322072207928, -0.06829345971345901, 0.08929426223039627, -0.00018464840832166374, -0.09581147879362106, 0.012057683430612087, 0.029265761375427246, 0.007379026152193546, 0.021595686674118042, -0.06630431115627289, 0.017149709165096283, 0.027624092996120453, 0.046722956001758575, 0.008022257126867771, -0.012113597244024277, 0.050529129803180695, -0.06972003728151321, 0.04648834466934204, -0.04858902469277382, 0.06637553870677948, -0.08648794889450073, 0.061338577419519424, 0.04691923037171364, -0.023459304124116898, -0.003950376529246569, 0.012757811695337296, -0.08594910055398941, 0.04399861767888069, 0.0004320713924244046, 0.08379162102937698, 0.014237637631595135, 0.04111625254154205, -0.036572206765413284, -2.416742549551712e-33, -0.0438266396522522, 0.015810031443834305, -0.035863664001226425, 0.028153657913208008, 0.008543300442397594, -0.04086335375905037, -0.0887441635131836, -0.08948033303022385, 0.019694579765200615, -0.015229819342494011, -0.0008291173726320267, -0.12088882178068161, -0.03682709485292435, -0.0023150548804551363, 0.02035684697329998, -0.032263826578855515, 0.019955161958932877, -0.0954681932926178, 0.04774942249059677, -0.0037242139223963022, 0.05876117944717407, 0.06514021009206772, -0.08214111626148224, -0.06284299492835999, 0.004364250227808952, -0.005233887117356062, 0.0008183557074517012, 0.08149552345275879, 0.022938989102840424, 0.08308147639036179, -0.0801382064819336, -0.036726366728544235, 0.03283732384443283, 0.0015866173198446631, 0.10797712951898575, 0.0265430249273777, 0.10762899369001389, 0.01699160970747471, -0.10879489034414291, -0.008129486814141273, 0.17079497873783112, -0.05346882343292236, -0.10517560690641403, 0.018666516989469528, 0.028872482478618622, -0.0023280044551938772, -0.07415757328271866, 0.0027164181228727102, -0.11569373309612274, 0.018882300704717636, 0.018268434330821037, -0.06340949982404709, -0.013734936714172363, 0.04438218101859093, 0.06536166369915009, -0.01683318242430687, 0.034361887723207474, 0.0903259664773941, 0.02797180972993374, 0.03694913163781166, 0.08004188537597656, -0.08413645625114441, -0.036111246794462204, 0.08235874027013779, 0.12206574529409409, -0.02217293716967106, 0.05484656244516373, 0.04006388038396835, 0.0363389328122139, 0.07179844379425049, 0.04312155023217201, 0.023805849254131317, 0.04330558329820633, -0.055654287338256836, 0.019578900188207626, 0.02285303920507431, 0.09232550859451294, 0.03965657949447632, 0.00432872399687767, -0.02083759754896164, -0.005585793871432543, 0.09322476387023926, -0.0250015240162611, 0.03566955029964447, 0.0017158655682578683, 0.028476784005761147, -0.04426458850502968, 0.05147472769021988, 0.006643777247518301, 0.03518541157245636, 0.0025436764117330313, -0.024554265663027763, 0.04164499789476395, 0.0174412801861763, -0.01407749205827713, -5.379298073648897e-08, -0.1046631783246994, 0.09971526265144348, -0.00875934399664402, -0.043017495423555374, -0.007455980870872736, 5.687299562850967e-05, 0.06241229176521301, -0.1470385044813156, 0.0037214888725429773, 0.0938122346997261, 0.06325655430555344, -0.03566282242536545, 0.05408972501754761, -0.07967991381883621, -0.02211814746260643, -0.0308680422604084, -0.014980674721300602, -0.007888264022767544, 0.03667428344488144, 0.015305960550904274, 0.036157555878162384, 0.006806108169257641, -0.023530444130301476, 0.05517520383000374, 0.03139829263091087, -0.04288306459784508, 0.03759349510073662, 0.024884164333343506, -0.01629888452589512, 0.013962168246507645, -0.07162858545780182, -0.009707339107990265, 0.04568309336900711, 0.1339706927537918, 0.019209207966923714, -0.0268512312322855, -0.09215396642684937, -0.01787058264017105, -0.01645088754594326, 0.030764339491724968, -0.007529557216912508, 0.01061392854899168, -0.08826041966676712, -0.03470573574304581, -0.004117026459425688, -0.01650887541472912, -0.034762922674417496, 0.028094017878174782, -0.013519668020308018, -0.018053492531180382, -0.01408917922526598, 0.02237013168632984, 0.005739396438002586, 0.03058902733027935, -0.026339909061789513, 0.013357160612940788, 0.06680542230606079, -0.041220035403966904, 0.03891625627875328, 0.02854594960808754, -0.1170620545744896, 0.10547033697366714, -0.1059037521481514, -0.0035841180942952633]"
